#pragma once

#include <Arduino.h>

const uint16_t huawei_logo_frames[6][14400] PROGMEM = {
  {
    0x0924, 0x0924, 0x0924, 0x0924, 0x0924, 0x0924, 0x0924, 0x0924, 0x0924, 0x0924, 0x0924, 0x0924, 
    0x0924, 0x0924, 0x0924, 0x0924, 0x0924, 0x0924, 0x0924, 0x0924, 0x0924, 0x0924, 0x0924, 0x0924, 
    0x0924, 0x0924, 0x0924, 0x0924, 0x0924, 0x0924, 0x0924, 0x0924, 0x0924, 0x0924, 0x0924, 0x0924, 
    0x0924, 0x0924, 0x0924, 0x0924, 0x0924, 0x0924, 0x0924, 0x0924, 0x0924, 0x0924, 0x0924, 0x0924, 
    0x0924, 0x0924, 0x0924, 0x0924, 0x0924, 0x0924, 0x0924, 0x0924, 0x0924, 0x0924, 0x0924, 0x0924, 
    0x0924, 0x0924, 0x0924, 0x0924, 0x0924, 0x0924, 0x0924, 0x0924, 0x0924, 0x0924, 0x0924, 0x0924, 
    0x0924, 0x0924, 0x0924, 0x0924, 0x0924, 0x0924, 0x0924, 0x0924, 0x0924, 0x0924, 0x0924, 0x0924, 
    0x0924, 0x0924, 0x0924, 0x0924, 0x0924, 0x0924, 0x0924, 0x0924, 0x0924, 0x0924, 0x0924, 0x0924, 
    0x0924, 0x0924, 0x0924, 0x0924, 0x0924, 0x0924, 0x0924, 0x0924, 0x0924, 0x0924, 0x0924, 0x0924, 
    0x0924, 0x0924, 0x0924, 0x0924, 0x0924, 0x0924, 0x0924, 0x0924, 0x0924, 0x0924, 0x0924, 0x0924, 
    0x0924, 0x0924, 0x0924, 0x0924, 0x0924, 0x0924, 0x0924, 0x0924, 0x0924, 0x0924, 0x0924, 0x0924, 
    0x0924, 0x0924, 0x0924, 0x0924, 0x0924, 0x0924, 0x0924, 0x0924, 0x0924, 0x0924, 0x0924, 0x0924, 
    0x0924, 0x0924, 0x0924, 0x0924, 0x0924, 0x0924, 0x0924, 0x0924, 0x0924, 0x0924, 0x0924, 0x0924, 
    0x0924, 0x0924, 0x0924, 0x0924, 0x0924, 0x0924, 0x0924, 0x0924, 0x0924, 0x0924, 0x0924, 0x0924, 
    0x0924, 0x0924, 0x0924, 0x0924, 0x0924, 0x0924, 0x0924, 0x0924, 0x0924, 0x0924, 0x0924, 0x0924, 
    0x0924, 0x0924, 0x0924, 0x0924, 0x0924, 0x0924, 0x0924, 0x0924, 0x0924, 0x0924, 0x0924, 0x0924, 
    0x0924, 0x0924, 0x0924, 0x0924, 0x0924, 0x0924, 0x0924, 0x0924, 0x0924, 0x0924, 0x0924, 0x0924, 
    0x0924, 0x0924, 0x0924, 0x0924, 0x0924, 0x0924, 0x0924, 0x0924, 0x0924, 0x0924, 0x0924, 0x0924, 
    0x0924, 0x0924, 0x0924, 0x0924, 0x0924, 0x0924, 0x0924, 0x0924, 0x0924, 0x0924, 0x0924, 0x0924, 
    0x0924, 0x0924, 0x0924, 0x0924, 0x0924, 0x0924, 0x0924, 0x0924, 0x0924, 0x0924, 0x0924, 0x0924, 
    0x0924, 0x0924, 0x0924, 0x0924, 0x0924, 0x0924, 0x0924, 0x0924, 0x0924, 0x0924, 0x0924, 0x0924, 
    0x0924, 0x0924, 0x0924, 0x0924, 0x0924, 0x0924, 0x0924, 0x0924, 0x0924, 0x0924, 0x0924, 0x0924, 
    0x0924, 0x0924, 0x0924, 0x0924, 0x0924, 0x0924, 0x0924, 0x0924, 0x0924, 0x0924, 0x0924, 0x0924, 
    0x0924, 0x0924, 0x0924, 0x0924, 0x0924, 0x0924, 0x0924, 0x0924, 0x0924, 0x0924, 0x0924, 0x0924, 
    0x0924, 0x0924, 0x0924, 0x0924, 0x0924, 0x0924, 0x0924, 0x0924, 0x0924, 0x0924, 0x0924, 0x0924, 
    0x0924, 0x0924, 0x0924, 0x0924, 0x0924, 0x0924, 0x0924, 0x0924, 0x0924, 0x0924, 0x0924, 0x0924, 
    0x0924, 0x0924, 0x0924, 0x0924, 0x0924, 0x0924, 0x0924, 0x0924, 0x0924, 0x0924, 0x0924, 0x0924, 
    0x0924, 0x0924, 0x0924, 0x0924, 0x0924, 0x0924, 0x0924, 0x0924, 0x0924, 0x0924, 0x0924, 0x0924, 
    0x0924, 0x0924, 0x0924, 0x0924, 0x0924, 0x0924, 0x0924, 0x0924, 0x0924, 0x0924, 0x0924, 0x0924, 
    0x0924, 0x0924, 0x0924, 0x0924, 0x0924, 0x0924, 0x0924, 0x0924, 0x0924, 0x0924, 0x0924, 0x0924, 
    0x0924, 0x0924, 0x0924, 0x0924, 0x0924, 0x0924, 0x0924, 0x0924, 0x0924, 0x0924, 0x0924, 0x0924, 
    0x0924, 0x0924, 0x0924, 0x0924, 0x0924, 0x0924, 0x0924, 0x0924, 0x0924, 0x0924, 0x0924, 0x0924, 
    0x0924, 0x0924, 0x0924, 0x0924, 0x0924, 0x0924, 0x0924, 0x0924, 0x0924, 0x0924, 0x0924, 0x0924, 
    0x0924, 0x0924, 0x0924, 0x0924, 0x0924, 0x0924, 0x0924, 0x0924, 0x0924, 0x0924, 0x0924, 0x0924, 
    0x0924, 0x0924, 0x0924, 0x0924, 0x0924, 0x0924, 0x0924, 0x0924, 0x0924, 0x0924, 0x0924, 0x0924, 
    0x0924, 0x0924, 0x0924, 0x0924, 0x0924, 0x0924, 0x0924, 0x0924, 0x0924, 0x0924, 0x0924, 0x0924, 
    0x0924, 0x0924, 0x0924, 0x0924, 0x0924, 0x0924, 0x0924, 0x0924, 0x0924, 0x0924, 0x0924, 0x0924, 
    0x0924, 0x0924, 0x0924, 0x0924, 0x0924, 0x0924, 0x0924, 0x0924, 0x0924, 0x0924, 0x0924, 0x0924, 
    0x0924, 0x0924, 0x0924, 0x0924, 0x0924, 0x0924, 0x0924, 0x0924, 0x0924, 0x0924, 0x0924, 0x0924, 
    0x0924, 0x0924, 0x0924, 0x0924, 0x0924, 0x0924, 0x0924, 0x0924, 0x0924, 0x0924, 0x0924, 0x0924, 
    0x0924, 0x0924, 0x0924, 0x0924, 0x0924, 0x0924, 0x0924, 0x0924, 0x0924, 0x0924, 0x0924, 0x0924, 
    0x0924, 0x0924, 0x0924, 0x0924, 0x0924, 0x0924, 0x0924, 0x0924, 0x0924, 0x0924, 0x0924, 0x0924, 
    0x0924, 0x0924, 0x0924, 0x0924, 0x0924, 0x0924, 0x0924, 0x0924, 0x0924, 0x0924, 0x0924, 0x0924, 
    0x0924, 0x0924, 0x0924, 0x0924, 0x0924, 0x0924, 0x0924, 0x0924, 0x0924, 0x0924, 0x0924, 0x0924, 
    0x0924, 0x0924, 0x0924, 0x0924, 0x0924, 0x0924, 0x0924, 0x0924, 0x0924, 0x0924, 0x0924, 0x0924, 
    0x0924, 0x0924, 0x0924, 0x0924, 0x0924, 0x0924, 0x0924, 0x0924, 0x0924, 0x0924, 0x0924, 0x0924, 
    0x0924, 0x0924, 0x0924, 0x0924, 0x0924, 0x0924, 0x0924, 0x0924, 0x0924, 0x0924, 0x0924, 0x0924, 
    0x0924, 0x0924, 0x0924, 0x0924, 0x0924, 0x0924, 0x0924, 0x0924, 0x0924, 0x0924, 0x0924, 0x0924, 
    0x0924, 0x0924, 0x0924, 0x0924, 0x0924, 0x0924, 0x0924, 0x0924, 0x0924, 0x0924, 0x0924, 0x0924, 
    0x0924, 0x0924, 0x0924, 0x0924, 0x0924, 0x0924, 0x0924, 0x0924, 0x0924, 0x0924, 0x0924, 0x0924, 
    0x0924, 0x0924, 0x0924, 0x0924, 0x0924, 0x0924, 0x0924, 0x0924, 0x0924, 0x0924, 0x0924, 0x0924, 
    0x0924, 0x0924, 0x0924, 0x0924, 0x0924, 0x0924, 0x0924, 0x0924, 0x0924, 0x0924, 0x0924, 0x0924, 
    0x0924, 0x0924, 0x0924, 0x0924, 0x0924, 0x0924, 0x0924, 0x0924, 0x0924, 0x0924, 0x0924, 0x0924, 
    0x0924, 0x0924, 0x0924, 0x0924, 0x0924, 0x0924, 0x0924, 0x0924, 0x0924, 0x0924, 0x0924, 0x0924, 
    0x0924, 0x0924, 0x0924, 0x0924, 0x0924, 0x0924, 0x0924, 0x0924, 0x0924, 0x0924, 0x0924, 0x0924, 
    0x0924, 0x0924, 0x0924, 0x0924, 0x0924, 0x0924, 0x0924, 0x0924, 0x0924, 0x0924, 0x0924, 0x0924, 
    0x0924, 0x0924, 0x0924, 0x0924, 0x0924, 0x0924, 0x0924, 0x0924, 0x0924, 0x0924, 0x0924, 0x0924, 
    0x0924, 0x0924, 0x0924, 0x0924, 0x0924, 0x0924, 0x0924, 0x0924, 0x0924, 0x0924, 0x0924, 0x0924, 
    0x0924, 0x0924, 0x0924, 0x0924, 0x0924, 0x0924, 0x0924, 0x0924, 0x0924, 0x0924, 0x0924, 0x0924, 
    0x0924, 0x0924, 0x0924, 0x0924, 0x0924, 0x0924, 0x0924, 0x0924, 0x0924, 0x0924, 0x0924, 0x0924, 
    0x0924, 0x0924, 0x0924, 0x0924, 0x0924, 0x0924, 0x0924, 0x0924, 0x0924, 0x0924, 0x0924, 0x0924, 
    0x0924, 0x0924, 0x0924, 0x0924, 0x0924, 0x0924, 0x0924, 0x0924, 0x0924, 0x0924, 0x0924, 0x0924, 
    0x0924, 0x0924, 0x0924, 0x0924, 0x0924, 0x0924, 0x0924, 0x0924, 0x0924, 0x0924, 0x0924, 0x0924, 
    0x0924, 0x0924, 0x0924, 0x0924, 0x0924, 0x0924, 0x0924, 0x0924, 0x0924, 0x0924, 0x0924, 0x0924, 
    0x0924, 0x0924, 0x0924, 0x0924, 0x0924, 0x0924, 0x0924, 0x0924, 0x0924, 0x0924, 0x0924, 0x0924, 
    0x0924, 0x0924, 0x0924, 0x0924, 0x0924, 0x0924, 0x0924, 0x0924, 0x0924, 0x0924, 0x0924, 0x0924, 
    0x0924, 0x0924, 0x0924, 0x0924, 0x0924, 0x0924, 0x0924, 0x0924, 0x0924, 0x0924, 0x0924, 0x0924, 
    0x0924, 0x0924, 0x0924, 0x0924, 0x0924, 0x0924, 0x0924, 0x0924, 0x0924, 0x0924, 0x0924, 0x0924, 
    0x0924, 0x0924, 0x0924, 0x0924, 0x0924, 0x0924, 0x0924, 0x0924, 0x0924, 0x0924, 0x0924, 0x0924, 
    0x0924, 0x0924, 0x0924, 0x0924, 0x0924, 0x0924, 0x0924, 0x0924, 0x0924, 0x0924, 0x0924, 0x0924, 
    0x0924, 0x0924, 0x0924, 0x0924, 0x0924, 0x0924, 0x0924, 0x0924, 0x0924, 0x0924, 0x0924, 0x0924, 
    0x0924, 0x0924, 0x0924, 0x0924, 0x0924, 0x0924, 0x0924, 0x0924, 0x0924, 0x0924, 0x0924, 0x0924, 
    0x0924, 0x0924, 0x0924, 0x0924, 0x0924, 0x0924, 0x0924, 0x0924, 0x0924, 0x0924, 0x0924, 0x0924, 
    0x0924, 0x0924, 0x0924, 0x0924, 0x0924, 0x0924, 0x0924, 0x0924, 0x0924, 0x0924, 0x0924, 0x0924, 
    0x0924, 0x0924, 0x0924, 0x0924, 0x0924, 0x0924, 0x0924, 0x0924, 0x0924, 0x0924, 0x0924, 0x0924, 
    0x0924, 0x0924, 0x0924, 0x0924, 0x0924, 0x0924, 0x0924, 0x0924, 0x0924, 0x0924, 0x0924, 0x0924, 
    0x0924, 0x0924, 0x0924, 0x0924, 0x0924, 0x0924, 0x0924, 0x0924, 0x0924, 0x0924, 0x0924, 0x0924, 
    0x0924, 0x0924, 0x0924, 0x0924, 0x0924, 0x0924, 0x0924, 0x0924, 0x0924, 0x0924, 0x0924, 0x0924, 
    0x0924, 0x0924, 0x0924, 0x0924, 0x0924, 0x0924, 0x0924, 0x0924, 0x0924, 0x0924, 0x0924, 0x0924, 
    0x0924, 0x0924, 0x0924, 0x0924, 0x0924, 0x0924, 0x0924, 0x0924, 0x0924, 0x0924, 0x0924, 0x0924, 
    0x0924, 0x0924, 0x0924, 0x0924, 0x0924, 0x0924, 0x0924, 0x0924, 0x0924, 0x0924, 0x0924, 0x0924, 
    0x0924, 0x0924, 0x0924, 0x0924, 0x0924, 0x0924, 0x0924, 0x0924, 0x0924, 0x0924, 0x0924, 0x0924, 
    0x0924, 0x0924, 0x0924, 0x0924, 0x0924, 0x0924, 0x0924, 0x0924, 0x0924, 0x0924, 0x0924, 0x0924, 
    0x0924, 0x0924, 0x0924, 0x0924, 0x0924, 0x0924, 0x0924, 0x0924, 0x0924, 0x0924, 0x0924, 0x0924, 
    0x0924, 0x0924, 0x0924, 0x0924, 0x0924, 0x0924, 0x0924, 0x0924, 0x0924, 0x0924, 0x0924, 0x0924, 
    0x0924, 0x0924, 0x0924, 0x0924, 0x0924, 0x0924, 0x0924, 0x0924, 0x0924, 0x0924, 0x0924, 0x0924, 
    0x0924, 0x0924, 0x0924, 0x0924, 0x0924, 0x0924, 0x0924, 0x0924, 0x0924, 0x0924, 0x0924, 0x0924, 
    0x0924, 0x0924, 0x0924, 0x0924, 0x0924, 0x0924, 0x0924, 0x0924, 0x0924, 0x0924, 0x0924, 0x0924, 
    0x0924, 0x0924, 0x0924, 0x0924, 0x0924, 0x0924, 0x0924, 0x0924, 0x0924, 0x0924, 0x0924, 0x0924, 
    0x0924, 0x0924, 0x0924, 0x0924, 0x0924, 0x0924, 0x0924, 0x0924, 0x0924, 0x0924, 0x0924, 0x0924, 
    0x0924, 0x0924, 0x0924, 0x0924, 0x0924, 0x0924, 0x0924, 0x0924, 0x0924, 0x0924, 0x0924, 0x0924, 
    0x0924, 0x0924, 0x0924, 0x0924, 0x0924, 0x0924, 0x0924, 0x0924, 0x0924, 0x0924, 0x0924, 0x0924, 
    0x0924, 0x0924, 0x0924, 0x0924, 0x0924, 0x0924, 0x0924, 0x0924, 0x0924, 0x0924, 0x0924, 0x0924, 
    0x0924, 0x0924, 0x0924, 0x0924, 0x0924, 0x0924, 0x0924, 0x0924, 0x0924, 0x0924, 0x0924, 0x0924, 
    0x0924, 0x0924, 0x0924, 0x0924, 0x0924, 0x0924, 0x0924, 0x0924, 0x0924, 0x0924, 0x0924, 0x0924, 
    0x0924, 0x0924, 0x0924, 0x0924, 0x0924, 0x0924, 0x0924, 0x0924, 0x0924, 0x0924, 0x0924, 0x0924, 
    0x0924, 0x0924, 0x0924, 0x0924, 0x0924, 0x0924, 0x0924, 0x0924, 0x0924, 0x0924, 0x0924, 0x0924, 
    0x0924, 0x0924, 0x0924, 0x0924, 0x0924, 0x0924, 0x0924, 0x0924, 0x0924, 0x0924, 0x0924, 0x0924, 
    0x0924, 0x0924, 0x0924, 0x0924, 0x0924, 0x0924, 0x0924, 0x0924, 0x0924, 0x0924, 0x0924, 0x0924, 
    0x0924, 0x0924, 0x0924, 0x0924, 0x0924, 0x0924, 0x0924, 0x0924, 0x0924, 0x0924, 0x0924, 0x0924, 
    0x0924, 0x0924, 0x0924, 0x0924, 0x0924, 0x0924, 0x0924, 0x0924, 0x0924, 0x0924, 0x0924, 0x0924, 
    0x0924, 0x0924, 0x0924, 0x0924, 0x0924, 0x0924, 0x0924, 0x0924, 0x0924, 0x0924, 0x0924, 0x0924, 
    0x0924, 0x0924, 0x0924, 0x0924, 0x0924, 0x0924, 0x0924, 0x0924, 0x0924, 0x0924, 0x0924, 0x0924, 
    0x0924, 0x0924, 0x0924, 0x0924, 0x0924, 0x0924, 0x0924, 0x0924, 0x0924, 0x0924, 0x0924, 0x0924, 
    0x0924, 0x0924, 0x0924, 0x0924, 0x0924, 0x0924, 0x0924, 0x0924, 0x0924, 0x0924, 0x0924, 0x0924, 
    0x0924, 0x0924, 0x0924, 0x0924, 0x0924, 0x0924, 0x0924, 0x0924, 0x0924, 0x0924, 0x0924, 0x0924, 
    0x0924, 0x0924, 0x0924, 0x0924, 0x0924, 0x0924, 0x0924, 0x0924, 0x0924, 0x0924, 0x0924, 0x0924, 
    0x0924, 0x0924, 0x0924, 0x0924, 0x0924, 0x0924, 0x0924, 0x0924, 0x0924, 0x0924, 0x0924, 0x0924, 
    0x0924, 0x0924, 0x0924, 0x0924, 0x0924, 0x0924, 0x0924, 0x0924, 0x0924, 0x0924, 0x0924, 0x0924, 
    0x0924, 0x0924, 0x0924, 0x0924, 0x0924, 0x0924, 0x0924, 0x0924, 0x0924, 0x0924, 0x0924, 0x0924, 
    0x0924, 0x0924, 0x0924, 0x0924, 0x0924, 0x0924, 0x0924, 0x0924, 0x0924, 0x0924, 0x0924, 0x0924, 
    0x0924, 0x0924, 0x0924, 0x0924, 0x0924, 0x0924, 0x0924, 0x0924, 0x0924, 0x0924, 0x0924, 0x0924, 
    0x0924, 0x0924, 0x0924, 0x0924, 0x0924, 0x0924, 0x0924, 0x0924, 0x0924, 0x0924, 0x0924, 0x0924, 
    0x0924, 0x0924, 0x0924, 0x0924, 0x0924, 0x0924, 0x0924, 0x0924, 0x0924, 0x0924, 0x0924, 0x0924, 
    0x0924, 0x0924, 0x0924, 0x0924, 0x0924, 0x0924, 0x0924, 0x0924, 0x0924, 0x0924, 0x0924, 0x0924, 
    0x0924, 0x0924, 0x0924, 0x0924, 0x0924, 0x0924, 0x0924, 0x0924, 0x0924, 0x0924, 0x0924, 0x0924, 
    0x0924, 0x0924, 0x0924, 0x0924, 0x0924, 0x0924, 0x0924, 0x0924, 0x0924, 0x0924, 0x0924, 0x0924, 
    0x0924, 0x0924, 0x0924, 0x0924, 0x0924, 0x0924, 0x0924, 0x0924, 0x0924, 0x0924, 0x0924, 0x0924, 
    0x0924, 0x0924, 0x0924, 0x0924, 0x0924, 0x0924, 0x0924, 0x0924, 0x0924, 0x0924, 0x0924, 0x0924, 
    0x0924, 0x0924, 0x0924, 0x0924, 0x0924, 0x0924, 0x0924, 0x0924, 0x0924, 0x0924, 0x0924, 0x0924, 
    0x0924, 0x0924, 0x0924, 0x0924, 0x0924, 0x0924, 0x0924, 0x0924, 0x0924, 0x0924, 0x0924, 0x0924, 
    0x0924, 0x0924, 0x0924, 0x0924, 0x0924, 0x0924, 0x0924, 0x0924, 0x0924, 0x0924, 0x0924, 0x0924, 
    0x0924, 0x0924, 0x0924, 0x0924, 0x0924, 0x0924, 0x0924, 0x0924, 0x0924, 0x0924, 0x0924, 0x0924, 
    0x0924, 0x0924, 0x0924, 0x0924, 0x0924, 0x0924, 0x0924, 0x0924, 0x0924, 0x0924, 0x0924, 0x0924, 
    0x0924, 0x0924, 0x0924, 0x0924, 0x0924, 0x0924, 0x0924, 0x0924, 0x0924, 0x0924, 0x0924, 0x0924, 
    0x0924, 0x0924, 0x0924, 0x0924, 0x0924, 0x0924, 0x0924, 0x0924, 0x0924, 0x0924, 0x0924, 0x0924, 
    0x0924, 0x0924, 0x0924, 0x0924, 0x0924, 0x0924, 0x0924, 0x0924, 0x0924, 0x0924, 0x0924, 0x0924, 
    0x0924, 0x0924, 0x0924, 0x0924, 0x0924, 0x0924, 0x0924, 0x0924, 0x0924, 0x0924, 0x0924, 0x0924, 
    0x0924, 0x0924, 0x0924, 0x0924, 0x0924, 0x0924, 0x0924, 0x0924, 0x0924, 0x0924, 0x0924, 0x0924, 
    0x0924, 0x0924, 0x0924, 0x0924, 0x0924, 0x0924, 0x0924, 0x0924, 0x0924, 0x0924, 0x0924, 0x0924, 
    0x0924, 0x0924, 0x0924, 0x0924, 0x0924, 0x0924, 0x0924, 0x0924, 0x0924, 0x0924, 0x0924, 0x0924, 
    0x0924, 0x0924, 0x0924, 0x0924, 0x0924, 0x0924, 0x0924, 0x0924, 0x0924, 0x0924, 0x0924, 0x0924, 
    0x0924, 0x0924, 0x0924, 0x0924, 0x0924, 0x0924, 0x0924, 0x0924, 0x0924, 0x0924, 0x0924, 0x0924, 
    0x0924, 0x0924, 0x0924, 0x0924, 0x0924, 0x0924, 0x0924, 0x0924, 0x0924, 0x0924, 0x0924, 0x0924, 
    0x0924, 0x0924, 0x0924, 0x0924, 0x0924, 0x0924, 0x0924, 0x0924, 0x0924, 0x0924, 0x0924, 0x0924, 
    0x0924, 0x0924, 0x0924, 0x0924, 0x0924, 0x0924, 0x0924, 0x0924, 0x0924, 0x0924, 0x0924, 0x0924, 
    0x0924, 0x0924, 0x0924, 0x0924, 0x0924, 0x0924, 0x0924, 0x0924, 0x0924, 0x0924, 0x0924, 0x0924, 
    0x0924, 0x0924, 0x0924, 0x0924, 0x0924, 0x0924, 0x0924, 0x0924, 0x0924, 0x0924, 0x0924, 0x0924, 
    0x0924, 0x0924, 0x0924, 0x0924, 0x0924, 0x0924, 0x0924, 0x0924, 0x0924, 0x0924, 0x0924, 0x0924, 
    0x0924, 0x0924, 0x0924, 0x0924, 0x0924, 0x0924, 0x0924, 0x0924, 0x0924, 0x0924, 0x0924, 0x0924, 
    0x0924, 0x0924, 0x0924, 0x0924, 0x0924, 0x0924, 0x0924, 0x0924, 0x0924, 0x0924, 0x0924, 0x0924, 
    0x0924, 0x0924, 0x0924, 0x0924, 0x0924, 0x0924, 0x0924, 0x0924, 0x0924, 0x0924, 0x0924, 0x0924, 
    0x0924, 0x0924, 0x0924, 0x0924, 0x0924, 0x0924, 0x0924, 0x0924, 0x0924, 0x0924, 0x0924, 0x0924, 
    0x0924, 0x0924, 0x0924, 0x0924, 0x0924, 0x0924, 0x0924, 0x0924, 0x0924, 0x0924, 0x0924, 0x0924, 
    0x0924, 0x0924, 0x0924, 0x0924, 0x0924, 0x0924, 0x0924, 0x0924, 0x0924, 0x0924, 0x0924, 0x0924, 
    0x0924, 0x0924, 0x0924, 0x0924, 0x0924, 0x0924, 0x0924, 0x0924, 0x0924, 0x0924, 0x0924, 0x0924, 
    0x0924, 0x0924, 0x0924, 0x0924, 0x0924, 0x0924, 0x0924, 0x0924, 0x0924, 0x0924, 0x0924, 0x0924, 
    0x0924, 0x0924, 0x0924, 0x0924, 0x0924, 0x0924, 0x0924, 0x0924, 0x0924, 0x0924, 0x0924, 0x0924, 
    0x0924, 0x0924, 0x0924, 0x0924, 0x0924, 0x0924, 0x0924, 0x0924, 0x0924, 0x0924, 0x0924, 0x0924, 
    0x0924, 0x0924, 0x0924, 0x0924, 0x0924, 0x0924, 0x0924, 0x0924, 0x0924, 0x0924, 0x0924, 0x0924, 
    0x0924, 0x0924, 0x0924, 0x0924, 0x0924, 0x0924, 0x0924, 0x0924, 0x0924, 0x0924, 0x0924, 0x0924, 
    0x0924, 0x0924, 0x0924, 0x0924, 0x0924, 0x0924, 0x0924, 0x0924, 0x0924, 0x0924, 0x0924, 0x0924, 
    0x0924, 0x0924, 0x0924, 0x0924, 0x0924, 0x0924, 0x0924, 0x0924, 0x0924, 0x0924, 0x0924, 0x0924, 
    0x0924, 0x0924, 0x0924, 0x0924, 0x0924, 0x0924, 0x0924, 0x0924, 0x0924, 0x0924, 0x0924, 0x0924, 
    0x0924, 0x0924, 0x0924, 0x0924, 0x0924, 0x0924, 0x0924, 0x0924, 0x0924, 0x0924, 0x0924, 0x0924, 
    0x0924, 0x0924, 0x0924, 0x0924, 0x0924, 0x0924, 0x0924, 0x0924, 0x0924, 0x0924, 0x0924, 0x0924, 
    0x0924, 0x0924, 0x0924, 0x0924, 0x0924, 0x0924, 0x0924, 0x0924, 0x0924, 0x0924, 0x0924, 0x0924, 
    0x0924, 0x0924, 0x0924, 0x0924, 0x0924, 0x0924, 0x0924, 0x0924, 0x0924, 0x0924, 0x0924, 0x0924, 
    0x0924, 0x0924, 0x0924, 0x0924, 0x0924, 0x0924, 0x0924, 0x0924, 0x0924, 0x0924, 0x0924, 0x0924, 
    0x0924, 0x0924, 0x0924, 0x0924, 0x0924, 0x0924, 0x0924, 0x0924, 0x0924, 0x0924, 0x0924, 0x0924, 
    0x0924, 0x0924, 0x0924, 0x0924, 0x0924, 0x0924, 0x0924, 0x0924, 0x0924, 0x0924, 0x0924, 0x0924, 
    0x0924, 0x0924, 0x0924, 0x0924, 0x0924, 0x0924, 0x0924, 0x0924, 0x0924, 0x0924, 0x0924, 0x0924, 
    0x0924, 0x0924, 0x0924, 0x0924, 0x0924, 0x0924, 0x0924, 0x0924, 0x0924, 0x0924, 0x0924, 0x0924, 
    0x0924, 0x0924, 0x0924, 0x0924, 0x0924, 0x0924, 0x0924, 0x0924, 0x0924, 0x0924, 0x0924, 0x0924, 
    0x0924, 0x0924, 0x0924, 0x0924, 0x0924, 0x0924, 0x0924, 0x0924, 0x0924, 0x0924, 0x0924, 0x0924, 
    0x0924, 0x0924, 0x0924, 0x0924, 0x0924, 0x0924, 0x0924, 0x0924, 0x0924, 0x0924, 0x0924, 0x0924, 
    0x0924, 0x0924, 0x0924, 0x0924, 0x0924, 0x0924, 0x0924, 0x0924, 0x0924, 0x0924, 0x0924, 0x0924, 
    0x0924, 0x0924, 0x0924, 0x0924, 0x0924, 0x0924, 0x0924, 0x0924, 0x0924, 0x0924, 0x0924, 0x0924, 
    0x0924, 0x0924, 0x0924, 0x0924, 0x0924, 0x0924, 0x0924, 0x0924, 0x0924, 0x0924, 0x0924, 0x0924, 
    0x0924, 0x0924, 0x0924, 0x0924, 0x0924, 0x0924, 0x0924, 0x0924, 0x0924, 0x0924, 0x0924, 0x0924, 
    0x0924, 0x0924, 0x0924, 0x0924, 0x0924, 0x0924, 0x0924, 0x0924, 0x0924, 0x0924, 0x0924, 0x0924, 
    0x0924, 0x0924, 0x0924, 0x0924, 0x0924, 0x0924, 0x0924, 0x0924, 0x0924, 0x0924, 0x0924, 0x0924, 
    0x0924, 0x0924, 0x0924, 0x0924, 0x0924, 0x0924, 0x0924, 0x0924, 0x0924, 0x0924, 0x0924, 0x0924, 
    0x0924, 0x0924, 0x0924, 0x0924, 0x0924, 0x0924, 0x0924, 0x0924, 0x0924, 0x0924, 0x0924, 0x0924, 
    0x0924, 0x0924, 0x0924, 0x0924, 0x0924, 0x0924, 0x0924, 0x0924, 0x0924, 0x0924, 0x0924, 0x0924, 
    0x0924, 0x0924, 0x0924, 0x0924, 0x0924, 0x0924, 0x0924, 0x0924, 0x0924, 0x0924, 0x0924, 0x0924, 
    0x0924, 0x0924, 0x0924, 0x0924, 0x0924, 0x0924, 0x0924, 0x0924, 0x0924, 0x0924, 0x0924, 0x0924, 
    0x0924, 0x0924, 0x0924, 0x0924, 0x0924, 0x0924, 0x0924, 0x0924, 0x0924, 0x0924, 0x0924, 0x0924, 
    0x0924, 0x0924, 0x0924, 0x0924, 0x0924, 0x0924, 0x0924, 0x0924, 0x0924, 0x0924, 0x0924, 0x0924, 
    0x0924, 0x0924, 0x0924, 0x0924, 0x0924, 0x0924, 0x0924, 0x0924, 0x0924, 0x0924, 0x0924, 0x0924, 
    0x0924, 0x0924, 0x0924, 0x0924, 0x0924, 0x0924, 0x0924, 0x0924, 0x0924, 0x0924, 0x0924, 0x0924, 
    0x0924, 0x0924, 0x0924, 0x0924, 0x0924, 0x0924, 0x0924, 0x0924, 0x0924, 0x0924, 0x0924, 0x0924, 
    0x0924, 0x0924, 0x0924, 0x0924, 0x0924, 0x0924, 0x0924, 0x0924, 0x0924, 0x0924, 0x0924, 0x0924, 
    0x0924, 0x0924, 0x0924, 0x0924, 0x0924, 0x0924, 0x0924, 0x0924, 0x0924, 0x0924, 0x0924, 0x0924, 
    0x0924, 0x0924, 0x0924, 0x0924, 0x0924, 0x0924, 0x0924, 0x0924, 0x0924, 0x0924, 0x0924, 0x0924, 
    0x0924, 0x0924, 0x0924, 0x0924, 0x0924, 0x0924, 0x0924, 0x0924, 0x0924, 0x0924, 0x0924, 0x0924, 
    0x0924, 0x0924, 0x0924, 0x0924, 0x0924, 0x0924, 0x0924, 0x0924, 0x0924, 0x0924, 0x0924, 0x0924, 
    0x0924, 0x0924, 0x0924, 0x0924, 0x0924, 0x0924, 0x0924, 0x0924, 0x0924, 0x0924, 0x0924, 0x0924, 
    0x0924, 0x0924, 0x0924, 0x0924, 0x0924, 0x0924, 0x0924, 0x0924, 0x0924, 0x0924, 0x0924, 0x0924, 
    0x0924, 0x0924, 0x0924, 0x0924, 0x0924, 0x0924, 0x0924, 0x0924, 0x0924, 0x0924, 0x0924, 0x0924, 
    0x0924, 0x0924, 0x0924, 0x0924, 0x0924, 0x0924, 0x0924, 0x0924, 0x0924, 0x0924, 0x0924, 0x0924, 
    0x0924, 0x0924, 0x0924, 0x0924, 0x0924, 0x0924, 0x0924, 0x0924, 0x0924, 0x0924, 0x0924, 0x0924, 
    0x0924, 0x0924, 0x0924, 0x0924, 0x0924, 0x0924, 0x0924, 0x0924, 0x0924, 0x0924, 0x0924, 0x0924, 
    0x0924, 0x0924, 0x0924, 0x0924, 0x0924, 0x0924, 0x0924, 0x0924, 0x0924, 0x0924, 0x0924, 0x0924, 
    0x0924, 0x0924, 0x0924, 0x0924, 0x0924, 0x0924, 0x0924, 0x0924, 0x0924, 0x0924, 0x0924, 0x0924, 
    0x0924, 0x0924, 0x0924, 0x0924, 0x0924, 0x0924, 0x0924, 0x0924, 0x0924, 0x0924, 0x0924, 0x0924, 
    0x0924, 0x0924, 0x0924, 0x0924, 0x0924, 0x0924, 0x0924, 0x0924, 0x0924, 0x0924, 0x0924, 0x0924, 
    0x0924, 0x0924, 0x0924, 0x0924, 0x0924, 0x0924, 0x0924, 0x0924, 0x0924, 0x0924, 0x0924, 0x0924, 
    0x0924, 0x0924, 0x0924, 0x0924, 0x0924, 0x0924, 0x0924, 0x0924, 0x0924, 0x0924, 0x0924, 0x0924, 
    0x0924, 0x0924, 0x0924, 0x0924, 0x0924, 0x0924, 0x0924, 0x0924, 0x0924, 0x0924, 0x0924, 0x0924, 
    0x0924, 0x0924, 0x0924, 0x0924, 0x0924, 0x0924, 0x0924, 0x0924, 0x0924, 0x0924, 0x0924, 0x0924, 
    0x0924, 0x0924, 0x0924, 0x0924, 0x0924, 0x0924, 0x0924, 0x0924, 0x0924, 0x0924, 0x0924, 0x0924, 
    0x0924, 0x0924, 0x0924, 0x0924, 0x0924, 0x0924, 0x0924, 0x0924, 0x0924, 0x0924, 0x0924, 0x0924, 
    0x0924, 0x0924, 0x0924, 0x0924, 0x0924, 0x0924, 0x0924, 0x0924, 0x0924, 0x0924, 0x0924, 0x0924, 
    0x0924, 0x0924, 0x0924, 0x0924, 0x0924, 0x0924, 0x0924, 0x0924, 0x0924, 0x0924, 0x0924, 0x0924, 
    0x0924, 0x0924, 0x0924, 0x0924, 0x0924, 0x0924, 0x0924, 0x0924, 0x0924, 0x0924, 0x0924, 0x0924, 
    0x0924, 0x0924, 0x0924, 0x0924, 0x0924, 0x0924, 0x0924, 0x0924, 0x0924, 0x0924, 0x0924, 0x0924, 
    0x0924, 0x0924, 0x0924, 0x0924, 0x0924, 0x0924, 0x0924, 0x0924, 0x0924, 0x0924, 0x0924, 0x0924, 
    0x0924, 0x0924, 0x0924, 0x0924, 0x0924, 0x0924, 0x0924, 0x0924, 0x0924, 0x0924, 0x0924, 0x0924, 
    0x0924, 0x0924, 0x0924, 0x0924, 0x0924, 0x0924, 0x0924, 0x0924, 0x0924, 0x0924, 0x0924, 0x0924, 
    0x0924, 0x0924, 0x0924, 0x0924, 0x0924, 0x0924, 0x0924, 0x0924, 0x0924, 0x0924, 0x0924, 0x0924, 
    0x0924, 0x0924, 0x0924, 0x0924, 0x0924, 0x0924, 0x0924, 0x0924, 0x0924, 0x0924, 0x0924, 0x0924, 
    0x0924, 0x0924, 0x0924, 0x0924, 0x0924, 0x0924, 0x0924, 0x0924, 0x0924, 0x0924, 0x0924, 0x0924, 
    0x0924, 0x0924, 0x0924, 0x0924, 0x0924, 0x0924, 0x0924, 0x0924, 0x0924, 0x0924, 0x0924, 0x0924, 
    0x0924, 0x0924, 0x0924, 0x0924, 0x0924, 0x0924, 0x0924, 0x0924, 0x0924, 0x0924, 0x0924, 0x0924, 
    0x0924, 0x0924, 0x0924, 0x0924, 0x0924, 0x0924, 0x0924, 0x0924, 0x0924, 0x0924, 0x0924, 0x0924, 
    0x0924, 0x0924, 0x0924, 0x0924, 0x0924, 0x0924, 0x0924, 0x0924, 0x0924, 0x0924, 0x0924, 0x0924, 
    0x0924, 0x0924, 0x0924, 0x0924, 0x0924, 0x0924, 0x0924, 0x0924, 0x0924, 0x0924, 0x0924, 0x0924, 
    0x0924, 0x0924, 0x0924, 0x0924, 0x0924, 0x0924, 0x0924, 0x0924, 0x0924, 0x0924, 0x0924, 0x0924, 
    0x0924, 0x0924, 0x0924, 0x0924, 0x0924, 0x0924, 0x0924, 0x0924, 0x0924, 0x0924, 0x0924, 0x0924, 
    0x0924, 0x0924, 0x0924, 0x0924, 0x0924, 0x0924, 0x0924, 0x0924, 0x0924, 0x0924, 0x0924, 0x0924, 
    0x0924, 0x0924, 0x0924, 0x0924, 0x0924, 0x0924, 0x0924, 0x0924, 0x0924, 0x0924, 0x0924, 0x0924, 
    0x0924, 0x0924, 0x0924, 0x0924, 0x0924, 0x0924, 0x0924, 0x0924, 0x0924, 0x0924, 0x0924, 0x0924, 
    0x0924, 0x0924, 0x0924, 0x0924, 0x0924, 0x0924, 0x0924, 0x0924, 0x0924, 0x0924, 0x0924, 0x0924, 
    0x0924, 0x0924, 0x0924, 0x0924, 0x0924, 0x0924, 0x0924, 0x0924, 0x0924, 0x0924, 0x0924, 0x0924, 
    0x0924, 0x0924, 0x0924, 0x0924, 0x0924, 0x0924, 0x0924, 0x0924, 0x0924, 0x0924, 0x0924, 0x0924, 
    0x0924, 0x0924, 0x0924, 0x0924, 0x0924, 0x0924, 0x0924, 0x0924, 0x0924, 0x0924, 0x0924, 0x0924, 
    0x0924, 0x0924, 0x0924, 0x0924, 0x0924, 0x0924, 0x0924, 0x0924, 0x0924, 0x0924, 0x0924, 0x0924, 
    0x0924, 0x0924, 0x0924, 0x0924, 0x0924, 0x0924, 0x0924, 0x0924, 0x0924, 0x0924, 0x0924, 0x0924, 
    0x0924, 0x0924, 0x0924, 0x0924, 0x0924, 0x0924, 0x0924, 0x0924, 0x0924, 0x0924, 0x0924, 0x0924, 
    0x0924, 0x0924, 0x0924, 0x0924, 0x0924, 0x0924, 0x0924, 0x0924, 0x0924, 0x0924, 0x0924, 0x0924, 
    0x0924, 0x0924, 0x0924, 0x0924, 0x0924, 0x0924, 0x0924, 0x0924, 0x0924, 0x0924, 0x0924, 0x0924, 
    0x0924, 0x0924, 0x0924, 0x0924, 0x0924, 0x0924, 0x0924, 0x0924, 0x0924, 0x0924, 0x0924, 0x0924, 
    0x0924, 0x0924, 0x0924, 0x0924, 0x0924, 0x0924, 0x0924, 0x0924, 0x0924, 0x0924, 0x0924, 0x0924, 
    0x0924, 0x0924, 0x0924, 0x0924, 0x0924, 0x0924, 0x0924, 0x0924, 0x0924, 0x0924, 0x0924, 0x0924, 
    0x0924, 0x0924, 0x0924, 0x0924, 0x0924, 0x0924, 0x0924, 0x0924, 0x0924, 0x0924, 0x0924, 0x0924, 
    0x0924, 0x0924, 0x0924, 0x0924, 0x0924, 0x0924, 0x0924, 0x0924, 0x0924, 0x0924, 0x0924, 0x0924, 
    0x0924, 0x0924, 0x0924, 0x0924, 0x0924, 0x0924, 0x0924, 0x0924, 0x0924, 0x0924, 0x0924, 0x0924, 
    0x0924, 0x0924, 0x0924, 0x0924, 0x0924, 0x0924, 0x0924, 0x0924, 0x0924, 0x0924, 0x0924, 0x0924, 
    0x0924, 0x0924, 0x0924, 0x0924, 0x0924, 0x0924, 0x0924, 0x0924, 0x0924, 0x0924, 0x0924, 0x0924, 
    0x0924, 0x0924, 0x0924, 0x0924, 0x0924, 0x0924, 0x0924, 0x0924, 0x0924, 0x0924, 0x0924, 0x0924, 
    0x0924, 0x0924, 0x0924, 0x0924, 0x0924, 0x0924, 0x0924, 0x0924, 0x0924, 0x0924, 0x0924, 0x0924, 
    0x0924, 0x0924, 0x0924, 0x0924, 0x0924, 0x0924, 0x0924, 0x0924, 0x0924, 0x0924, 0x0924, 0x0924, 
    0x0924, 0x0924, 0x0924, 0x0924, 0x0924, 0x0924, 0x0924, 0x0924, 0x0924, 0x0924, 0x0924, 0x0924, 
    0x0924, 0x0924, 0x0924, 0x0924, 0x0924, 0x0924, 0x0924, 0x0924, 0x0924, 0x0924, 0x0924, 0x0924, 
    0x0924, 0x0924, 0x0924, 0x0924, 0x0924, 0x0924, 0x0924, 0x0924, 0x0924, 0x0924, 0x0924, 0x0924, 
    0x0924, 0x0924, 0x0924, 0x0924, 0x0924, 0x0924, 0x0924, 0x0924, 0x0924, 0x0924, 0x0924, 0x0924, 
    0x0924, 0x0924, 0x0924, 0x0924, 0x0924, 0x0924, 0x0924, 0x0924, 0x0924, 0x0924, 0x0924, 0x0924, 
    0x0924, 0x0924, 0x0924, 0x0924, 0x0924, 0x0924, 0x0924, 0x0924, 0x0924, 0x0924, 0x0924, 0x0924, 
    0x0924, 0x0924, 0x0924, 0x0924, 0x0924, 0x0924, 0x0924, 0x0924, 0x0924, 0x0924, 0x0924, 0x0924, 
    0x0924, 0x0924, 0x0924, 0x0924, 0x0924, 0x0924, 0x0924, 0x0924, 0x0924, 0x0924, 0x0924, 0x0924, 
    0x0924, 0x0924, 0x0924, 0x0924, 0x0924, 0x0924, 0x0924, 0x0924, 0x0924, 0x0924, 0x0924, 0x0924, 
    0x0924, 0x0924, 0x0924, 0x0924, 0x0924, 0x0924, 0x0924, 0x0924, 0x0924, 0x0924, 0x0924, 0x0924, 
    0x0924, 0x0924, 0x0924, 0x0924, 0x0924, 0x0924, 0x0924, 0x0924, 0x0924, 0x0924, 0x0924, 0x0924, 
    0x0924, 0x0924, 0x0924, 0x0924, 0x0924, 0x0924, 0x0924, 0x0924, 0x0924, 0x0924, 0x0924, 0x0924, 
    0x0924, 0x0924, 0x0924, 0x0924, 0x0924, 0x0924, 0x0924, 0x0924, 0x0924, 0x0924, 0x0924, 0x0924, 
    0x0924, 0x0924, 0x0924, 0x0924, 0x0924, 0x0924, 0x0924, 0x0924, 0x0924, 0x0924, 0x0924, 0x0924, 
    0x0924, 0x0924, 0x0924, 0x0924, 0x0924, 0x0924, 0x0924, 0x0924, 0x0924, 0x0924, 0x0924, 0x0924, 
    0x0924, 0x0924, 0x0924, 0x0924, 0x0924, 0x0924, 0x0924, 0x0924, 0x0924, 0x0924, 0x0924, 0x0924, 
    0x0924, 0x0924, 0x0924, 0x0924, 0x0924, 0x0924, 0x0924, 0x0924, 0x0924, 0x0924, 0x0924, 0x0924, 
    0x0924, 0x0924, 0x0924, 0x0924, 0x0924, 0x0924, 0x0924, 0x0924, 0x0924, 0x0924, 0x0924, 0x0924, 
    0x0924, 0x0924, 0x0924, 0x0924, 0x0924, 0x0924, 0x0924, 0x0924, 0x0924, 0x0924, 0x0924, 0x0924, 
    0x0924, 0x0924, 0x0924, 0x0924, 0x0924, 0x0924, 0x0924, 0x0924, 0x0924, 0x0924, 0x0924, 0x0924, 
    0x0924, 0x0924, 0x0924, 0x0924, 0x0924, 0x0924, 0x0924, 0x0924, 0x0924, 0x0924, 0x0924, 0x0924, 
    0x0924, 0x0924, 0x0924, 0x0924, 0x0924, 0x0924, 0x0924, 0x0924, 0x0924, 0x0924, 0x0924, 0x0924, 
    0x0924, 0x0924, 0x0924, 0x0924, 0x0924, 0x0924, 0x0924, 0x0924, 0x0924, 0x0924, 0x0924, 0x0924, 
    0x0924, 0x0924, 0x0924, 0x0924, 0x0924, 0x0924, 0x0924, 0x0924, 0x0924, 0x0924, 0x0924, 0x0924, 
    0x0924, 0x0924, 0x0924, 0x0924, 0x0924, 0x0924, 0x0924, 0x0924, 0x0924, 0x0924, 0x0924, 0x0924, 
    0x0924, 0x0924, 0x0924, 0x0924, 0x0924, 0x0924, 0x0924, 0x0924, 0x0924, 0x0924, 0x0924, 0x0924, 
    0x0924, 0x0924, 0x0924, 0x0924, 0x0924, 0x0924, 0x0924, 0x0924, 0x0924, 0x0924, 0x0924, 0x0924, 
    0x0924, 0x0924, 0x0924, 0x0924, 0x0924, 0x0924, 0x0924, 0x0924, 0x0924, 0x0924, 0x0924, 0x0924, 
    0x0924, 0x0924, 0x0924, 0x0924, 0x0924, 0x0924, 0x0924, 0x0924, 0x0924, 0x0924, 0x0924, 0x0924, 
    0x0924, 0x0924, 0x0924, 0x0924, 0x0924, 0x0924, 0x0924, 0x0924, 0x0924, 0x0924, 0x0924, 0x0924, 
    0x0924, 0x0924, 0x0924, 0x0924, 0x0924, 0x0924, 0x0924, 0x0924, 0x0924, 0x0924, 0x0924, 0x0924, 
    0x0924, 0x0924, 0x0924, 0x0924, 0x0924, 0x0924, 0x0924, 0x0924, 0x0924, 0x0924, 0x0924, 0x0924, 
    0x0924, 0x0924, 0x0924, 0x0924, 0x0924, 0x0924, 0x0924, 0x0924, 0x0924, 0x0924, 0x0924, 0x0924, 
    0x0924, 0x0924, 0x0924, 0x0924, 0x0924, 0x0924, 0x0924, 0x0924, 0x0924, 0x0924, 0x0924, 0x0924, 
    0x0924, 0x0924, 0x0924, 0x0924, 0x0924, 0x0924, 0x0924, 0x0924, 0x0924, 0x0924, 0x0924, 0x0924, 
    0x0924, 0x0924, 0x0924, 0x0924, 0x0924, 0x0924, 0x0924, 0x0924, 0x0924, 0x0924, 0x0924, 0x0924, 
    0x0924, 0x0924, 0x0924, 0x0924, 0x0924, 0x0924, 0x0924, 0x0924, 0x0924, 0x0924, 0x0924, 0x0924, 
    0x0924, 0x0924, 0x0924, 0x0924, 0x0924, 0x0924, 0x0924, 0x0924, 0x0924, 0x0924, 0x0924, 0x0924, 
    0x0924, 0x0924, 0x0924, 0x0924, 0x0924, 0x0924, 0x0924, 0x0924, 0x0924, 0x0924, 0x0924, 0x0924, 
    0x0924, 0x0924, 0x0924, 0x0924, 0x0924, 0x0924, 0x0924, 0x0924, 0x0924, 0x0924, 0x0924, 0x0924, 
    0x0924, 0x0924, 0x0924, 0x0924, 0x0924, 0x0924, 0x0924, 0x0924, 0x0924, 0x0924, 0x0924, 0x0924, 
    0x0924, 0x0924, 0x0924, 0x0924, 0x0924, 0x0924, 0x0924, 0x0924, 0x0924, 0x0924, 0x0924, 0x0924, 
    0x0924, 0x0924, 0x0924, 0x0924, 0x0924, 0x0924, 0x0924, 0x0924, 0x0924, 0x0924, 0x0924, 0x0924, 
    0x0924, 0x0924, 0x0924, 0x0924, 0x0924, 0x0924, 0x0924, 0x0924, 0x0924, 0x0924, 0x0924, 0x0924, 
    0x0924, 0x0924, 0x0924, 0x0924, 0x0924, 0x0924, 0x0924, 0x0924, 0x0924, 0x0924, 0x0924, 0x0924, 
    0x0924, 0x0924, 0x0924, 0x0924, 0x0924, 0x0924, 0x0924, 0x0924, 0x0924, 0x0924, 0x0924, 0x0924, 
    0x0924, 0x0924, 0x0924, 0x0924, 0x0924, 0x0924, 0x0924, 0x0924, 0x0924, 0x0924, 0x0924, 0x0924, 
    0x0924, 0x0924, 0x0924, 0x0924, 0x0924, 0x0924, 0x0924, 0x0924, 0x0924, 0x0924, 0x0924, 0x0924, 
    0x0924, 0x0924, 0x0924, 0x0924, 0x0924, 0x0924, 0x0924, 0x0924, 0x0924, 0x0924, 0x0924, 0x0924, 
    0x0924, 0x0924, 0x0924, 0x0924, 0x0924, 0x0924, 0x0924, 0x0924, 0x0924, 0x0924, 0x0924, 0x0924, 
    0x0924, 0x0924, 0x0924, 0x0924, 0x0924, 0x0924, 0x0924, 0x0924, 0x0924, 0x0924, 0x0924, 0x0924, 
    0x0924, 0x0924, 0x0924, 0x0924, 0xF800, 0x0924, 0x0924, 0x0924, 0x0924, 0x0924, 0x0924, 0x0924, 
    0x0924, 0x0924, 0x0924, 0x0924, 0x0924, 0x0924, 0x0924, 0x0924, 0x0924, 0x0924, 0x0924, 0x0924, 
    0x0924, 0x0924, 0x0924, 0x0924, 0x0924, 0x0924, 0x0924, 0x0924, 0x0924, 0x0924, 0x0924, 0x0924, 
    0x0924, 0x0924, 0x0924, 0x0924, 0x0924, 0x0924, 0x0924, 0x0924, 0x0924, 0x0924, 0x0924, 0x0924, 
    0x0924, 0x0924, 0x0924, 0x0924, 0x0924, 0x0924, 0x0924, 0x0924, 0x0924, 0x0924, 0x0924, 0x0924, 
    0x0924, 0x0924, 0x0924, 0x0924, 0x0924, 0x0924, 0x0924, 0x0924, 0x0924, 0x0924, 0x0924, 0x0924, 
    0x0924, 0x0924, 0x0924, 0x0924, 0x0924, 0x0924, 0x0924, 0x0924, 0x0924, 0x0924, 0x0924, 0x0924, 
    0x0924, 0x0924, 0x0924, 0x0924, 0x0924, 0x0924, 0x0924, 0x0924, 0x0924, 0x0924, 0x0924, 0x0924, 
    0x0924, 0x0924, 0x0924, 0x0924, 0x0924, 0x0924, 0x0924, 0x0924, 0x0924, 0x0924, 0x0924, 0x0924, 
    0x0924, 0x0924, 0x0924, 0x0924, 0x0924, 0x0924, 0x0924, 0x0924, 0x0924, 0x0924, 0x0924, 0x0924, 
    0x0924, 0xF800, 0xF800, 0xF800, 0xF800, 0x0924, 0x0924, 0x0924, 0x0924, 0x0924, 0x0924, 0x0924, 
    0x0924, 0x0924, 0x0924, 0x0924, 0x0924, 0x0924, 0xF800, 0x0924, 0x0924, 0x0924, 0x0924, 0x0924, 
    0x0924, 0x0924, 0x0924, 0x0924, 0x0924, 0x0924, 0x0924, 0x0924, 0x0924, 0x0924, 0x0924, 0x0924, 
    0x0924, 0x0924, 0x0924, 0x0924, 0x0924, 0x0924, 0x0924, 0x0924, 0x0924, 0x0924, 0x0924, 0x0924, 
    0x0924, 0x0924, 0x0924, 0x0924, 0x0924, 0x0924, 0x0924, 0x0924, 0x0924, 0x0924, 0x0924, 0x0924, 
    0x0924, 0x0924, 0x0924, 0x0924, 0x0924, 0x0924, 0x0924, 0x0924, 0x0924, 0x0924, 0x0924, 0x0924, 
    0x0924, 0x0924, 0x0924, 0x0924, 0x0924, 0x0924, 0x0924, 0x0924, 0x0924, 0x0924, 0x0924, 0x0924, 
    0x0924, 0x0924, 0x0924, 0x0924, 0x0924, 0x0924, 0x0924, 0x0924, 0x0924, 0x0924, 0x0924, 0x0924, 
    0x0924, 0x0924, 0x0924, 0x0924, 0x0924, 0x0924, 0x0924, 0x0924, 0x0924, 0x0924, 0x0924, 0x0924, 
    0x0924, 0x0924, 0x0924, 0x0924, 0x0924, 0x0924, 0x0924, 0x0924, 0x0924, 0xF800, 0xF800, 0xF800, 
    0xF800, 0xF800, 0xF800, 0xF800, 0xF800, 0x0924, 0x0924, 0x0924, 0x0924, 0x0924, 0x0924, 0x0924, 
    0x0924, 0x0924, 0x0924, 0x0924, 0x0924, 0x0924, 0xF800, 0xF800, 0xF800, 0xF800, 0xF800, 0xF800, 
    0xF800, 0xF800, 0x0924, 0x0924, 0x0924, 0x0924, 0x0924, 0x0924, 0x0924, 0x0924, 0x0924, 0x0924, 
    0x0924, 0x0924, 0x0924, 0x0924, 0x0924, 0x0924, 0x0924, 0x0924, 0x0924, 0x0924, 0x0924, 0x0924, 
    0x0924, 0x0924, 0x0924, 0x0924, 0x0924, 0x0924, 0x0924, 0x0924, 0x0924, 0x0924, 0x0924, 0x0924, 
    0x0924, 0x0924, 0x0924, 0x0924, 0x0924, 0x0924, 0x0924, 0x0924, 0x0924, 0x0924, 0x0924, 0x0924, 
    0x0924, 0x0924, 0x0924, 0x0924, 0x0924, 0x0924, 0x0924, 0x0924, 0x0924, 0x0924, 0x0924, 0x0924, 
    0x0924, 0x0924, 0x0924, 0x0924, 0x0924, 0x0924, 0x0924, 0x0924, 0x0924, 0x0924, 0x0924, 0x0924, 
    0x0924, 0x0924, 0x0924, 0x0924, 0x0924, 0x0924, 0x0924, 0x0924, 0x0924, 0x0924, 0x0924, 0x0924, 
    0x0924, 0x0924, 0x0924, 0x0924, 0x0924, 0x0924, 0x0924, 0x0924, 0x0924, 0xF800, 0xF800, 0xF800, 
    0xF800, 0xF800, 0xF800, 0xF800, 0xF800, 0xF800, 0x0924, 0x0924, 0x0924, 0x0924, 0x0924, 0x0924, 
    0x0924, 0x0924, 0x0924, 0x0924, 0x0924, 0x0924, 0xF800, 0xF800, 0xF800, 0xF800, 0xF800, 0xF800, 
    0xF800, 0xF800, 0x0924, 0x0924, 0x0924, 0x0924, 0x0924, 0x0924, 0x0924, 0x0924, 0x0924, 0x0924, 
    0x0924, 0x0924, 0x0924, 0x0924, 0x0924, 0x0924, 0x0924, 0x0924, 0x0924, 0x0924, 0x0924, 0x0924, 
    0x0924, 0x0924, 0x0924, 0x0924, 0x0924, 0x0924, 0x0924, 0x0924, 0x0924, 0x0924, 0x0924, 0x0924, 
    0x0924, 0x0924, 0x0924, 0x0924, 0x0924, 0x0924, 0x0924, 0x0924, 0x0924, 0x0924, 0x0924, 0x0924, 
    0x0924, 0x0924, 0x0924, 0x0924, 0x0924, 0x0924, 0x0924, 0x0924, 0x0924, 0x0924, 0x0924, 0x0924, 
    0x0924, 0x0924, 0x0924, 0x0924, 0x0924, 0x0924, 0x0924, 0x0924, 0x0924, 0x0924, 0x0924, 0x0924, 
    0x0924, 0x0924, 0x0924, 0x0924, 0x0924, 0x0924, 0x0924, 0x0924, 0x0924, 0x0924, 0x0924, 0x0924, 
    0x0924, 0x0924, 0x0924, 0x0924, 0x0924, 0x0924, 0x0924, 0x0924, 0x0924, 0xF800, 0xF800, 0xF800, 
    0xF800, 0xF800, 0xF800, 0xF800, 0xF800, 0xF800, 0x0924, 0x0924, 0x0924, 0x0924, 0x0924, 0x0924, 
    0x0924, 0x0924, 0x0924, 0x0924, 0x0924, 0x0924, 0xF800, 0xF800, 0xF800, 0xF800, 0xF800, 0xF800, 
    0xF800, 0xF800, 0x0924, 0x0924, 0x0924, 0x0924, 0x0924, 0x0924, 0x0924, 0x0924, 0x0924, 0x0924, 
    0x0924, 0x0924, 0x0924, 0x0924, 0x0924, 0x0924, 0x0924, 0x0924, 0x0924, 0x0924, 0x0924, 0x0924, 
    0x0924, 0x0924, 0x0924, 0x0924, 0x0924, 0x0924, 0x0924, 0x0924, 0x0924, 0x0924, 0x0924, 0x0924, 
    0x0924, 0x0924, 0x0924, 0x0924, 0x0924, 0x0924, 0x0924, 0x0924, 0x0924, 0x0924, 0x0924, 0x0924, 
    0x0924, 0x0924, 0x0924, 0x0924, 0x0924, 0x0924, 0x0924, 0x0924, 0x0924, 0x0924, 0x0924, 0x0924, 
    0x0924, 0x0924, 0x0924, 0x0924, 0x0924, 0x0924, 0x0924, 0x0924, 0x0924, 0x0924, 0x0924, 0x0924, 
    0x0924, 0x0924, 0x0924, 0x0924, 0x0924, 0x0924, 0x0924, 0x0924, 0x0924, 0x0924, 0x0924, 0x0924, 
    0x0924, 0x0924, 0x0924, 0x0924, 0x0924, 0x0924, 0x0924, 0x0924, 0x0924, 0x0924, 0xF800, 0xF800, 
    0xF800, 0xF800, 0xF800, 0xF800, 0xF800, 0xF800, 0x0924, 0x0924, 0x0924, 0x0924, 0x0924, 0x0924, 
    0x0924, 0x0924, 0x0924, 0x0924, 0x0924, 0xF800, 0xF800, 0xF800, 0xF800, 0xF800, 0xF800, 0xF800, 
    0xF800, 0x0924, 0x0924, 0x0924, 0x0924, 0x0924, 0x0924, 0x0924, 0x0924, 0x0924, 0x0924, 0x0924, 
    0x0924, 0x0924, 0x0924, 0x0924, 0x0924, 0x0924, 0x0924, 0x0924, 0x0924, 0x0924, 0x0924, 0x0924, 
    0x0924, 0x0924, 0x0924, 0x0924, 0x0924, 0x0924, 0x0924, 0x0924, 0x0924, 0x0924, 0x0924, 0x0924, 
    0x0924, 0x0924, 0x0924, 0x0924, 0x0924, 0x0924, 0x0924, 0x0924, 0x0924, 0x0924, 0x0924, 0x0924, 
    0x0924, 0x0924, 0x0924, 0x0924, 0x0924, 0x0924, 0x0924, 0x0924, 0x0924, 0x0924, 0x0924, 0x0924, 
    0x0924, 0x0924, 0x0924, 0x0924, 0x0924, 0x0924, 0x0924, 0x0924, 0x0924, 0x0924, 0x0924, 0x0924, 
    0x0924, 0x0924, 0x0924, 0x0924, 0x0924, 0x0924, 0x0924, 0x0924, 0x0924, 0x0924, 0x0924, 0x0924, 
    0x0924, 0x0924, 0x0924, 0x0924, 0x0924, 0x0924, 0x0924, 0x0924, 0x0924, 0x0924, 0xF800, 0xF800, 
    0xF800, 0xF800, 0xF800, 0xF800, 0xF800, 0xF800, 0x0924, 0x0924, 0x0924, 0x0924, 0x0924, 0x0924, 
    0x0924, 0x0924, 0x0924, 0x0924, 0x0924, 0xF800, 0xF800, 0xF800, 0xF800, 0xF800, 0xF800, 0xF800, 
    0xF800, 0x0924, 0x0924, 0x0924, 0x0924, 0x0924, 0x0924, 0x0924, 0x0924, 0x0924, 0x0924, 0x0924, 
    0x0924, 0x0924, 0x0924, 0x0924, 0x0924, 0x0924, 0x0924, 0x0924, 0x0924, 0x0924, 0x0924, 0x0924, 
    0x0924, 0x0924, 0x0924, 0x0924, 0x0924, 0x0924, 0x0924, 0x0924, 0x0924, 0x0924, 0x0924, 0x0924, 
    0x0924, 0x0924, 0x0924, 0x0924, 0x0924, 0x0924, 0x0924, 0x0924, 0x0924, 0x0924, 0x0924, 0x0924, 
    0x0924, 0x0924, 0x0924, 0x0924, 0x0924, 0x0924, 0x0924, 0x0924, 0x0924, 0x0924, 0x0924, 0x0924, 
    0x0924, 0x0924, 0x0924, 0x0924, 0x0924, 0x0924, 0x0924, 0x0924, 0x0924, 0x0924, 0x0924, 0x0924, 
    0x0924, 0x0924, 0x0924, 0x0924, 0x0924, 0x0924, 0x0924, 0x0924, 0x0924, 0x0924, 0x0924, 0x0924, 
    0x0924, 0x0924, 0x0924, 0x0924, 0x0924, 0x0924, 0x0924, 0x0924, 0x0924, 0x0924, 0xF800, 0xF800, 
    0xF800, 0xF800, 0xF800, 0xF800, 0xF800, 0xF800, 0x0924, 0x0924, 0x0924, 0x0924, 0x0924, 0x0924, 
    0x0924, 0x0924, 0x0924, 0x0924, 0x0924, 0xF800, 0xF800, 0xF800, 0xF800, 0xF800, 0xF800, 0xF800, 
    0xF800, 0x0924, 0x0924, 0x0924, 0x0924, 0x0924, 0x0924, 0x0924, 0x0924, 0x0924, 0x0924, 0x0924, 
    0x0924, 0x0924, 0x0924, 0x0924, 0x0924, 0x0924, 0x0924, 0x0924, 0x0924, 0x0924, 0x0924, 0x0924, 
    0x0924, 0x0924, 0x0924, 0x0924, 0x0924, 0x0924, 0x0924, 0x0924, 0x0924, 0x0924, 0x0924, 0x0924, 
    0x0924, 0x0924, 0x0924, 0x0924, 0x0924, 0x0924, 0x0924, 0x0924, 0x0924, 0x0924, 0x0924, 0x0924, 
    0x0924, 0x0924, 0x0924, 0x0924, 0x0924, 0x0924, 0x0924, 0x0924, 0x0924, 0x0924, 0x0924, 0x0924, 
    0x0924, 0x0924, 0x0924, 0x0924, 0x0924, 0x0924, 0x0924, 0x0924, 0x0924, 0x0924, 0x0924, 0x0924, 
    0x0924, 0x0924, 0x0924, 0x0924, 0x0924, 0x0924, 0x0924, 0x0924, 0x0924, 0x0924, 0x0924, 0x0924, 
    0x0924, 0x0924, 0x0924, 0x0924, 0x0924, 0x0924, 0x0924, 0x0924, 0x0924, 0x0924, 0xF800, 0xF800, 
    0xF800, 0xF800, 0xF800, 0xF800, 0xF800, 0xF800, 0x0924, 0x0924, 0x0924, 0x0924, 0x0924, 0x0924, 
    0x0924, 0x0924, 0x0924, 0x0924, 0x0924, 0xF800, 0xF800, 0xF800, 0xF800, 0xF800, 0xF800, 0xF800, 
    0xF800, 0x0924, 0x0924, 0x0924, 0x0924, 0x0924, 0x0924, 0x0924, 0x0924, 0x0924, 0x0924, 0x0924, 
    0x0924, 0x0924, 0x0924, 0x0924, 0x0924, 0x0924, 0x0924, 0x0924, 0x0924, 0x0924, 0x0924, 0x0924, 
    0x0924, 0x0924, 0x0924, 0x0924, 0x0924, 0x0924, 0x0924, 0x0924, 0x0924, 0x0924, 0x0924, 0x0924, 
    0x0924, 0x0924, 0x0924, 0x0924, 0x0924, 0x0924, 0x0924, 0x0924, 0x0924, 0x0924, 0x0924, 0x0924, 
    0x0924, 0x0924, 0x0924, 0x0924, 0x0924, 0x0924, 0x0924, 0x0924, 0x0924, 0x0924, 0x0924, 0x0924, 
    0x0924, 0x0924, 0x0924, 0x0924, 0x0924, 0x0924, 0x0924, 0x0924, 0x0924, 0x0924, 0x0924, 0x0924, 
    0x0924, 0x0924, 0x0924, 0x0924, 0x0924, 0x0924, 0x0924, 0x0924, 0x0924, 0x0924, 0x0924, 0x0924, 
    0x0924, 0x0924, 0x0924, 0x0924, 0x0924, 0x0924, 0x0924, 0x0924, 0x0924, 0x0924, 0xF800, 0xF800, 
    0xF800, 0xF800, 0xF800, 0xF800, 0xF800, 0xF800, 0xF800, 0x0924, 0x0924, 0x0924, 0x0924, 0x0924, 
    0x0924, 0x0924, 0x0924, 0x0924, 0x0924, 0xF800, 0xF800, 0xF800, 0xF800, 0xF800, 0xF800, 0xF800, 
    0xF800, 0x0924, 0x0924, 0x0924, 0x0924, 0x0924, 0x0924, 0x0924, 0x0924, 0x0924, 0x0924, 0x0924, 
    0x0924, 0x0924, 0x0924, 0x0924, 0x0924, 0x0924, 0x0924, 0x0924, 0x0924, 0x0924, 0x0924, 0x0924, 
    0x0924, 0x0924, 0x0924, 0x0924, 0x0924, 0x0924, 0x0924, 0x0924, 0x0924, 0x0924, 0x0924, 0x0924, 
    0x0924, 0x0924, 0x0924, 0x0924, 0x0924, 0x0924, 0x0924, 0x0924, 0x0924, 0x0924, 0x0924, 0x0924, 
    0x0924, 0x0924, 0x0924, 0x0924, 0x0924, 0x0924, 0x0924, 0x0924, 0x0924, 0x0924, 0x0924, 0x0924, 
    0x0924, 0x0924, 0x0924, 0x0924, 0x0924, 0x0924, 0x0924, 0x0924, 0x0924, 0x0924, 0x0924, 0x0924, 
    0x0924, 0x0924, 0x0924, 0x0924, 0x0924, 0x0924, 0x0924, 0x0924, 0x0924, 0x0924, 0x0924, 0x0924, 
    0x0924, 0x0924, 0x0924, 0x0924, 0x0924, 0x0924, 0x0924, 0x0924, 0x0924, 0x0924, 0xF800, 0xF800, 
    0xF800, 0xF800, 0xF800, 0xF800, 0xF800, 0xF800, 0xF800, 0x0924, 0x0924, 0x0924, 0x0924, 0x0924, 
    0x0924, 0x0924, 0x0924, 0x0924, 0x0924, 0xF800, 0xF800, 0xF800, 0xF800, 0xF800, 0xF800, 0xF800, 
    0xF800, 0x0924, 0x0924, 0x0924, 0x0924, 0x0924, 0x0924, 0x0924, 0x0924, 0x0924, 0x0924, 0x0924, 
    0x0924, 0x0924, 0x0924, 0x0924, 0x0924, 0x0924, 0x0924, 0x0924, 0x0924, 0x0924, 0x0924, 0x0924, 
    0x0924, 0x0924, 0x0924, 0x0924, 0x0924, 0x0924, 0x0924, 0x0924, 0x0924, 0x0924, 0x0924, 0x0924, 
    0x0924, 0x0924, 0x0924, 0x0924, 0x0924, 0x0924, 0x0924, 0x0924, 0x0924, 0x0924, 0x0924, 0x0924, 
    0x0924, 0x0924, 0x0924, 0x0924, 0x0924, 0x0924, 0x0924, 0x0924, 0x0924, 0x0924, 0x0924, 0x0924, 
    0x0924, 0x0924, 0x0924, 0x0924, 0x0924, 0x0924, 0x0924, 0x0924, 0x0924, 0x0924, 0x0924, 0x0924, 
    0x0924, 0x0924, 0x0924, 0x0924, 0x0924, 0x0924, 0x0924, 0x0924, 0x0924, 0x0924, 0x0924, 0x0924, 
    0x0924, 0x0924, 0x0924, 0x0924, 0x0924, 0x0924, 0x0924, 0x0924, 0x0924, 0x0924, 0x0924, 0xF800, 
    0xF800, 0xF800, 0xF800, 0xF800, 0xF800, 0xF800, 0xF800, 0x0924, 0x0924, 0x0924, 0x0924, 0x0924, 
    0x0924, 0x0924, 0x0924, 0x0924, 0xF800, 0xF800, 0xF800, 0xF800, 0xF800, 0xF800, 0xF800, 0xF800, 
    0x0924, 0x0924, 0x0924, 0x0924, 0x0924, 0x0924, 0x0924, 0x0924, 0x0924, 0x0924, 0x0924, 0x0924, 
    0x0924, 0x0924, 0x0924, 0x0924, 0x0924, 0x0924, 0x0924, 0x0924, 0x0924, 0x0924, 0x0924, 0x0924, 
    0x0924, 0x0924, 0x0924, 0x0924, 0x0924, 0x0924, 0x0924, 0x0924, 0x0924, 0x0924, 0x0924, 0x0924, 
    0x0924, 0x0924, 0x0924, 0x0924, 0x0924, 0x0924, 0x0924, 0x0924, 0x0924, 0x0924, 0x0924, 0x0924, 
    0x0924, 0x0924, 0x0924, 0x0924, 0x0924, 0x0924, 0x0924, 0x0924, 0x0924, 0x0924, 0x0924, 0x0924, 
    0x0924, 0x0924, 0x0924, 0x0924, 0x0924, 0x0924, 0x0924, 0x0924, 0x0924, 0x0924, 0x0924, 0x0924, 
    0x0924, 0x0924, 0x0924, 0x0924, 0x0924, 0x0924, 0x0924, 0x0924, 0x0924, 0x0924, 0x0924, 0x0924, 
    0x0924, 0x0924, 0x0924, 0x0924, 0x0924, 0x0924, 0x0924, 0x0924, 0x0924, 0x0924, 0x0924, 0xF800, 
    0xF800, 0xF800, 0xF800, 0xF800, 0xF800, 0xF800, 0xF800, 0x0924, 0x0924, 0x0924, 0x0924, 0x0924, 
    0x0924, 0x0924, 0x0924, 0x0924, 0xF800, 0xF800, 0xF800, 0xF800, 0xF800, 0xF800, 0xF800, 0xF800, 
    0x0924, 0x0924, 0x0924, 0x0924, 0x0924, 0x0924, 0x0924, 0x0924, 0x0924, 0x0924, 0x0924, 0x0924, 
    0x0924, 0x0924, 0x0924, 0x0924, 0x0924, 0x0924, 0x0924, 0x0924, 0x0924, 0x0924, 0x0924, 0x0924, 
    0x0924, 0x0924, 0x0924, 0x0924, 0x0924, 0x0924, 0x0924, 0x0924, 0x0924, 0x0924, 0x0924, 0x0924, 
    0x0924, 0x0924, 0x0924, 0x0924, 0x0924, 0x0924, 0x0924, 0x0924, 0x0924, 0x0924, 0x0924, 0x0924, 
    0x0924, 0x0924, 0x0924, 0x0924, 0x0924, 0x0924, 0x0924, 0x0924, 0x0924, 0x0924, 0x0924, 0x0924, 
    0x0924, 0x0924, 0x0924, 0x0924, 0x0924, 0x0924, 0x0924, 0x0924, 0x0924, 0x0924, 0x0924, 0x0924, 
    0x0924, 0x0924, 0x0924, 0x0924, 0x0924, 0x0924, 0x0924, 0x0924, 0x0924, 0x0924, 0x0924, 0x0924, 
    0x0924, 0x0924, 0x0924, 0x0924, 0x0924, 0x0924, 0x0924, 0x0924, 0x0924, 0x0924, 0x0924, 0xF800, 
    0xF800, 0xF800, 0xF800, 0xF800, 0xF800, 0xF800, 0xF800, 0x0924, 0x0924, 0x0924, 0x0924, 0x0924, 
    0x0924, 0x0924, 0x0924, 0x0924, 0xF800, 0xF800, 0xF800, 0xF800, 0xF800, 0xF800, 0xF800, 0xF800, 
    0x0924, 0x0924, 0x0924, 0x0924, 0x0924, 0x0924, 0x0924, 0x0924, 0x0924, 0x0924, 0x0924, 0x0924, 
    0x0924, 0x0924, 0x0924, 0x0924, 0x0924, 0x0924, 0x0924, 0x0924, 0x0924, 0x0924, 0x0924, 0x0924, 
    0x0924, 0x0924, 0x0924, 0x0924, 0x0924, 0x0924, 0x0924, 0x0924, 0x0924, 0x0924, 0x0924, 0x0924, 
    0x0924, 0x0924, 0x0924, 0x0924, 0x0924, 0x0924, 0x0924, 0x0924, 0x0924, 0x0924, 0x0924, 0x0924, 
    0x0924, 0x0924, 0x0924, 0x0924, 0x0924, 0x0924, 0x0924, 0x0924, 0x0924, 0x0924, 0x0924, 0x0924, 
    0x0924, 0x0924, 0x0924, 0x0924, 0x0924, 0x0924, 0x0924, 0x0924, 0x0924, 0x0924, 0x0924, 0x0924, 
    0x0924, 0x0924, 0x0924, 0x0924, 0x0924, 0x0924, 0x0924, 0x0924, 0x0924, 0x0924, 0x0924, 0x0924, 
    0x0924, 0x0924, 0x0924, 0x0924, 0x0924, 0x0924, 0x0924, 0x0924, 0x0924, 0x0924, 0x0924, 0xF800, 
    0xF800, 0xF800, 0xF800, 0xF800, 0xF800, 0xF800, 0xF800, 0xF800, 0x0924, 0x0924, 0x0924, 0x0924, 
    0x0924, 0x0924, 0x0924, 0x0924, 0xF800, 0xF800, 0xF800, 0xF800, 0xF800, 0xF800, 0xF800, 0xF800, 
    0x0924, 0x0924, 0x0924, 0x0924, 0x0924, 0x0924, 0x0924, 0x0924, 0x0924, 0x0924, 0x0924, 0x0924, 
    0x0924, 0x0924, 0x0924, 0x0924, 0x0924, 0x0924, 0x0924, 0x0924, 0x0924, 0x0924, 0x0924, 0x0924, 
    0x0924, 0x0924, 0x0924, 0x0924, 0x0924, 0x0924, 0x0924, 0x0924, 0x0924, 0x0924, 0x0924, 0x0924, 
    0x0924, 0x0924, 0x0924, 0x0924, 0x0924, 0x0924, 0x0924, 0x0924, 0x0924, 0x0924, 0x0924, 0x0924, 
    0x0924, 0x0924, 0x0924, 0x0924, 0x0924, 0x0924, 0x0924, 0x0924, 0x0924, 0x0924, 0x0924, 0x0924, 
    0x0924, 0x0924, 0x0924, 0x0924, 0x0924, 0x0924, 0x0924, 0x0924, 0x0924, 0x0924, 0x0924, 0x0924, 
    0x0924, 0x0924, 0x0924, 0x0924, 0x0924, 0x0924, 0x0924, 0x0924, 0x0924, 0x0924, 0x0924, 0x0924, 
    0x0924, 0xF800, 0x0924, 0x0924, 0x0924, 0x0924, 0x0924, 0x0924, 0x0924, 0x0924, 0x0924, 0xF800, 
    0xF800, 0xF800, 0xF800, 0xF800, 0xF800, 0xF800, 0xF800, 0xF800, 0x0924, 0x0924, 0x0924, 0x0924, 
    0x0924, 0x0924, 0x0924, 0x0924, 0xF800, 0xF800, 0xF800, 0xF800, 0xF800, 0xF800, 0xF800, 0xF800, 
    0x0924, 0x0924, 0x0924, 0x0924, 0x0924, 0x0924, 0x0924, 0x0924, 0x0924, 0x0924, 0x0924, 0x0924, 
    0x0924, 0x0924, 0x0924, 0x0924, 0x0924, 0x0924, 0x0924, 0x0924, 0x0924, 0x0924, 0x0924, 0x0924, 
    0x0924, 0x0924, 0x0924, 0x0924, 0x0924, 0x0924, 0x0924, 0x0924, 0x0924, 0x0924, 0x0924, 0x0924, 
    0x0924, 0x0924, 0x0924, 0x0924, 0x0924, 0x0924, 0x0924, 0x0924, 0x0924, 0x0924, 0x0924, 0x0924, 
    0x0924, 0x0924, 0x0924, 0x0924, 0x0924, 0x0924, 0x0924, 0x0924, 0x0924, 0x0924, 0x0924, 0x0924, 
    0x0924, 0x0924, 0x0924, 0x0924, 0x0924, 0x0924, 0x0924, 0x0924, 0x0924, 0x0924, 0x0924, 0x0924, 
    0x0924, 0x0924, 0x0924, 0x0924, 0x0924, 0x0924, 0x0924, 0x0924, 0x0924, 0x0924, 0x0924, 0x0924, 
    0xF800, 0xF800, 0xF800, 0x0924, 0x0924, 0x0924, 0x0924, 0x0924, 0x0924, 0x0924, 0x0924, 0x0924, 
    0xF800, 0xF800, 0xF800, 0xF800, 0xF800, 0xF800, 0xF800, 0xF800, 0x0924, 0x0924, 0x0924, 0x0924, 
    0x0924, 0x0924, 0x0924, 0x0924, 0xF800, 0xF800, 0xF800, 0xF800, 0xF800, 0xF800, 0xF800, 0xF800, 
    0x0924, 0x0924, 0x0924, 0x0924, 0x0924, 0x0924, 0x0924, 0x0924, 0x0924, 0x0924, 0xF800, 0x0924, 
    0x0924, 0x0924, 0x0924, 0x0924, 0x0924, 0x0924, 0x0924, 0x0924, 0x0924, 0x0924, 0x0924, 0x0924, 
    0x0924, 0x0924, 0x0924, 0x0924, 0x0924, 0x0924, 0x0924, 0x0924, 0x0924, 0x0924, 0x0924, 0x0924, 
    0x0924, 0x0924, 0x0924, 0x0924, 0x0924, 0x0924, 0x0924, 0x0924, 0x0924, 0x0924, 0x0924, 0x0924, 
    0x0924, 0x0924, 0x0924, 0x0924, 0x0924, 0x0924, 0x0924, 0x0924, 0x0924, 0x0924, 0x0924, 0x0924, 
    0x0924, 0x0924, 0x0924, 0x0924, 0x0924, 0x0924, 0x0924, 0x0924, 0x0924, 0x0924, 0x0924, 0x0924, 
    0x0924, 0x0924, 0x0924, 0x0924, 0x0924, 0x0924, 0x0924, 0x0924, 0x0924, 0x0924, 0xF800, 0xF800, 
    0xF800, 0xF800, 0xF800, 0x0924, 0x0924, 0x0924, 0x0924, 0x0924, 0x0924, 0x0924, 0x0924, 0x0924, 
    0xF800, 0xF800, 0xF800, 0xF800, 0xF800, 0xF800, 0xF800, 0xF800, 0x0924, 0x0924, 0x0924, 0x0924, 
    0x0924, 0x0924, 0x0924, 0xF800, 0xF800, 0xF800, 0xF800, 0xF800, 0xF800, 0xF800, 0xF800, 0x0924, 
    0x0924, 0x0924, 0x0924, 0x0924, 0x0924, 0x0924, 0x0924, 0x0924, 0x0924, 0xF800, 0xF800, 0xF800, 
    0xF800, 0x0924, 0x0924, 0x0924, 0x0924, 0x0924, 0x0924, 0x0924, 0x0924, 0x0924, 0x0924, 0x0924, 
    0x0924, 0x0924, 0x0924, 0x0924, 0x0924, 0x0924, 0x0924, 0x0924, 0x0924, 0x0924, 0x0924, 0x0924, 
    0x0924, 0x0924, 0x0924, 0x0924, 0x0924, 0x0924, 0x0924, 0x0924, 0x0924, 0x0924, 0x0924, 0x0924, 
    0x0924, 0x0924, 0x0924, 0x0924, 0x0924, 0x0924, 0x0924, 0x0924, 0x0924, 0x0924, 0x0924, 0x0924, 
    0x0924, 0x0924, 0x0924, 0x0924, 0x0924, 0x0924, 0x0924, 0x0924, 0x0924, 0x0924, 0x0924, 0x0924, 
    0x0924, 0x0924, 0x0924, 0x0924, 0x0924, 0x0924, 0x0924, 0x0924, 0x0924, 0xF800, 0xF800, 0xF800, 
    0xF800, 0xF800, 0xF800, 0xF800, 0x0924, 0x0924, 0x0924, 0x0924, 0x0924, 0x0924, 0x0924, 0x0924, 
    0xF800, 0xF800, 0xF800, 0xF800, 0xF800, 0xF800, 0xF800, 0xF800, 0x0924, 0x0924, 0x0924, 0x0924, 
    0x0924, 0x0924, 0x0924, 0xF800, 0xF800, 0xF800, 0xF800, 0xF800, 0xF800, 0xF800, 0xF800, 0x0924, 
    0x0924, 0x0924, 0x0924, 0x0924, 0x0924, 0x0924, 0x0924, 0x0924, 0x0924, 0xF800, 0xF800, 0xF800, 
    0xF800, 0xF800, 0xF800, 0x0924, 0x0924, 0x0924, 0x0924, 0x0924, 0x0924, 0x0924, 0x0924, 0x0924, 
    0x0924, 0x0924, 0x0924, 0x0924, 0x0924, 0x0924, 0x0924, 0x0924, 0x0924, 0x0924, 0x0924, 0x0924, 
    0x0924, 0x0924, 0x0924, 0x0924, 0x0924, 0x0924, 0x0924, 0x0924, 0x0924, 0x0924, 0x0924, 0x0924, 
    0x0924, 0x0924, 0x0924, 0x0924, 0x0924, 0x0924, 0x0924, 0x0924, 0x0924, 0x0924, 0x0924, 0x0924, 
    0x0924, 0x0924, 0x0924, 0x0924, 0x0924, 0x0924, 0x0924, 0x0924, 0x0924, 0x0924, 0x0924, 0x0924, 
    0x0924, 0x0924, 0x0924, 0x0924, 0x0924, 0x0924, 0x0924, 0xF800, 0xF800, 0xF800, 0xF800, 0xF800, 
    0xF800, 0xF800, 0xF800, 0xF800, 0x0924, 0x0924, 0x0924, 0x0924, 0x0924, 0x0924, 0x0924, 0x0924, 
    0xF800, 0xF800, 0xF800, 0xF800, 0xF800, 0xF800, 0xF800, 0xF800, 0x0924, 0x0924, 0x0924, 0x0924, 
    0x0924, 0x0924, 0x0924, 0xF800, 0xF800, 0xF800, 0xF800, 0xF800, 0xF800, 0xF800, 0xF800, 0x0924, 
    0x0924, 0x0924, 0x0924, 0x0924, 0x0924, 0x0924, 0x0924, 0x0924, 0xF800, 0xF800, 0xF800, 0xF800, 
    0xF800, 0xF800, 0xF800, 0xF800, 0xF800, 0x0924, 0x0924, 0x0924, 0x0924, 0x0924, 0x0924, 0x0924, 
    0x0924, 0x0924, 0x0924, 0x0924, 0x0924, 0x0924, 0x0924, 0x0924, 0x0924, 0x0924, 0x0924, 0x0924, 
    0x0924, 0x0924, 0x0924, 0x0924, 0x0924, 0x0924, 0x0924, 0x0924, 0x0924, 0x0924, 0x0924, 0x0924, 
    0x0924, 0x0924, 0x0924, 0x0924, 0x0924, 0x0924, 0x0924, 0x0924, 0x0924, 0x0924, 0x0924, 0x0924, 
    0x0924, 0x0924, 0x0924, 0x0924, 0x0924, 0x0924, 0x0924, 0x0924, 0x0924, 0x0924, 0x0924, 0x0924, 
    0x0924, 0x0924, 0x0924, 0x0924, 0x0924, 0x0924, 0x0924, 0x0924, 0xF800, 0xF800, 0xF800, 0xF800, 
    0xF800, 0xF800, 0xF800, 0xF800, 0xF800, 0x0924, 0x0924, 0x0924, 0x0924, 0x0924, 0x0924, 0x0924, 
    0xF800, 0xF800, 0xF800, 0xF800, 0xF800, 0xF800, 0xF800, 0xF800, 0xF800, 0x0924, 0x0924, 0x0924, 
    0x0924, 0x0924, 0x0924, 0xF800, 0xF800, 0xF800, 0xF800, 0xF800, 0xF800, 0xF800, 0xF800, 0x0924, 
    0x0924, 0x0924, 0x0924, 0x0924, 0x0924, 0x0924, 0x0924, 0x0924, 0xF800, 0xF800, 0xF800, 0xF800, 
    0xF800, 0xF800, 0xF800, 0xF800, 0x0924, 0x0924, 0x0924, 0x0924, 0x0924, 0x0924, 0x0924, 0x0924, 
    0x0924, 0x0924, 0x0924, 0x0924, 0x0924, 0x0924, 0x0924, 0x0924, 0x0924, 0x0924, 0x0924, 0x0924, 
    0x0924, 0x0924, 0x0924, 0x0924, 0x0924, 0x0924, 0x0924, 0x0924, 0x0924, 0x0924, 0x0924, 0x0924, 
    0x0924, 0x0924, 0x0924, 0x0924, 0x0924, 0x0924, 0x0924, 0x0924, 0x0924, 0x0924, 0x0924, 0x0924, 
    0x0924, 0x0924, 0x0924, 0x0924, 0x0924, 0x0924, 0x0924, 0x0924, 0x0924, 0x0924, 0x0924, 0x0924, 
    0x0924, 0x0924, 0x0924, 0x0924, 0x0924, 0x0924, 0x0924, 0x0924, 0xF800, 0xF800, 0xF800, 0xF800, 
    0xF800, 0xF800, 0xF800, 0xF800, 0xF800, 0xF800, 0x0924, 0x0924, 0x0924, 0x0924, 0x0924, 0x0924, 
    0xF800, 0xF800, 0xF800, 0xF800, 0xF800, 0xF800, 0xF800, 0xF800, 0xF800, 0x0924, 0x0924, 0x0924, 
    0x0924, 0x0924, 0x0924, 0xF800, 0xF800, 0xF800, 0xF800, 0xF800, 0xF800, 0xF800, 0xF800, 0x0924, 
    0x0924, 0x0924, 0x0924, 0x0924, 0x0924, 0x0924, 0x0924, 0xF800, 0xF800, 0xF800, 0xF800, 0xF800, 
    0xF800, 0xF800, 0xF800, 0xF800, 0x0924, 0x0924, 0x0924, 0x0924, 0x0924, 0x0924, 0x0924, 0x0924, 
    0x0924, 0x0924, 0x0924, 0x0924, 0x0924, 0x0924, 0x0924, 0x0924, 0x0924, 0x0924, 0x0924, 0x0924, 
    0x0924, 0x0924, 0x0924, 0x0924, 0x0924, 0x0924, 0x0924, 0x0924, 0x0924, 0x0924, 0x0924, 0x0924, 
    0x0924, 0x0924, 0x0924, 0x0924, 0x0924, 0x0924, 0x0924, 0x0924, 0x0924, 0x0924, 0x0924, 0x0924, 
    0x0924, 0x0924, 0x0924, 0x0924, 0x0924, 0x0924, 0x0924, 0x0924, 0x0924, 0x0924, 0x0924, 0x0924, 
    0x0924, 0x0924, 0x0924, 0x0924, 0x0924, 0x0924, 0x0924, 0x0924, 0x0924, 0xF800, 0xF800, 0xF800, 
    0xF800, 0xF800, 0xF800, 0xF800, 0xF800, 0xF800, 0x0924, 0x0924, 0x0924, 0x0924, 0x0924, 0x0924, 
    0x0924, 0xF800, 0xF800, 0xF800, 0xF800, 0xF800, 0xF800, 0xF800, 0xF800, 0x0924, 0x0924, 0x0924, 
    0x0924, 0x0924, 0x0924, 0xF800, 0xF800, 0xF800, 0xF800, 0xF800, 0xF800, 0xF800, 0xF800, 0x0924, 
    0x0924, 0x0924, 0x0924, 0x0924, 0x0924, 0x0924, 0x0924, 0xF800, 0xF800, 0xF800, 0xF800, 0xF800, 
    0xF800, 0xF800, 0xF800, 0x0924, 0x0924, 0x0924, 0x0924, 0x0924, 0x0924, 0x0924, 0x0924, 0x0924, 
    0x0924, 0x0924, 0x0924, 0x0924, 0x0924, 0x0924, 0x0924, 0x0924, 0x0924, 0x0924, 0x0924, 0x0924, 
    0x0924, 0x0924, 0x0924, 0x0924, 0x0924, 0x0924, 0x0924, 0x0924, 0x0924, 0x0924, 0x0924, 0x0924, 
    0x0924, 0x0924, 0x0924, 0x0924, 0x0924, 0x0924, 0x0924, 0x0924, 0x0924, 0x0924, 0x0924, 0x0924, 
    0x0924, 0x0924, 0x0924, 0x0924, 0x0924, 0x0924, 0x0924, 0x0924, 0x0924, 0x0924, 0x0924, 0x0924, 
    0x0924, 0x0924, 0x0924, 0x0924, 0x0924, 0x0924, 0x0924, 0x0924, 0x0924, 0xF800, 0xF800, 0xF800, 
    0xF800, 0xF800, 0xF800, 0xF800, 0xF800, 0xF800, 0xF800, 0x0924, 0x0924, 0x0924, 0x0924, 0x0924, 
    0x0924, 0xF800, 0xF800, 0xF800, 0xF800, 0xF800, 0xF800, 0xF800, 0xF800, 0x0924, 0x0924, 0x0924, 
    0x0924, 0x0924, 0xF800, 0xF800, 0xF800, 0xF800, 0xF800, 0xF800, 0xF800, 0xF800, 0x0924, 0x0924, 
    0x0924, 0x0924, 0x0924, 0x0924, 0x0924, 0x0924, 0xF800, 0xF800, 0xF800, 0xF800, 0xF800, 0xF800, 
    0xF800, 0xF800, 0xF800, 0x0924, 0x0924, 0x0924, 0x0924, 0x0924, 0x0924, 0x0924, 0x0924, 0x0924, 
    0x0924, 0x0924, 0x0924, 0x0924, 0x0924, 0x0924, 0x0924, 0x0924, 0x0924, 0x0924, 0x0924, 0x0924, 
    0x0924, 0x0924, 0x0924, 0x0924, 0x0924, 0x0924, 0x0924, 0x0924, 0x0924, 0x0924, 0x0924, 0x0924, 
    0x0924, 0x0924, 0x0924, 0x0924, 0x0924, 0x0924, 0x0924, 0x0924, 0x0924, 0x0924, 0x0924, 0x0924, 
    0x0924, 0x0924, 0x0924, 0x0924, 0x0924, 0x0924, 0x0924, 0x0924, 0x0924, 0x0924, 0x0924, 0x0924, 
    0x0924, 0x0924, 0x0924, 0x0924, 0x0924, 0x0924, 0x0924, 0x0924, 0x0924, 0x0924, 0xF800, 0xF800, 
    0xF800, 0xF800, 0xF800, 0xF800, 0xF800, 0xF800, 0xF800, 0x0924, 0x0924, 0x0924, 0x0924, 0x0924, 
    0x0924, 0xF800, 0xF800, 0xF800, 0xF800, 0xF800, 0xF800, 0xF800, 0xF800, 0x0924, 0x0924, 0x0924, 
    0x0924, 0x0924, 0xF800, 0xF800, 0xF800, 0xF800, 0xF800, 0xF800, 0xF800, 0xF800, 0x0924, 0x0924, 
    0x0924, 0x0924, 0x0924, 0x0924, 0x0924, 0xF800, 0xF800, 0xF800, 0xF800, 0xF800, 0xF800, 0xF800, 
    0xF800, 0xF800, 0x0924, 0x0924, 0x0924, 0x0924, 0x0924, 0x0924, 0x0924, 0x0924, 0x0924, 0x0924, 
    0x0924, 0x0924, 0x0924, 0x0924, 0x0924, 0x0924, 0x0924, 0x0924, 0x0924, 0x0924, 0x0924, 0x0924, 
    0x0924, 0x0924, 0x0924, 0x0924, 0x0924, 0x0924, 0x0924, 0x0924, 0x0924, 0x0924, 0x0924, 0x0924, 
    0x0924, 0x0924, 0x0924, 0x0924, 0x0924, 0x0924, 0x0924, 0x0924, 0x0924, 0x0924, 0x0924, 0x0924, 
    0x0924, 0x0924, 0x0924, 0x0924, 0x0924, 0x0924, 0x0924, 0x0924, 0x0924, 0x0924, 0x0924, 0x0924, 
    0x0924, 0x0924, 0x0924, 0x0924, 0x0924, 0x0924, 0x0924, 0x0924, 0x0924, 0x0924, 0x0924, 0xF800, 
    0xF800, 0xF800, 0xF800, 0xF800, 0xF800, 0xF800, 0xF800, 0xF800, 0x0924, 0x0924, 0x0924, 0x0924, 
    0x0924, 0xF800, 0xF800, 0xF800, 0xF800, 0xF800, 0xF800, 0xF800, 0xF800, 0xF800, 0x0924, 0x0924, 
    0x0924, 0x0924, 0xF800, 0xF800, 0xF800, 0xF800, 0xF800, 0xF800, 0xF800, 0xF800, 0x0924, 0x0924, 
    0x0924, 0x0924, 0x0924, 0x0924, 0x0924, 0xF800, 0xF800, 0xF800, 0xF800, 0xF800, 0xF800, 0xF800, 
    0xF800, 0xF800, 0x0924, 0x0924, 0x0924, 0x0924, 0x0924, 0x0924, 0x0924, 0x0924, 0x0924, 0x0924, 
    0x0924, 0x0924, 0x0924, 0x0924, 0x0924, 0x0924, 0x0924, 0x0924, 0x0924, 0x0924, 0x0924, 0x0924, 
    0x0924, 0x0924, 0x0924, 0x0924, 0x0924, 0x0924, 0x0924, 0x0924, 0x0924, 0x0924, 0x0924, 0x0924, 
    0x0924, 0x0924, 0x0924, 0x0924, 0x0924, 0x0924, 0x0924, 0x0924, 0x0924, 0x0924, 0x0924, 0x0924, 
    0x0924, 0x0924, 0x0924, 0x0924, 0x0924, 0x0924, 0x0924, 0x0924, 0x0924, 0x0924, 0x0924, 0x0924, 
    0x0924, 0x0924, 0x0924, 0x0924, 0x0924, 0x0924, 0x0924, 0x0924, 0x0924, 0x0924, 0x0924, 0xF800, 
    0xF800, 0xF800, 0xF800, 0xF800, 0xF800, 0xF800, 0xF800, 0xF800, 0x0924, 0x0924, 0x0924, 0x0924, 
    0x0924, 0xF800, 0xF800, 0xF800, 0xF800, 0xF800, 0xF800, 0xF800, 0xF800, 0xF800, 0x0924, 0x0924, 
    0x0924, 0x0924, 0xF800, 0xF800, 0xF800, 0xF800, 0xF800, 0xF800, 0xF800, 0xF800, 0x0924, 0x0924, 
    0x0924, 0x0924, 0x0924, 0x0924, 0xF800, 0xF800, 0xF800, 0xF800, 0xF800, 0xF800, 0xF800, 0xF800, 
    0xF800, 0x0924, 0x0924, 0x0924, 0x0924, 0x0924, 0x0924, 0x0924, 0x0924, 0x0924, 0x0924, 0x0924, 
    0x0924, 0x0924, 0x0924, 0x0924, 0x0924, 0x0924, 0x0924, 0x0924, 0x0924, 0x0924, 0x0924, 0x0924, 
    0x0924, 0x0924, 0x0924, 0x0924, 0x0924, 0x0924, 0x0924, 0x0924, 0x0924, 0x0924, 0x0924, 0x0924, 
    0x0924, 0x0924, 0x0924, 0x0924, 0x0924, 0x0924, 0x0924, 0x0924, 0x0924, 0x0924, 0x0924, 0x0924, 
    0x0924, 0x0924, 0x0924, 0x0924, 0x0924, 0x0924, 0x0924, 0x0924, 0x0924, 0x0924, 0x0924, 0x0924, 
    0x0924, 0x0924, 0x0924, 0x0924, 0x0924, 0x0924, 0x0924, 0x0924, 0x0924, 0x0924, 0x0924, 0x0924, 
    0xF800, 0xF800, 0xF800, 0xF800, 0xF800, 0xF800, 0xF800, 0xF800, 0xF800, 0x0924, 0x0924, 0x0924, 
    0x0924, 0x0924, 0xF800, 0xF800, 0xF800, 0xF800, 0xF800, 0xF800, 0xF800, 0xF800, 0x0924, 0x0924, 
    0x0924, 0x0924, 0xF800, 0xF800, 0xF800, 0xF800, 0xF800, 0xF800, 0xF800, 0xF800, 0x0924, 0x0924, 
    0x0924, 0x0924, 0x0924, 0x0924, 0xF800, 0xF800, 0xF800, 0xF800, 0xF800, 0xF800, 0xF800, 0xF800, 
    0x0924, 0x0924, 0x0924, 0x0924, 0x0924, 0x0924, 0x0924, 0x0924, 0x0924, 0x0924, 0x0924, 0x0924, 
    0x0924, 0x0924, 0x0924, 0x0924, 0x0924, 0x0924, 0x0924, 0x0924, 0x0924, 0x0924, 0x0924, 0x0924, 
    0x0924, 0x0924, 0x0924, 0x0924, 0x0924, 0x0924, 0x0924, 0x0924, 0x0924, 0x0924, 0x0924, 0x0924, 
    0x0924, 0x0924, 0x0924, 0x0924, 0x0924, 0x0924, 0x0924, 0x0924, 0x0924, 0x0924, 0x0924, 0x0924, 
    0x0924, 0x0924, 0x0924, 0x0924, 0x0924, 0x0924, 0x0924, 0x0924, 0x0924, 0x0924, 0x0924, 0x0924, 
    0x0924, 0x0924, 0x0924, 0x0924, 0x0924, 0x0924, 0x0924, 0x0924, 0x0924, 0x0924, 0x0924, 0x0924, 
    0xF800, 0xF800, 0xF800, 0xF800, 0xF800, 0xF800, 0xF800, 0xF800, 0xF800, 0xF800, 0x0924, 0x0924, 
    0x0924, 0x0924, 0xF800, 0xF800, 0xF800, 0xF800, 0xF800, 0xF800, 0xF800, 0xF800, 0x0924, 0x0924, 
    0x0924, 0x0924, 0xF800, 0xF800, 0xF800, 0xF800, 0xF800, 0xF800, 0xF800, 0xF800, 0x0924, 0x0924, 
    0x0924, 0x0924, 0x0924, 0xF800, 0xF800, 0xF800, 0xF800, 0xF800, 0xF800, 0xF800, 0xF800, 0xF800, 
    0x0924, 0x0924, 0x0924, 0x0924, 0x0924, 0x0924, 0x0924, 0x0924, 0x0924, 0x0924, 0x0924, 0x0924, 
    0x0924, 0x0924, 0x0924, 0x0924, 0x0924, 0x0924, 0x0924, 0x0924, 0x0924, 0x0924, 0x0924, 0x0924, 
    0x0924, 0x0924, 0x0924, 0x0924, 0x0924, 0x0924, 0x0924, 0x0924, 0x0924, 0x0924, 0x0924, 0x0924, 
    0x0924, 0x0924, 0x0924, 0x0924, 0x0924, 0x0924, 0x0924, 0x0924, 0x0924, 0x0924, 0x0924, 0x0924, 
    0x0924, 0x0924, 0x0924, 0x0924, 0x0924, 0x0924, 0x0924, 0x0924, 0x0924, 0x0924, 0x0924, 0x0924, 
    0x0924, 0x0924, 0x0924, 0x0924, 0x0924, 0x0924, 0x0924, 0x0924, 0x0924, 0x0924, 0x0924, 0x0924, 
    0x0924, 0xF800, 0xF800, 0xF800, 0xF800, 0xF800, 0xF800, 0xF800, 0xF800, 0xF800, 0x0924, 0x0924, 
    0x0924, 0x0924, 0xF800, 0xF800, 0xF800, 0xF800, 0xF800, 0xF800, 0xF800, 0xF800, 0x0924, 0x0924, 
    0x0924, 0xF800, 0xF800, 0xF800, 0xF800, 0xF800, 0xF800, 0xF800, 0xF800, 0x0924, 0x0924, 0x0924, 
    0x0924, 0x0924, 0x0924, 0xF800, 0xF800, 0xF800, 0xF800, 0xF800, 0xF800, 0xF800, 0xF800, 0x0924, 
    0x0924, 0x0924, 0x0924, 0x0924, 0x0924, 0x0924, 0x0924, 0x0924, 0x0924, 0x0924, 0x0924, 0x0924, 
    0x0924, 0x0924, 0x0924, 0x0924, 0x0924, 0x0924, 0x0924, 0x0924, 0x0924, 0x0924, 0x0924, 0x0924, 
    0x0924, 0x0924, 0x0924, 0x0924, 0x0924, 0x0924, 0x0924, 0x0924, 0x0924, 0x0924, 0x0924, 0x0924, 
    0x0924, 0x0924, 0x0924, 0x0924, 0x0924, 0x0924, 0x0924, 0x0924, 0x0924, 0x0924, 0x0924, 0x0924, 
    0x0924, 0x0924, 0x0924, 0x0924, 0x0924, 0x0924, 0x0924, 0x0924, 0x0924, 0x0924, 0x0924, 0x0924, 
    0x0924, 0x0924, 0x0924, 0x0924, 0x0924, 0x0924, 0x0924, 0x0924, 0x0924, 0x0924, 0x0924, 0x0924, 
    0x0924, 0x0924, 0xF800, 0xF800, 0xF800, 0xF800, 0xF800, 0xF800, 0xF800, 0xF800, 0xF800, 0x0924, 
    0x0924, 0x0924, 0xF800, 0xF800, 0xF800, 0xF800, 0xF800, 0xF800, 0xF800, 0xF800, 0x0924, 0x0924, 
    0x0924, 0xF800, 0xF800, 0xF800, 0xF800, 0xF800, 0xF800, 0xF800, 0xF800, 0x0924, 0x0924, 0x0924, 
    0x0924, 0x0924, 0xF800, 0xF800, 0xF800, 0xF800, 0xF800, 0xF800, 0xF800, 0xF800, 0xF800, 0x0924, 
    0x0924, 0x0924, 0x0924, 0x0924, 0x0924, 0x0924, 0x0924, 0x0924, 0x0924, 0x0924, 0x0924, 0x0924, 
    0x0924, 0x0924, 0x0924, 0x0924, 0x0924, 0x0924, 0x0924, 0x0924, 0x0924, 0x0924, 0x0924, 0x0924, 
    0x0924, 0x0924, 0x0924, 0x0924, 0x0924, 0x0924, 0x0924, 0x0924, 0x0924, 0x0924, 0x0924, 0x0924, 
    0x0924, 0x0924, 0x0924, 0x0924, 0x0924, 0x0924, 0x0924, 0x0924, 0x0924, 0x0924, 0x0924, 0x0924, 
    0x0924, 0x0924, 0x0924, 0x0924, 0x0924, 0x0924, 0x0924, 0x0924, 0x0924, 0x0924, 0x0924, 0x0924, 
    0x0924, 0x0924, 0x0924, 0x0924, 0x0924, 0x0924, 0x0924, 0x0924, 0x0924, 0x0924, 0x0924, 0x0924, 
    0x0924, 0x0924, 0xF800, 0xF800, 0xF800, 0xF800, 0xF800, 0xF800, 0xF800, 0xF800, 0xF800, 0x0924, 
    0x0924, 0x0924, 0xF800, 0xF800, 0xF800, 0xF800, 0xF800, 0xF800, 0xF800, 0xF800, 0xF800, 0x0924, 
    0x0924, 0xF800, 0xF800, 0xF800, 0xF800, 0xF800, 0xF800, 0xF800, 0xF800, 0x0924, 0x0924, 0x0924, 
    0x0924, 0xF800, 0xF800, 0xF800, 0xF800, 0xF800, 0xF800, 0xF800, 0xF800, 0xF800, 0x0924, 0x0924, 
    0x0924, 0x0924, 0x0924, 0x0924, 0x0924, 0x0924, 0x0924, 0x0924, 0x0924, 0x0924, 0x0924, 0x0924, 
    0x0924, 0x0924, 0x0924, 0x0924, 0x0924, 0x0924, 0x0924, 0x0924, 0x0924, 0x0924, 0x0924, 0x0924, 
    0x0924, 0x0924, 0x0924, 0x0924, 0x0924, 0x0924, 0x0924, 0x0924, 0x0924, 0x0924, 0x0924, 0x0924, 
    0x0924, 0x0924, 0x0924, 0x0924, 0x0924, 0x0924, 0x0924, 0x0924, 0x0924, 0x0924, 0x0924, 0x0924, 
    0x0924, 0x0924, 0x0924, 0x0924, 0x0924, 0x0924, 0x0924, 0x0924, 0x0924, 0x0924, 0x0924, 0x0924, 
    0x0924, 0x0924, 0x0924, 0x0924, 0x0924, 0x0924, 0x0924, 0xF800, 0x0924, 0x0924, 0x0924, 0x0924, 
    0x0924, 0x0924, 0x0924, 0xF800, 0xF800, 0xF800, 0xF800, 0xF800, 0xF800, 0xF800, 0xF800, 0xF800, 
    0x0924, 0x0924, 0x0924, 0xF800, 0xF800, 0xF800, 0xF800, 0xF800, 0xF800, 0xF800, 0xF800, 0x0924, 
    0x0924, 0xF800, 0xF800, 0xF800, 0xF800, 0xF800, 0xF800, 0xF800, 0xF800, 0x0924, 0x0924, 0x0924, 
    0x0924, 0xF800, 0xF800, 0xF800, 0xF800, 0xF800, 0xF800, 0xF800, 0xF800, 0xF800, 0x0924, 0x0924, 
    0x0924, 0x0924, 0x0924, 0x0924, 0x0924, 0x0924, 0x0924, 0x0924, 0x0924, 0x0924, 0x0924, 0x0924, 
    0x0924, 0x0924, 0x0924, 0x0924, 0x0924, 0x0924, 0x0924, 0x0924, 0x0924, 0x0924, 0x0924, 0x0924, 
    0x0924, 0x0924, 0x0924, 0x0924, 0x0924, 0x0924, 0x0924, 0x0924, 0x0924, 0x0924, 0x0924, 0x0924, 
    0x0924, 0x0924, 0x0924, 0x0924, 0x0924, 0x0924, 0x0924, 0x0924, 0x0924, 0x0924, 0x0924, 0x0924, 
    0x0924, 0x0924, 0x0924, 0x0924, 0x0924, 0x0924, 0x0924, 0x0924, 0x0924, 0x0924, 0x0924, 0x0924, 
    0x0924, 0x0924, 0x0924, 0x0924, 0x0924, 0x0924, 0xF800, 0xF800, 0xF800, 0x0924, 0x0924, 0x0924, 
    0x0924, 0x0924, 0x0924, 0xF800, 0xF800, 0xF800, 0xF800, 0xF800, 0xF800, 0xF800, 0xF800, 0xF800, 
    0xF800, 0x0924, 0x0924, 0xF800, 0xF800, 0xF800, 0xF800, 0xF800, 0xF800, 0xF800, 0xF800, 0x0924, 
    0x0924, 0xF800, 0xF800, 0xF800, 0xF800, 0xF800, 0xF800, 0xF800, 0xF800, 0x0924, 0x0924, 0x0924, 
    0xF800, 0xF800, 0xF800, 0xF800, 0xF800, 0xF800, 0xF800, 0xF800, 0xF800, 0x0924, 0x0924, 0x0924, 
    0x0924, 0x0924, 0x0924, 0xF800, 0x0924, 0x0924, 0x0924, 0x0924, 0x0924, 0x0924, 0x0924, 0x0924, 
    0x0924, 0x0924, 0x0924, 0x0924, 0x0924, 0x0924, 0x0924, 0x0924, 0x0924, 0x0924, 0x0924, 0x0924, 
    0x0924, 0x0924, 0x0924, 0x0924, 0x0924, 0x0924, 0x0924, 0x0924, 0x0924, 0x0924, 0x0924, 0x0924, 
    0x0924, 0x0924, 0x0924, 0x0924, 0x0924, 0x0924, 0x0924, 0x0924, 0x0924, 0x0924, 0x0924, 0x0924, 
    0x0924, 0x0924, 0x0924, 0x0924, 0x0924, 0x0924, 0x0924, 0x0924, 0x0924, 0x0924, 0x0924, 0x0924, 
    0x0924, 0x0924, 0x0924, 0x0924, 0x0924, 0xF800, 0xF800, 0xF800, 0xF800, 0xF800, 0x0924, 0x0924, 
    0x0924, 0x0924, 0x0924, 0x0924, 0xF800, 0xF800, 0xF800, 0xF800, 0xF800, 0xF800, 0xF800, 0xF800, 
    0xF800, 0x0924, 0x0924, 0xF800, 0xF800, 0xF800, 0xF800, 0xF800, 0xF800, 0xF800, 0xF800, 0x0924, 
    0x0924, 0xF800, 0xF800, 0xF800, 0xF800, 0xF800, 0xF800, 0xF800, 0xF800, 0x0924, 0x0924, 0x0924, 
    0xF800, 0xF800, 0xF800, 0xF800, 0xF800, 0xF800, 0xF800, 0xF800, 0x0924, 0x0924, 0x0924, 0x0924, 
    0x0924, 0x0924, 0xF800, 0xF800, 0xF800, 0x0924, 0x0924, 0x0924, 0x0924, 0x0924, 0x0924, 0x0924, 
    0x0924, 0x0924, 0x0924, 0x0924, 0x0924, 0x0924, 0x0924, 0x0924, 0x0924, 0x0924, 0x0924, 0x0924, 
    0x0924, 0x0924, 0x0924, 0x0924, 0x0924, 0x0924, 0x0924, 0x0924, 0x0924, 0x0924, 0x0924, 0x0924, 
    0x0924, 0x0924, 0x0924, 0x0924, 0x0924, 0x0924, 0x0924, 0x0924, 0x0924, 0x0924, 0x0924, 0x0924, 
    0x0924, 0x0924, 0x0924, 0x0924, 0x0924, 0x0924, 0x0924, 0x0924, 0x0924, 0x0924, 0x0924, 0x0924, 
    0x0924, 0x0924, 0x0924, 0x0924, 0xF800, 0xF800, 0xF800, 0xF800, 0xF800, 0xF800, 0xF800, 0xF800, 
    0x0924, 0x0924, 0x0924, 0x0924, 0xF800, 0xF800, 0xF800, 0xF800, 0xF800, 0xF800, 0xF800, 0xF800, 
    0xF800, 0xF800, 0x0924, 0xF800, 0xF800, 0xF800, 0xF800, 0xF800, 0xF800, 0xF800, 0xF800, 0x0924, 
    0xF800, 0xF800, 0xF800, 0xF800, 0xF800, 0xF800, 0xF800, 0xF800, 0x0924, 0x0924, 0x0924, 0xF800, 
    0xF800, 0xF800, 0xF800, 0xF800, 0xF800, 0xF800, 0xF800, 0xF800, 0x0924, 0x0924, 0x0924, 0x0924, 
    0x0924, 0xF800, 0xF800, 0xF800, 0xF800, 0xF800, 0x0924, 0x0924, 0x0924, 0x0924, 0x0924, 0x0924, 
    0x0924, 0x0924, 0x0924, 0x0924, 0x0924, 0x0924, 0x0924, 0x0924, 0x0924, 0x0924, 0x0924, 0x0924, 
    0x0924, 0x0924, 0x0924, 0x0924, 0x0924, 0x0924, 0x0924, 0x0924, 0x0924, 0x0924, 0x0924, 0x0924, 
    0x0924, 0x0924, 0x0924, 0x0924, 0x0924, 0x0924, 0x0924, 0x0924, 0x0924, 0x0924, 0x0924, 0x0924, 
    0x0924, 0x0924, 0x0924, 0x0924, 0x0924, 0x0924, 0x0924, 0x0924, 0x0924, 0x0924, 0x0924, 0x0924, 
    0x0924, 0x0924, 0x0924, 0xF800, 0xF800, 0xF800, 0xF800, 0xF800, 0xF800, 0xF800, 0xF800, 0xF800, 
    0xF800, 0x0924, 0x0924, 0x0924, 0x0924, 0xF800, 0xF800, 0xF800, 0xF800, 0xF800, 0xF800, 0xF800, 
    0xF800, 0xF800, 0x0924, 0xF800, 0xF800, 0xF800, 0xF800, 0xF800, 0xF800, 0xF800, 0xF800, 0xF800, 
    0xF800, 0xF800, 0xF800, 0xF800, 0xF800, 0xF800, 0xF800, 0xF800, 0x0924, 0x0924, 0x0924, 0xF800, 
    0xF800, 0xF800, 0xF800, 0xF800, 0xF800, 0xF800, 0xF800, 0x0924, 0x0924, 0x0924, 0x0924, 0x0924, 
    0xF800, 0xF800, 0xF800, 0xF800, 0xF800, 0xF800, 0xF800, 0x0924, 0x0924, 0x0924, 0x0924, 0x0924, 
    0x0924, 0x0924, 0x0924, 0x0924, 0x0924, 0x0924, 0x0924, 0x0924, 0x0924, 0x0924, 0x0924, 0x0924, 
    0x0924, 0x0924, 0x0924, 0x0924, 0x0924, 0x0924, 0x0924, 0x0924, 0x0924, 0x0924, 0x0924, 0x0924, 
    0x0924, 0x0924, 0x0924, 0x0924, 0x0924, 0x0924, 0x0924, 0x0924, 0x0924, 0x0924, 0x0924, 0x0924, 
    0x0924, 0x0924, 0x0924, 0x0924, 0x0924, 0x0924, 0x0924, 0x0924, 0x0924, 0x0924, 0x0924, 0x0924, 
    0x0924, 0x0924, 0xF800, 0xF800, 0xF800, 0xF800, 0xF800, 0xF800, 0xF800, 0xF800, 0xF800, 0xF800, 
    0xF800, 0xF800, 0x0924, 0x0924, 0x0924, 0x0924, 0xF800, 0xF800, 0xF800, 0xF800, 0xF800, 0xF800, 
    0xF800, 0xF800, 0xF800, 0xF800, 0xF800, 0xF800, 0xF800, 0xF800, 0xF800, 0xF800, 0xF800, 0xF800, 
    0xF800, 0xF800, 0xF800, 0xF800, 0xF800, 0xF800, 0xF800, 0xF800, 0x0924, 0x0924, 0xF800, 0xF800, 
    0xF800, 0xF800, 0xF800, 0xF800, 0xF800, 0xF800, 0xF800, 0x0924, 0x0924, 0x0924, 0xF800, 0xF800, 
    0xF800, 0xF800, 0xF800, 0xF800, 0xF800, 0xF800, 0xF800, 0xF800, 0x0924, 0x0924, 0x0924, 0x0924, 
    0x0924, 0x0924, 0x0924, 0x0924, 0x0924, 0x0924, 0x0924, 0x0924, 0x0924, 0x0924, 0x0924, 0x0924, 
    0x0924, 0x0924, 0x0924, 0x0924, 0x0924, 0x0924, 0x0924, 0x0924, 0x0924, 0x0924, 0x0924, 0x0924, 
    0x0924, 0x0924, 0x0924, 0x0924, 0x0924, 0x0924, 0x0924, 0x0924, 0x0924, 0x0924, 0x0924, 0x0924, 
    0x0924, 0x0924, 0x0924, 0x0924, 0x0924, 0x0924, 0x0924, 0x0924, 0x0924, 0x0924, 0x0924, 0x0924, 
    0x0924, 0x0924, 0x0924, 0xF800, 0xF800, 0xF800, 0xF800, 0xF800, 0xF800, 0xF800, 0xF800, 0xF800, 
    0xF800, 0xF800, 0xF800, 0x0924, 0x0924, 0x0924, 0xF800, 0xF800, 0xF800, 0xF800, 0xF800, 0xF800, 
    0xF800, 0xF800, 0xF800, 0xF800, 0xF800, 0xF800, 0xF800, 0xF800, 0xF800, 0xF800, 0xF800, 0xF800, 
    0xF800, 0xF800, 0xF800, 0xF800, 0xF800, 0xF800, 0xF800, 0xF800, 0x0924, 0x0924, 0xF800, 0xF800, 
    0xF800, 0xF800, 0xF800, 0xF800, 0xF800, 0xF800, 0x0924, 0x0924, 0x0924, 0xF800, 0xF800, 0xF800, 
    0xF800, 0xF800, 0xF800, 0xF800, 0xF800, 0xF800, 0xF800, 0xF800, 0xF800, 0x0924, 0x0924, 0x0924, 
    0x0924, 0x0924, 0x0924, 0x0924, 0x0924, 0x0924, 0x0924, 0x0924, 0x0924, 0x0924, 0x0924, 0x0924, 
    0x0924, 0x0924, 0x0924, 0x0924, 0x0924, 0x0924, 0x0924, 0x0924, 0x0924, 0x0924, 0x0924, 0x0924, 
    0x0924, 0x0924, 0x0924, 0x0924, 0x0924, 0x0924, 0x0924, 0x0924, 0x0924, 0x0924, 0x0924, 0x0924, 
    0x0924, 0x0924, 0x0924, 0x0924, 0x0924, 0x0924, 0x0924, 0x0924, 0x0924, 0x0924, 0x0924, 0x0924, 
    0x0924, 0x0924, 0x0924, 0x0924, 0xF800, 0xF800, 0xF800, 0xF800, 0xF800, 0xF800, 0xF800, 0xF800, 
    0xF800, 0xF800, 0xF800, 0xF800, 0x0924, 0x0924, 0x0924, 0xF800, 0xF800, 0xF800, 0xF800, 0xF800, 
    0xF800, 0xF800, 0xF800, 0xF800, 0xF800, 0xF800, 0xF800, 0xF800, 0xF800, 0xF800, 0xF800, 0xF800, 
    0xF800, 0xF800, 0xF800, 0xF800, 0xF800, 0xF800, 0xF800, 0xF800, 0x0924, 0xF800, 0xF800, 0xF800, 
    0xF800, 0xF800, 0xF800, 0xF800, 0xF800, 0xF800, 0x0924, 0x0924, 0xF800, 0xF800, 0xF800, 0xF800, 
    0xF800, 0xF800, 0xF800, 0xF800, 0xF800, 0xF800, 0xF800, 0xF800, 0x0924, 0x0924, 0x0924, 0x0924, 
    0x0924, 0x0924, 0x0924, 0x0924, 0x0924, 0x0924, 0x0924, 0x0924, 0x0924, 0x0924, 0x0924, 0x0924, 
    0x0924, 0x0924, 0x0924, 0x0924, 0x0924, 0x0924, 0x0924, 0x0924, 0x0924, 0x0924, 0x0924, 0x0924, 
    0x0924, 0x0924, 0x0924, 0x0924, 0x0924, 0x0924, 0x0924, 0x0924, 0x0924, 0x0924, 0x0924, 0x0924, 
    0x0924, 0x0924, 0x0924, 0x0924, 0x0924, 0x0924, 0x0924, 0x0924, 0x0924, 0x0924, 0x0924, 0x0924, 
    0x0924, 0x0924, 0x0924, 0x0924, 0x0924, 0x0924, 0xF800, 0xF800, 0xF800, 0xF800, 0xF800, 0xF800, 
    0xF800, 0xF800, 0xF800, 0xF800, 0xF800, 0xF800, 0x0924, 0xF800, 0xF800, 0xF800, 0xF800, 0xF800, 
    0xF800, 0xF800, 0xF800, 0xF800, 0xF800, 0xF800, 0xF800, 0xF800, 0xF800, 0xF800, 0xF800, 0xF800, 
    0xF800, 0xF800, 0xF800, 0xF800, 0xF800, 0xF800, 0xF800, 0xF800, 0xF800, 0xF800, 0xF800, 0xF800, 
    0xF800, 0xF800, 0xF800, 0xF800, 0xF800, 0x0924, 0x0924, 0xF800, 0xF800, 0xF800, 0xF800, 0xF800, 
    0xF800, 0xF800, 0xF800, 0xF800, 0xF800, 0xF800, 0xF800, 0x0924, 0x0924, 0x0924, 0x0924, 0x0924, 
    0x0924, 0x0924, 0x0924, 0x0924, 0x0924, 0x0924, 0x0924, 0x0924, 0x0924, 0x0924, 0x0924, 0x0924, 
    0x0924, 0x0924, 0x0924, 0x0924, 0x0924, 0x0924, 0x0924, 0x0924, 0x0924, 0x0924, 0x0924, 0x0924, 
    0x0924, 0x0924, 0x0924, 0x0924, 0x0924, 0x0924, 0x0924, 0x0924, 0x0924, 0x0924, 0x0924, 0x0924, 
    0x0924, 0x0924, 0x0924, 0x0924, 0x0924, 0x0924, 0x0924, 0x0924, 0x0924, 0x0924, 0x0924, 0x0924, 
    0x0924, 0x0924, 0x0924, 0x0924, 0x0924, 0x0924, 0x0924, 0xF800, 0xF800, 0xF800, 0xF800, 0xF800, 
    0xF800, 0xF800, 0xF800, 0xF800, 0xF800, 0xF800, 0xF800, 0x0924, 0xF800, 0xF800, 0xF800, 0xF800, 
    0xF800, 0xF800, 0xF800, 0xF800, 0xF800, 0xF800, 0xF800, 0xF800, 0xF800, 0xF800, 0xF800, 0xF800, 
    0xF800, 0xF800, 0xF800, 0xF800, 0xF800, 0xF800, 0xF800, 0x0924, 0xF800, 0xF800, 0xF800, 0xF800, 
    0xF800, 0xF800, 0xF800, 0xF800, 0x0924, 0x0924, 0xF800, 0xF800, 0xF800, 0xF800, 0xF800, 0xF800, 
    0xF800, 0xF800, 0xF800, 0xF800, 0xF800, 0xF800, 0x0924, 0x0924, 0x0924, 0x0924, 0x0924, 0x0924, 
    0x0924, 0x0924, 0x0924, 0x0924, 0x0924, 0x0924, 0x0924, 0x0924, 0x0924, 0x0924, 0x0924, 0x0924, 
    0x0924, 0x0924, 0x0924, 0x0924, 0x0924, 0x0924, 0x0924, 0x0924, 0x0924, 0x0924, 0x0924, 0x0924, 
    0x0924, 0x0924, 0x0924, 0x0924, 0x0924, 0x0924, 0x0924, 0x0924, 0x0924, 0x0924, 0x0924, 0x0924, 
    0x0924, 0x0924, 0x0924, 0x0924, 0x0924, 0x0924, 0x0924, 0x0924, 0x0924, 0x0924, 0x0924, 0x0924, 
    0x0924, 0x0924, 0x0924, 0x0924, 0x0924, 0x0924, 0x0924, 0x0924, 0xF800, 0xF800, 0xF800, 0xF800, 
    0xF800, 0xF800, 0xF800, 0xF800, 0xF800, 0xF800, 0xF800, 0xF800, 0x0924, 0xF800, 0xF800, 0xF800, 
    0xF800, 0xF800, 0xF800, 0xF800, 0xF800, 0xF800, 0xF800, 0xF800, 0xF800, 0xF800, 0xF800, 0xF800, 
    0xF800, 0xF800, 0xF800, 0xF800, 0xF800, 0xF800, 0xF800, 0xF800, 0xF800, 0xF800, 0xF800, 0xF800, 
    0xF800, 0xF800, 0xF800, 0xF800, 0x0924, 0xF800, 0xF800, 0xF800, 0xF800, 0xF800, 0xF800, 0xF800, 
    0xF800, 0xF800, 0xF800, 0xF800, 0x0924, 0x0924, 0x0924, 0x0924, 0x0924, 0x0924, 0x0924, 0x0924, 
    0x0924, 0x0924, 0x0924, 0x0924, 0x0924, 0x0924, 0x0924, 0x0924, 0x0924, 0x0924, 0x0924, 0x0924, 
    0x0924, 0x0924, 0x0924, 0x0924, 0x0924, 0x0924, 0x0924, 0x0924, 0x0924, 0x0924, 0x0924, 0x0924, 
    0x0924, 0x0924, 0x0924, 0x0924, 0x0924, 0x0924, 0x0924, 0x0924, 0x0924, 0x0924, 0x0924, 0x0924, 
    0x0924, 0x0924, 0x0924, 0x0924, 0x0924, 0x0924, 0x0924, 0x0924, 0x0924, 0x0924, 0x0924, 0xF800, 
    0x0924, 0x0924, 0x0924, 0x0924, 0x0924, 0x0924, 0x0924, 0x0924, 0x0924, 0xF800, 0xF800, 0xF800, 
    0xF800, 0xF800, 0xF800, 0xF800, 0xF800, 0xF800, 0xF800, 0xF800, 0xF800, 0xF800, 0xF800, 0xF800, 
    0xF800, 0xF800, 0xF800, 0xF800, 0xF800, 0xF800, 0xF800, 0xF800, 0xF800, 0xF800, 0xF800, 0xF800, 
    0xF800, 0xF800, 0xF800, 0xF800, 0xF800, 0xF800, 0xF800, 0xF800, 0xF800, 0xF800, 0xF800, 0xF800, 
    0xF800, 0xF800, 0xF800, 0xF800, 0xF800, 0xF800, 0xF800, 0xF800, 0xF800, 0xF800, 0xF800, 0xF800, 
    0xF800, 0xF800, 0xF800, 0x0924, 0x0924, 0x0924, 0x0924, 0x0924, 0x0924, 0x0924, 0x0924, 0x0924, 
    0x0924, 0x0924, 0x0924, 0x0924, 0x0924, 0x0924, 0x0924, 0x0924, 0x0924, 0x0924, 0x0924, 0x0924, 
    0x0924, 0x0924, 0x0924, 0x0924, 0x0924, 0x0924, 0x0924, 0x0924, 0x0924, 0x0924, 0x0924, 0x0924, 
    0x0924, 0x0924, 0x0924, 0x0924, 0x0924, 0x0924, 0x0924, 0x0924, 0x0924, 0x0924, 0x0924, 0x0924, 
    0x0924, 0x0924, 0x0924, 0x0924, 0x0924, 0x0924, 0x0924, 0x0924, 0x0924, 0x0924, 0x0924, 0xF800, 
    0xF800, 0xF800, 0xF800, 0x0924, 0x0924, 0x0924, 0x0924, 0x0924, 0x0924, 0x0924, 0xF800, 0xF800, 
    0xF800, 0xF800, 0xF800, 0xF800, 0xF800, 0xF800, 0xF800, 0xF800, 0xF800, 0xF800, 0xF800, 0xF800, 
    0xF800, 0xF800, 0xF800, 0xF800, 0xF800, 0xF800, 0xF800, 0xF800, 0xF800, 0xF800, 0xF800, 0xF800, 
    0xF800, 0xF800, 0xF800, 0xF800, 0xF800, 0xF800, 0xF800, 0xF800, 0xF800, 0xF800, 0xF800, 0xF800, 
    0xF800, 0xF800, 0xF800, 0xF800, 0xF800, 0xF800, 0xF800, 0xF800, 0xF800, 0xF800, 0xF800, 0xF800, 
    0xF800, 0xF800, 0x0924, 0x0924, 0x0924, 0x0924, 0x0924, 0x0924, 0x0924, 0x0924, 0x0924, 0x0924, 
    0xF800, 0x0924, 0x0924, 0x0924, 0x0924, 0x0924, 0x0924, 0x0924, 0x0924, 0x0924, 0x0924, 0x0924, 
    0x0924, 0x0924, 0x0924, 0x0924, 0x0924, 0x0924, 0x0924, 0x0924, 0x0924, 0x0924, 0x0924, 0x0924, 
    0x0924, 0x0924, 0x0924, 0x0924, 0x0924, 0x0924, 0x0924, 0x0924, 0x0924, 0x0924, 0x0924, 0x0924, 
    0x0924, 0x0924, 0x0924, 0x0924, 0x0924, 0x0924, 0x0924, 0x0924, 0x0924, 0x0924, 0xF800, 0xF800, 
    0xF800, 0xF800, 0xF800, 0xF800, 0xF800, 0x0924, 0x0924, 0x0924, 0x0924, 0x0924, 0x0924, 0x0924, 
    0xF800, 0xF800, 0xF800, 0xF800, 0xF800, 0xF800, 0xF800, 0xF800, 0xF800, 0xF800, 0xF800, 0xF800, 
    0xF800, 0xF800, 0xF800, 0xF800, 0xF800, 0xF800, 0xF800, 0xF800, 0xF800, 0xF800, 0xF800, 0xF800, 
    0xF800, 0xF800, 0xF800, 0xF800, 0xF800, 0xF800, 0xF800, 0xF800, 0xF800, 0xF800, 0xF800, 0xF800, 
    0xF800, 0xF800, 0xF800, 0xF800, 0xF800, 0xF800, 0xF800, 0xF800, 0xF800, 0xF800, 0xF800, 0xF800, 
    0xF800, 0x0924, 0x0924, 0x0924, 0x0924, 0x0924, 0x0924, 0x0924, 0x0924, 0xF800, 0xF800, 0xF800, 
    0xF800, 0x0924, 0x0924, 0x0924, 0x0924, 0x0924, 0x0924, 0x0924, 0x0924, 0x0924, 0x0924, 0x0924, 
    0x0924, 0x0924, 0x0924, 0x0924, 0x0924, 0x0924, 0x0924, 0x0924, 0x0924, 0x0924, 0x0924, 0x0924, 
    0x0924, 0x0924, 0x0924, 0x0924, 0x0924, 0x0924, 0x0924, 0x0924, 0x0924, 0x0924, 0x0924, 0x0924, 
    0x0924, 0x0924, 0x0924, 0x0924, 0x0924, 0x0924, 0x0924, 0x0924, 0x0924, 0x0924, 0xF800, 0xF800, 
    0xF800, 0xF800, 0xF800, 0xF800, 0xF800, 0xF800, 0xF800, 0xF800, 0x0924, 0x0924, 0x0924, 0x0924, 
    0x0924, 0xF800, 0xF800, 0xF800, 0xF800, 0xF800, 0xF800, 0xF800, 0xF800, 0xF800, 0xF800, 0xF800, 
    0xF800, 0xF800, 0xF800, 0xF800, 0xF800, 0xF800, 0xF800, 0xF800, 0xF800, 0xF800, 0xF800, 0xF800, 
    0xF800, 0xF800, 0xF800, 0xF800, 0xF800, 0xF800, 0xF800, 0xF800, 0xF800, 0xF800, 0xF800, 0xF800, 
    0xF800, 0xF800, 0xF800, 0xF800, 0xF800, 0xF800, 0xF800, 0xF800, 0xF800, 0xF800, 0xF800, 0xF800, 
    0x0924, 0x0924, 0x0924, 0x0924, 0x0924, 0x0924, 0x0924, 0xF800, 0xF800, 0xF800, 0xF800, 0xF800, 
    0xF800, 0xF800, 0x0924, 0x0924, 0x0924, 0x0924, 0x0924, 0x0924, 0x0924, 0x0924, 0x0924, 0x0924, 
    0x0924, 0x0924, 0x0924, 0x0924, 0x0924, 0x0924, 0x0924, 0x0924, 0x0924, 0x0924, 0x0924, 0x0924, 
    0x0924, 0x0924, 0x0924, 0x0924, 0x0924, 0x0924, 0x0924, 0x0924, 0x0924, 0x0924, 0x0924, 0x0924, 
    0x0924, 0x0924, 0x0924, 0x0924, 0x0924, 0x0924, 0x0924, 0x0924, 0x0924, 0x0924, 0xF800, 0xF800, 
    0xF800, 0xF800, 0xF800, 0xF800, 0xF800, 0xF800, 0xF800, 0xF800, 0xF800, 0xF800, 0xF800, 0x0924, 
    0x0924, 0x0924, 0xF800, 0xF800, 0xF800, 0xF800, 0xF800, 0xF800, 0xF800, 0xF800, 0xF800, 0xF800, 
    0xF800, 0xF800, 0xF800, 0xF800, 0xF800, 0xF800, 0xF800, 0xF800, 0xF800, 0xF800, 0xF800, 0xF800, 
    0xF800, 0xF800, 0xF800, 0xF800, 0xF800, 0xF800, 0xF800, 0xF800, 0xF800, 0xF800, 0xF800, 0xF800, 
    0xF800, 0xF800, 0xF800, 0xF800, 0xF800, 0xF800, 0xF800, 0xF800, 0xF800, 0xF800, 0xF800, 0x0924, 
    0x0924, 0x0924, 0x0924, 0x0924, 0xF800, 0xF800, 0xF800, 0xF800, 0xF800, 0xF800, 0xF800, 0xF800, 
    0xF800, 0xF800, 0x0924, 0x0924, 0x0924, 0x0924, 0x0924, 0x0924, 0x0924, 0x0924, 0x0924, 0x0924, 
    0x0924, 0x0924, 0x0924, 0x0924, 0x0924, 0x0924, 0x0924, 0x0924, 0x0924, 0x0924, 0x0924, 0x0924, 
    0x0924, 0x0924, 0x0924, 0x0924, 0x0924, 0x0924, 0x0924, 0x0924, 0x0924, 0x0924, 0x0924, 0x0924, 
    0x0924, 0x0924, 0x0924, 0x0924, 0x0924, 0x0924, 0x0924, 0x0924, 0x0924, 0x0924, 0xF800, 0xF800, 
    0xF800, 0xF800, 0xF800, 0xF800, 0xF800, 0xF800, 0xF800, 0xF800, 0xF800, 0xF800, 0xF800, 0xF800, 
    0xF800, 0xF800, 0x0924, 0xF800, 0xF800, 0xF800, 0xF800, 0xF800, 0xF800, 0xF800, 0xF800, 0xF800, 
    0xF800, 0xF800, 0xF800, 0xF800, 0xF800, 0xF800, 0xF800, 0xF800, 0xF800, 0xF800, 0xF800, 0xF800, 
    0xF800, 0xF800, 0xF800, 0xF800, 0xF800, 0xF800, 0xF800, 0xF800, 0xF800, 0xF800, 0xF800, 0xF800, 
    0xF800, 0xF800, 0xF800, 0xF800, 0xF800, 0xF800, 0xF800, 0xF800, 0xF800, 0x0924, 0x0924, 0x0924, 
    0x0924, 0xF800, 0xF800, 0xF800, 0xF800, 0xF800, 0xF800, 0xF800, 0xF800, 0xF800, 0xF800, 0xF800, 
    0xF800, 0xF800, 0x0924, 0x0924, 0x0924, 0x0924, 0x0924, 0x0924, 0x0924, 0x0924, 0x0924, 0x0924, 
    0x0924, 0x0924, 0x0924, 0x0924, 0x0924, 0x0924, 0x0924, 0x0924, 0x0924, 0x0924, 0x0924, 0x0924, 
    0x0924, 0x0924, 0x0924, 0x0924, 0x0924, 0x0924, 0x0924, 0x0924, 0x0924, 0x0924, 0x0924, 0x0924, 
    0x0924, 0x0924, 0x0924, 0x0924, 0x0924, 0x0924, 0x0924, 0x0924, 0x0924, 0xF800, 0xF800, 0xF800, 
    0xF800, 0xF800, 0xF800, 0xF800, 0xF800, 0xF800, 0xF800, 0xF800, 0xF800, 0xF800, 0xF800, 0xF800, 
    0xF800, 0xF800, 0xF800, 0xF800, 0xF800, 0xF800, 0xF800, 0xF800, 0xF800, 0xF800, 0xF800, 0xF800, 
    0xF800, 0xF800, 0xF800, 0xF800, 0xF800, 0xF800, 0xF800, 0xF800, 0xF800, 0xF800, 0xF800, 0xF800, 
    0xF800, 0xF800, 0xF800, 0xF800, 0xF800, 0xF800, 0xF800, 0xF800, 0xF800, 0xF800, 0xF800, 0xF800, 
    0xF800, 0xF800, 0xF800, 0xF800, 0xF800, 0xF800, 0xF800, 0xF800, 0x0924, 0x0924, 0x0924, 0xF800, 
    0xF800, 0xF800, 0xF800, 0xF800, 0xF800, 0xF800, 0xF800, 0xF800, 0xF800, 0xF800, 0xF800, 0xF800, 
    0xF800, 0xF800, 0x0924, 0x0924, 0x0924, 0x0924, 0x0924, 0x0924, 0x0924, 0x0924, 0x0924, 0x0924, 
    0x0924, 0x0924, 0x0924, 0x0924, 0x0924, 0x0924, 0x0924, 0x0924, 0x0924, 0x0924, 0x0924, 0x0924, 
    0x0924, 0x0924, 0x0924, 0x0924, 0x0924, 0x0924, 0x0924, 0x0924, 0x0924, 0x0924, 0x0924, 0x0924, 
    0x0924, 0x0924, 0x0924, 0x0924, 0x0924, 0x0924, 0x0924, 0x0924, 0x0924, 0xF800, 0xF800, 0xF800, 
    0xF800, 0xF800, 0xF800, 0xF800, 0xF800, 0xF800, 0xF800, 0xF800, 0xF800, 0xF800, 0xF800, 0xF800, 
    0xF800, 0xF800, 0xF800, 0xF800, 0xF800, 0xF800, 0xF800, 0xF800, 0xF800, 0xF800, 0xF800, 0xF800, 
    0xF800, 0xF800, 0xF800, 0xF800, 0xF800, 0xF800, 0xF800, 0xF800, 0xF800, 0xF800, 0xF800, 0xF800, 
    0xF800, 0xF800, 0xF800, 0xF800, 0xF800, 0xF800, 0xF800, 0xF800, 0xF800, 0xF800, 0xF800, 0xF800, 
    0xF800, 0xF800, 0xF800, 0xF800, 0xF800, 0xF800, 0xF800, 0x0924, 0xF800, 0xF800, 0xF800, 0xF800, 
    0xF800, 0xF800, 0xF800, 0xF800, 0xF800, 0xF800, 0xF800, 0xF800, 0xF800, 0xF800, 0xF800, 0xF800, 
    0xF800, 0xF800, 0xF800, 0x0924, 0x0924, 0x0924, 0x0924, 0x0924, 0x0924, 0x0924, 0x0924, 0x0924, 
    0x0924, 0x0924, 0x0924, 0x0924, 0x0924, 0x0924, 0x0924, 0x0924, 0x0924, 0x0924, 0x0924, 0x0924, 
    0x0924, 0x0924, 0x0924, 0x0924, 0x0924, 0x0924, 0x0924, 0x0924, 0x0924, 0x0924, 0x0924, 0x0924, 
    0x0924, 0x0924, 0x0924, 0x0924, 0x0924, 0x0924, 0x0924, 0x0924, 0x0924, 0x0924, 0x0924, 0x0924, 
    0xF800, 0xF800, 0xF800, 0xF800, 0xF800, 0xF800, 0xF800, 0xF800, 0xF800, 0xF800, 0xF800, 0xF800, 
    0xF800, 0xF800, 0xF800, 0xF800, 0xF800, 0xF800, 0xF800, 0xF800, 0xF800, 0xF800, 0xF800, 0xF800, 
    0xF800, 0xF800, 0xF800, 0xF800, 0xF800, 0xF800, 0xF800, 0xF800, 0xF800, 0xF800, 0xF800, 0xF800, 
    0xF800, 0xF800, 0xF800, 0xF800, 0xF800, 0xF800, 0xF800, 0xF800, 0xF800, 0xF800, 0xF800, 0xF800, 
    0xF800, 0xF800, 0xF800, 0xF800, 0xF800, 0xF800, 0xF800, 0xF800, 0xF800, 0xF800, 0xF800, 0xF800, 
    0xF800, 0xF800, 0xF800, 0xF800, 0xF800, 0xF800, 0xF800, 0xF800, 0xF800, 0xF800, 0xF800, 0xF800, 
    0xF800, 0xF800, 0xF800, 0x0924, 0x0924, 0x0924, 0x0924, 0x0924, 0x0924, 0x0924, 0x0924, 0x0924, 
    0x0924, 0x0924, 0x0924, 0x0924, 0x0924, 0x0924, 0x0924, 0x0924, 0x0924, 0x0924, 0x0924, 0x0924, 
    0x0924, 0x0924, 0x0924, 0x0924, 0x0924, 0x0924, 0x0924, 0x0924, 0x0924, 0x0924, 0x0924, 0x0924, 
    0x0924, 0x0924, 0x0924, 0x0924, 0x0924, 0x0924, 0x0924, 0x0924, 0x0924, 0x0924, 0x0924, 0x0924, 
    0x0924, 0x0924, 0xF800, 0xF800, 0xF800, 0xF800, 0xF800, 0xF800, 0xF800, 0xF800, 0xF800, 0xF800, 
    0xF800, 0xF800, 0xF800, 0xF800, 0xF800, 0xF800, 0xF800, 0xF800, 0xF800, 0xF800, 0xF800, 0xF800, 
    0xF800, 0xF800, 0xF800, 0xF800, 0xF800, 0xF800, 0xF800, 0xF800, 0xF800, 0xF800, 0xF800, 0xF800, 
    0xF800, 0xF800, 0xF800, 0xF800, 0xF800, 0xF800, 0xF800, 0xF800, 0xF800, 0xF800, 0xF800, 0xF800, 
    0xF800, 0xF800, 0xF800, 0xF800, 0xF800, 0xF800, 0xF800, 0xF800, 0xF800, 0xF800, 0xF800, 0xF800, 
    0xF800, 0xF800, 0xF800, 0xF800, 0xF800, 0xF800, 0xF800, 0xF800, 0xF800, 0xF800, 0xF800, 0xF800, 
    0x0924, 0x0924, 0x0924, 0x0924, 0x0924, 0x0924, 0x0924, 0x0924, 0x0924, 0x0924, 0x0924, 0x0924, 
    0x0924, 0x0924, 0x0924, 0x0924, 0x0924, 0x0924, 0x0924, 0x0924, 0x0924, 0x0924, 0x0924, 0x0924, 
    0x0924, 0x0924, 0x0924, 0x0924, 0x0924, 0x0924, 0x0924, 0x0924, 0x0924, 0x0924, 0x0924, 0x0924, 
    0x0924, 0x0924, 0x0924, 0x0924, 0x0924, 0x0924, 0x0924, 0x0924, 0x0924, 0x0924, 0x0924, 0x0924, 
    0x0924, 0x0924, 0x0924, 0x0924, 0x0924, 0xF800, 0xF800, 0xF800, 0xF800, 0xF800, 0xF800, 0xF800, 
    0xF800, 0xF800, 0xF800, 0xF800, 0xF800, 0xF800, 0xF800, 0xF800, 0xF800, 0xF800, 0xF800, 0xF800, 
    0xF800, 0xF800, 0xF800, 0xF800, 0xF800, 0xF800, 0xF800, 0xF800, 0xF800, 0xF800, 0xF800, 0xF800, 
    0xF800, 0xF800, 0xF800, 0xF800, 0xF800, 0xF800, 0xF800, 0xF800, 0xF800, 0xF800, 0xF800, 0xF800, 
    0xF800, 0xF800, 0xF800, 0xF800, 0xF800, 0xF800, 0xF800, 0xF800, 0xF800, 0xF800, 0xF800, 0xF800, 
    0xF800, 0xF800, 0xF800, 0xF800, 0xF800, 0xF800, 0xF800, 0xF800, 0xF800, 0xF800, 0x0924, 0x0924, 
    0x0924, 0x0924, 0x0924, 0x0924, 0x0924, 0x0924, 0x0924, 0x0924, 0x0924, 0x0924, 0x0924, 0x0924, 
    0x0924, 0x0924, 0x0924, 0x0924, 0x0924, 0x0924, 0x0924, 0x0924, 0x0924, 0x0924, 0x0924, 0x0924, 
    0x0924, 0x0924, 0x0924, 0x0924, 0x0924, 0x0924, 0x0924, 0x0924, 0x0924, 0x0924, 0x0924, 0x0924, 
    0x0924, 0x0924, 0x0924, 0x0924, 0x0924, 0x0924, 0x0924, 0x0924, 0x0924, 0x0924, 0x0924, 0x0924, 
    0x0924, 0x0924, 0x0924, 0x0924, 0x0924, 0x0924, 0x0924, 0x0924, 0xF800, 0xF800, 0xF800, 0xF800, 
    0xF800, 0xF800, 0xF800, 0xF800, 0xF800, 0xF800, 0xF800, 0xF800, 0xF800, 0xF800, 0xF800, 0xF800, 
    0xF800, 0xF800, 0xF800, 0xF800, 0xF800, 0xF800, 0xF800, 0xF800, 0xF800, 0xF800, 0xF800, 0xF800, 
    0xF800, 0xF800, 0xF800, 0xF800, 0xF800, 0xF800, 0xF800, 0xF800, 0xF800, 0xF800, 0xF800, 0xF800, 
    0xF800, 0xF800, 0xF800, 0xF800, 0xF800, 0xF800, 0xF800, 0xF800, 0xF800, 0xF800, 0xF800, 0xF800, 
    0xF800, 0xF800, 0xF800, 0xF800, 0xF800, 0xF800, 0xF800, 0x0924, 0x0924, 0x0924, 0x0924, 0x0924, 
    0x0924, 0x0924, 0x0924, 0x0924, 0x0924, 0x0924, 0x0924, 0x0924, 0x0924, 0x0924, 0x0924, 0x0924, 
    0x0924, 0x0924, 0x0924, 0x0924, 0x0924, 0x0924, 0x0924, 0x0924, 0x0924, 0x0924, 0x0924, 0x0924, 
    0x0924, 0x0924, 0x0924, 0x0924, 0x0924, 0x0924, 0x0924, 0x0924, 0x0924, 0x0924, 0x0924, 0x0924, 
    0x0924, 0x0924, 0x0924, 0x0924, 0x0924, 0x0924, 0x0924, 0x0924, 0x0924, 0x0924, 0x0924, 0x0924, 
    0x0924, 0x0924, 0x0924, 0x0924, 0x0924, 0x0924, 0x0924, 0x0924, 0x0924, 0x0924, 0x0924, 0xF800, 
    0xF800, 0xF800, 0xF800, 0xF800, 0xF800, 0xF800, 0xF800, 0xF800, 0xF800, 0xF800, 0xF800, 0xF800, 
    0xF800, 0xF800, 0xF800, 0xF800, 0xF800, 0xF800, 0xF800, 0xF800, 0xF800, 0xF800, 0xF800, 0xF800, 
    0xF800, 0xF800, 0xF800, 0xF800, 0xF800, 0xF800, 0xF800, 0xF800, 0xF800, 0xF800, 0xF800, 0xF800, 
    0xF800, 0xF800, 0xF800, 0xF800, 0xF800, 0xF800, 0xF800, 0xF800, 0xF800, 0xF800, 0xF800, 0xF800, 
    0xF800, 0xF800, 0xF800, 0xF800, 0x0924, 0x0924, 0x0924, 0x0924, 0x0924, 0x0924, 0x0924, 0x0924, 
    0x0924, 0x0924, 0x0924, 0x0924, 0x0924, 0x0924, 0x0924, 0x0924, 0x0924, 0x0924, 0x0924, 0x0924, 
    0x0924, 0x0924, 0x0924, 0x0924, 0x0924, 0x0924, 0x0924, 0x0924, 0x0924, 0x0924, 0x0924, 0x0924, 
    0x0924, 0x0924, 0x0924, 0x0924, 0x0924, 0x0924, 0x0924, 0x0924, 0x0924, 0x0924, 0x0924, 0x0924, 
    0x0924, 0x0924, 0x0924, 0x0924, 0x0924, 0x0924, 0x0924, 0x0924, 0x0924, 0x0924, 0x0924, 0x0924, 
    0x0924, 0x0924, 0x0924, 0x0924, 0x0924, 0x0924, 0x0924, 0x0924, 0x0924, 0x0924, 0x0924, 0x0924, 
    0x0924, 0xF800, 0xF800, 0xF800, 0xF800, 0xF800, 0xF800, 0xF800, 0xF800, 0xF800, 0xF800, 0xF800, 
    0xF800, 0xF800, 0xF800, 0xF800, 0xF800, 0xF800, 0xF800, 0xF800, 0xF800, 0xF800, 0xF800, 0xF800, 
    0xF800, 0xF800, 0xF800, 0xF800, 0xF800, 0xF800, 0xF800, 0xF800, 0xF800, 0xF800, 0xF800, 0xF800, 
    0xF800, 0xF800, 0xF800, 0xF800, 0xF800, 0xF800, 0xF800, 0xF800, 0xF800, 0xF800, 0xF800, 0xF800, 
    0xF800, 0xF800, 0x0924, 0x0924, 0x0924, 0x0924, 0x0924, 0x0924, 0x0924, 0x0924, 0x0924, 0x0924, 
    0x0924, 0x0924, 0x0924, 0x0924, 0x0924, 0x0924, 0x0924, 0x0924, 0x0924, 0x0924, 0x0924, 0x0924, 
    0x0924, 0x0924, 0x0924, 0x0924, 0x0924, 0x0924, 0x0924, 0x0924, 0x0924, 0x0924, 0x0924, 0x0924, 
    0x0924, 0x0924, 0x0924, 0x0924, 0x0924, 0x0924, 0x0924, 0x0924, 0x0924, 0x0924, 0x0924, 0x0924, 
    0x0924, 0x0924, 0x0924, 0x0924, 0x0924, 0x0924, 0x0924, 0x0924, 0x0924, 0x0924, 0x0924, 0x0924, 
    0x0924, 0x0924, 0x0924, 0x0924, 0x0924, 0x0924, 0x0924, 0x0924, 0x0924, 0x0924, 0x0924, 0x0924, 
    0x0924, 0x0924, 0x0924, 0x0924, 0xF800, 0xF800, 0xF800, 0xF800, 0xF800, 0xF800, 0xF800, 0xF800, 
    0xF800, 0xF800, 0xF800, 0xF800, 0xF800, 0xF800, 0xF800, 0xF800, 0xF800, 0xF800, 0xF800, 0xF800, 
    0xF800, 0xF800, 0xF800, 0xF800, 0xF800, 0xF800, 0xF800, 0xF800, 0xF800, 0xF800, 0xF800, 0xF800, 
    0xF800, 0xF800, 0xF800, 0xF800, 0xF800, 0xF800, 0xF800, 0xF800, 0xF800, 0xF800, 0xF800, 0x0924, 
    0x0924, 0x0924, 0x0924, 0x0924, 0x0924, 0x0924, 0x0924, 0x0924, 0x0924, 0x0924, 0x0924, 0x0924, 
    0x0924, 0x0924, 0x0924, 0x0924, 0x0924, 0x0924, 0x0924, 0x0924, 0x0924, 0x0924, 0x0924, 0x0924, 
    0x0924, 0x0924, 0x0924, 0x0924, 0x0924, 0x0924, 0x0924, 0x0924, 0x0924, 0x0924, 0x0924, 0x0924, 
    0x0924, 0x0924, 0x0924, 0x0924, 0x0924, 0x0924, 0x0924, 0x0924, 0x0924, 0x0924, 0x0924, 0x0924, 
    0x0924, 0x0924, 0x0924, 0x0924, 0x0924, 0x0924, 0x0924, 0x0924, 0x0924, 0x0924, 0x0924, 0x0924, 
    0x0924, 0x0924, 0x0924, 0x0924, 0x0924, 0x0924, 0x0924, 0x0924, 0x0924, 0x0924, 0x0924, 0x0924, 
    0x0924, 0x0924, 0x0924, 0x0924, 0x0924, 0x0924, 0x0924, 0xF800, 0xF800, 0xF800, 0xF800, 0xF800, 
    0xF800, 0xF800, 0xF800, 0xF800, 0xF800, 0xF800, 0xF800, 0xF800, 0xF800, 0xF800, 0xF800, 0xF800, 
    0xF800, 0xF800, 0xF800, 0xF800, 0xF800, 0xF800, 0xF800, 0xF800, 0xF800, 0xF800, 0xF800, 0xF800, 
    0xF800, 0xF800, 0xF800, 0xF800, 0xF800, 0xF800, 0xF800, 0xF800, 0x0924, 0x0924, 0x0924, 0x0924, 
    0x0924, 0x0924, 0x0924, 0x0924, 0x0924, 0x0924, 0x0924, 0x0924, 0x0924, 0x0924, 0x0924, 0x0924, 
    0x0924, 0x0924, 0x0924, 0x0924, 0x0924, 0x0924, 0x0924, 0x0924, 0x0924, 0x0924, 0x0924, 0x0924, 
    0x0924, 0x0924, 0x0924, 0x0924, 0x0924, 0x0924, 0x0924, 0x0924, 0x0924, 0x0924, 0x0924, 0x0924, 
    0x0924, 0x0924, 0x0924, 0x0924, 0x0924, 0x0924, 0x0924, 0x0924, 0x0924, 0x0924, 0x0924, 0x0924, 
    0x0924, 0x0924, 0x0924, 0x0924, 0x0924, 0x0924, 0x0924, 0x0924, 0x0924, 0x0924, 0x0924, 0x0924, 
    0x0924, 0x0924, 0x0924, 0x0924, 0x0924, 0x0924, 0x0924, 0x0924, 0x0924, 0x0924, 0x0924, 0x0924, 
    0x0924, 0x0924, 0x0924, 0x0924, 0x0924, 0x0924, 0x0924, 0x0924, 0x0924, 0xF800, 0xF800, 0xF800, 
    0xF800, 0xF800, 0xF800, 0xF800, 0xF800, 0xF800, 0xF800, 0xF800, 0xF800, 0xF800, 0xF800, 0xF800, 
    0xF800, 0xF800, 0xF800, 0xF800, 0xF800, 0xF800, 0xF800, 0xF800, 0xF800, 0xF800, 0xF800, 0xF800, 
    0xF800, 0xF800, 0xF800, 0xF800, 0xF800, 0xF800, 0x0924, 0x0924, 0x0924, 0x0924, 0x0924, 0x0924, 
    0x0924, 0x0924, 0x0924, 0x0924, 0x0924, 0x0924, 0x0924, 0x0924, 0x0924, 0x0924, 0x0924, 0x0924, 
    0x0924, 0x0924, 0x0924, 0x0924, 0x0924, 0x0924, 0x0924, 0x0924, 0x0924, 0x0924, 0x0924, 0x0924, 
    0x0924, 0x0924, 0x0924, 0x0924, 0x0924, 0x0924, 0x0924, 0x0924, 0x0924, 0x0924, 0x0924, 0x0924, 
    0x0924, 0x0924, 0x0924, 0x0924, 0x0924, 0x0924, 0x0924, 0x0924, 0x0924, 0x0924, 0x0924, 0x0924, 
    0x0924, 0x0924, 0x0924, 0x0924, 0x0924, 0x0924, 0x0924, 0x0924, 0x0924, 0x0924, 0x0924, 0x0924, 
    0x0924, 0x0924, 0x0924, 0x0924, 0x0924, 0x0924, 0x0924, 0x0924, 0x0924, 0x0924, 0x0924, 0x0924, 
    0x0924, 0x0924, 0x0924, 0x0924, 0x0924, 0x0924, 0x0924, 0x0924, 0x0924, 0x0924, 0x0924, 0x0924, 
    0xF800, 0xF800, 0xF800, 0xF800, 0xF800, 0xF800, 0xF800, 0xF800, 0xF800, 0xF800, 0xF800, 0xF800, 
    0xF800, 0xF800, 0xF800, 0xF800, 0xF800, 0xF800, 0xF800, 0xF800, 0xF800, 0xF800, 0xF800, 0xF800, 
    0xF800, 0xF800, 0xF800, 0x0924, 0x0924, 0x0924, 0x0924, 0x0924, 0x0924, 0x0924, 0x0924, 0x0924, 
    0x0924, 0x0924, 0x0924, 0x0924, 0x0924, 0x0924, 0x0924, 0x0924, 0x0924, 0x0924, 0x0924, 0x0924, 
    0x0924, 0x0924, 0x0924, 0x0924, 0x0924, 0x0924, 0x0924, 0x0924, 0x0924, 0x0924, 0x0924, 0x0924, 
    0x0924, 0x0924, 0x0924, 0x0924, 0x0924, 0x0924, 0x0924, 0x0924, 0x0924, 0x0924, 0x0924, 0x0924, 
    0x0924, 0x0924, 0x0924, 0x0924, 0x0924, 0x0924, 0x0924, 0x0924, 0x0924, 0x0924, 0x0924, 0x0924, 
    0x0924, 0x0924, 0x0924, 0x0924, 0x0924, 0x0924, 0x0924, 0x0924, 0x0924, 0x0924, 0x0924, 0x0924, 
    0x0924, 0x0924, 0x0924, 0x0924, 0x0924, 0x0924, 0x0924, 0x0924, 0x0924, 0x0924, 0x0924, 0x0924, 
    0x0924, 0x0924, 0x0924, 0x0924, 0x0924, 0x0924, 0x0924, 0x0924, 0x0924, 0x0924, 0x0924, 0x0924, 
    0x0924, 0x0924, 0x0924, 0xF800, 0xF800, 0xF800, 0xF800, 0xF800, 0xF800, 0xF800, 0xF800, 0xF800, 
    0xF800, 0xF800, 0xF800, 0xF800, 0xF800, 0xF800, 0xF800, 0xF800, 0xF800, 0xF800, 0xF800, 0xF800, 
    0xF800, 0x0924, 0x0924, 0x0924, 0x0924, 0x0924, 0x0924, 0x0924, 0x0924, 0x0924, 0x0924, 0x0924, 
    0x0924, 0x0924, 0x0924, 0x0924, 0x0924, 0x0924, 0x0924, 0x0924, 0x0924, 0x0924, 0x0924, 0x0924, 
    0x0924, 0x0924, 0x0924, 0x0924, 0x0924, 0x0924, 0x0924, 0x0924, 0x0924, 0x0924, 0x0924, 0x0924, 
    0x0924, 0x0924, 0x0924, 0x0924, 0x0924, 0x0924, 0x0924, 0x0924, 0x0924, 0x0924, 0x0924, 0x0924, 
    0x0924, 0x0924, 0x0924, 0x0924, 0x0924, 0x0924, 0x0924, 0x0924, 0x0924, 0x0924, 0x0924, 0x0924, 
    0x0924, 0x0924, 0x0924, 0x0924, 0x0924, 0x0924, 0x0924, 0x0924, 0x0924, 0x0924, 0x0924, 0x0924, 
    0x0924, 0x0924, 0x0924, 0x0924, 0x0924, 0x0924, 0x0924, 0x0924, 0x0924, 0x0924, 0x0924, 0x0924, 
    0x0924, 0x0924, 0x0924, 0x0924, 0x0924, 0x0924, 0x0924, 0x0924, 0x0924, 0x0924, 0x0924, 0x0924, 
    0x0924, 0x0924, 0x0924, 0x0924, 0x0924, 0x0924, 0xF800, 0xF800, 0xF800, 0xF800, 0xF800, 0xF800, 
    0xF800, 0xF800, 0xF800, 0xF800, 0xF800, 0xF800, 0xF800, 0xF800, 0xF800, 0xF800, 0x0924, 0x0924, 
    0x0924, 0x0924, 0x0924, 0x0924, 0x0924, 0x0924, 0x0924, 0x0924, 0x0924, 0x0924, 0x0924, 0x0924, 
    0x0924, 0x0924, 0x0924, 0x0924, 0x0924, 0x0924, 0x0924, 0x0924, 0x0924, 0x0924, 0x0924, 0x0924, 
    0x0924, 0x0924, 0x0924, 0x0924, 0x0924, 0x0924, 0x0924, 0x0924, 0x0924, 0x0924, 0x0924, 0x0924, 
    0x0924, 0x0924, 0x0924, 0x0924, 0x0924, 0x0924, 0x0924, 0x0924, 0x0924, 0x0924, 0x0924, 0x0924, 
    0x0924, 0x0924, 0x0924, 0x0924, 0x0924, 0x0924, 0x0924, 0x0924, 0x0924, 0x0924, 0x0924, 0x0924, 
    0x0924, 0x0924, 0x0924, 0x0924, 0x0924, 0x0924, 0x0924, 0x0924, 0x0924, 0x0924, 0x0924, 0x0924, 
    0x0924, 0x0924, 0x0924, 0x0924, 0x0924, 0x0924, 0x0924, 0x0924, 0x0924, 0x0924, 0x0924, 0x0924, 
    0x0924, 0x0924, 0x0924, 0x0924, 0x0924, 0x0924, 0x0924, 0x0924, 0x0924, 0x0924, 0x0924, 0x0924, 
    0x0924, 0x0924, 0x0924, 0x0924, 0x0924, 0x0924, 0x0924, 0x0924, 0xF800, 0xF800, 0xF800, 0xF800, 
    0xF800, 0xF800, 0xF800, 0xF800, 0xF800, 0xF800, 0xF800, 0x0924, 0x0924, 0x0924, 0x0924, 0x0924, 
    0x0924, 0x0924, 0x0924, 0x0924, 0x0924, 0x0924, 0x0924, 0x0924, 0x0924, 0x0924, 0x0924, 0x0924, 
    0x0924, 0x0924, 0x0924, 0x0924, 0x0924, 0x0924, 0x0924, 0x0924, 0x0924, 0x0924, 0x0924, 0x0924, 
    0x0924, 0x0924, 0x0924, 0x0924, 0x0924, 0x0924, 0x0924, 0x0924, 0x0924, 0x0924, 0x0924, 0x0924, 
    0x0924, 0x0924, 0x0924, 0x0924, 0x0924, 0x0924, 0x0924, 0x0924, 0x0924, 0x0924, 0x0924, 0x0924, 
    0x0924, 0x0924, 0x0924, 0x0924, 0x0924, 0x0924, 0x0924, 0x0924, 0x0924, 0x0924, 0x0924, 0x0924, 
    0x0924, 0x0924, 0x0924, 0x0924, 0x0924, 0x0924, 0x0924, 0x0924, 0x0924, 0x0924, 0x0924, 0x0924, 
    0x0924, 0x0924, 0x0924, 0x0924, 0x0924, 0x0924, 0x0924, 0x0924, 0x0924, 0x0924, 0x0924, 0x0924, 
    0x0924, 0x0924, 0x0924, 0x0924, 0x0924, 0x0924, 0x0924, 0x0924, 0x0924, 0x0924, 0x0924, 0x0924, 
    0x0924, 0x0924, 0x0924, 0x0924, 0x0924, 0x0924, 0x0924, 0x0924, 0x0924, 0x0924, 0x0924, 0xF800, 
    0x0924, 0xF800, 0xF800, 0xF800, 0xF800, 0x0924, 0x0924, 0x0924, 0x0924, 0x0924, 0x0924, 0x0924, 
    0x0924, 0x0924, 0x0924, 0x0924, 0x0924, 0x0924, 0x0924, 0x0924, 0x0924, 0x0924, 0x0924, 0x0924, 
    0x0924, 0x0924, 0x0924, 0x0924, 0x0924, 0x0924, 0x0924, 0x0924, 0x0924, 0x0924, 0x0924, 0x0924, 
    0x0924, 0x0924, 0x0924, 0x0924, 0x0924, 0x0924, 0x0924, 0x0924, 0x0924, 0x0924, 0x0924, 0x0924, 
    0x0924, 0x0924, 0x0924, 0x0924, 0x0924, 0x0924, 0x0924, 0x0924, 0x0924, 0x0924, 0x0924, 0x0924, 
    0x0924, 0x0924, 0x0924, 0x0924, 0x0924, 0x0924, 0x0924, 0x0924, 0x0924, 0x0924, 0x0924, 0x0924, 
    0x0924, 0x0924, 0x0924, 0x0924, 0x0924, 0x0924, 0x0924, 0x0924, 0x0924, 0x0924, 0x0924, 0x0924, 
    0x0924, 0x0924, 0x0924, 0x0924, 0x0924, 0x0924, 0x0924, 0x0924, 0x0924, 0x0924, 0x0924, 0x0924, 
    0x0924, 0x0924, 0x0924, 0x0924, 0x0924, 0x0924, 0x0924, 0x0924, 0x0924, 0x0924, 0x0924, 0x0924, 
    0x0924, 0x0924, 0x0924, 0x0924, 0x0924, 0x0924, 0x0924, 0x0924, 0x0924, 0x0924, 0x0924, 0x0924, 
    0x0924, 0xF800, 0x0924, 0x0924, 0x0924, 0x0924, 0x0924, 0x0924, 0x0924, 0x0924, 0x0924, 0x0924, 
    0x0924, 0x0924, 0x0924, 0x0924, 0x0924, 0x0924, 0x0924, 0x0924, 0x0924, 0x0924, 0x0924, 0x0924, 
    0x0924, 0x0924, 0x0924, 0x0924, 0x0924, 0x0924, 0x0924, 0x0924, 0x0924, 0x0924, 0x0924, 0x0924, 
    0x0924, 0x0924, 0x0924, 0x0924, 0x0924, 0x0924, 0x0924, 0x0924, 0x0924, 0x0924, 0x0924, 0x0924, 
    0x0924, 0x0924, 0x0924, 0x0924, 0x0924, 0x0924, 0x0924, 0x0924, 0x0924, 0x0924, 0x0924, 0x0924, 
    0x0924, 0x0924, 0x0924, 0x0924, 0x0924, 0x0924, 0x0924, 0x0924, 0x0924, 0x0924, 0x0924, 0x0924, 
    0x0924, 0x0924, 0x0924, 0x0924, 0x0924, 0x0924, 0x0924, 0x0924, 0x0924, 0x0924, 0x0924, 0x0924, 
    0x0924, 0x0924, 0x0924, 0x0924, 0x0924, 0x0924, 0x0924, 0x0924, 0x0924, 0x0924, 0x0924, 0x0924, 
    0x0924, 0x0924, 0x0924, 0x0924, 0x0924, 0x0924, 0x0924, 0x0924, 0x0924, 0x0924, 0x0924, 0x0924, 
    0x0924, 0x0924, 0x0924, 0x0924, 0x0924, 0x0924, 0x0924, 0x0924, 0x0924, 0x0924, 0x0924, 0x0924, 
    0x0924, 0x0924, 0x0924, 0x0924, 0x0924, 0x0924, 0x0924, 0x0924, 0x0924, 0x0924, 0x0924, 0x0924, 
    0x0924, 0x0924, 0x0924, 0x0924, 0x0924, 0x0924, 0x0924, 0x0924, 0x0924, 0x0924, 0x0924, 0x0924, 
    0x0924, 0x0924, 0x0924, 0x0924, 0x0924, 0x0924, 0x0924, 0x0924, 0x0924, 0x0924, 0x0924, 0x0924, 
    0x0924, 0x0924, 0x0924, 0x0924, 0x0924, 0x0924, 0x0924, 0x0924, 0x0924, 0x0924, 0x0924, 0x0924, 
    0x0924, 0x0924, 0x0924, 0x0924, 0x0924, 0x0924, 0x0924, 0x0924, 0x0924, 0x0924, 0x0924, 0x0924, 
    0x0924, 0x0924, 0x0924, 0x0924, 0x0924, 0x0924, 0x0924, 0x0924, 0x0924, 0x0924, 0x0924, 0x0924, 
    0x0924, 0x0924, 0x0924, 0x0924, 0x0924, 0x0924, 0x0924, 0x0924, 0x0924, 0x0924, 0x0924, 0x0924, 
    0x0924, 0x0924, 0x0924, 0x0924, 0x0924, 0x0924, 0x0924, 0x0924, 0x0924, 0x0924, 0x0924, 0x0924, 
    0x0924, 0x0924, 0x0924, 0x0924, 0x0924, 0x0924, 0x0924, 0x0924, 0x0924, 0x0924, 0x0924, 0x0924, 
    0x0924, 0x0924, 0x0924, 0x0924, 0x0924, 0x0924, 0x0924, 0x0924, 0x0924, 0x0924, 0x0924, 0x0924, 
    0x0924, 0x0924, 0x0924, 0x0924, 0x0924, 0x0924, 0x0924, 0x0924, 0x0924, 0x0924, 0x0924, 0x0924, 
    0x0924, 0x0924, 0x0924, 0x0924, 0x0924, 0x0924, 0x0924, 0x0924, 0x0924, 0x0924, 0x0924, 0x0924, 
    0x0924, 0x0924, 0x0924, 0x0924, 0x0924, 0x0924, 0x0924, 0x0924, 0x0924, 0x0924, 0x0924, 0x0924, 
    0x0924, 0x0924, 0x0924, 0x0924, 0x0924, 0x0924, 0x0924, 0x0924, 0x0924, 0x0924, 0x0924, 0x0924, 
    0x0924, 0x0924, 0x0924, 0x0924, 0x0924, 0x0924, 0x0924, 0x0924, 0x0924, 0x0924, 0x0924, 0x0924, 
    0x0924, 0x0924, 0x0924, 0x0924, 0x0924, 0x0924, 0x0924, 0x0924, 0x0924, 0x0924, 0x0924, 0x0924, 
    0x0924, 0x0924, 0x0924, 0x0924, 0x0924, 0x0924, 0x0924, 0x0924, 0x0924, 0x0924, 0x0924, 0x0924, 
    0x0924, 0x0924, 0x0924, 0x0924, 0x0924, 0x0924, 0x0924, 0x0924, 0x0924, 0x0924, 0x0924, 0x0924, 
    0x0924, 0x0924, 0x0924, 0x0924, 0x0924, 0x0924, 0x0924, 0x0924, 0x0924, 0x0924, 0x0924, 0x0924, 
    0x0924, 0x0924, 0x0924, 0x0924, 0x0924, 0x0924, 0x0924, 0x0924, 0x0924, 0x0924, 0x0924, 0x0924, 
    0x0924, 0x0924, 0x0924, 0x0924, 0x0924, 0x0924, 0x0924, 0x0924, 0x0924, 0x0924, 0x0924, 0x0924, 
    0x0924, 0x0924, 0x0924, 0x0924, 0x0924, 0x0924, 0x0924, 0x0924, 0x0924, 0x0924, 0x0924, 0x0924, 
    0x0924, 0x0924, 0x0924, 0x0924, 0x0924, 0x0924, 0x0924, 0x0924, 0x0924, 0x0924, 0x0924, 0x0924, 
    0x0924, 0x0924, 0x0924, 0x0924, 0x0924, 0x0924, 0x0924, 0x0924, 0x0924, 0x0924, 0x0924, 0x0924, 
    0x0924, 0x0924, 0x0924, 0x0924, 0x0924, 0x0924, 0x0924, 0x0924, 0x0924, 0x0924, 0x0924, 0x0924, 
    0x0924, 0x0924, 0x0924, 0x0924, 0x0924, 0x0924, 0x0924, 0x0924, 0x0924, 0x0924, 0x0924, 0x0924, 
    0x0924, 0x0924, 0x0924, 0x0924, 0x0924, 0x0924, 0x0924, 0x0924, 0x0924, 0x0924, 0x0924, 0x0924, 
    0x0924, 0x0924, 0x0924, 0x0924, 0x0924, 0x0924, 0x0924, 0x0924, 0x0924, 0x0924, 0x0924, 0x0924, 
    0x0924, 0x0924, 0x0924, 0x0924, 0x0924, 0x0924, 0x0924, 0x0924, 0x0924, 0x0924, 0x0924, 0x0924, 
    0x0924, 0x0924, 0x0924, 0x0924, 0x0924, 0x0924, 0x0924, 0x0924, 0x0924, 0x0924, 0x0924, 0x0924, 
    0x0924, 0x0924, 0x0924, 0x0924, 0x0924, 0x0924, 0x0924, 0x0924, 0x0924, 0x0924, 0x0924, 0x0924, 
    0x0924, 0x0924, 0x0924, 0x0924, 0x0924, 0x0924, 0x0924, 0x0924, 0x0924, 0x0924, 0x0924, 0x0924, 
    0x0924, 0x0924, 0x0924, 0x0924, 0x0924, 0x0924, 0x0924, 0x0924, 0x0924, 0x0924, 0x0924, 0x0924, 
    0x0924, 0x0924, 0x0924, 0x0924, 0x0924, 0x0924, 0x0924, 0x0924, 0x0924, 0x0924, 0x0924, 0x0924, 
    0x0924, 0x0924, 0x0924, 0x0924, 0x0924, 0x0924, 0x0924, 0x0924, 0x0924, 0x0924, 0x0924, 0x0924, 
    0x0924, 0x0924, 0x0924, 0x0924, 0x0924, 0x0924, 0x0924, 0x0924, 0x0924, 0x0924, 0x0924, 0x0924, 
    0x0924, 0x0924, 0x0924, 0x0924, 0x0924, 0x0924, 0x0924, 0x0924, 0x0924, 0x0924, 0x0924, 0x0924, 
    0x0924, 0x0924, 0x0924, 0x0924, 0x0924, 0x0924, 0x0924, 0x0924, 0x0924, 0x0924, 0x0924, 0x0924, 
    0x0924, 0x0924, 0x0924, 0x0924, 0x0924, 0x0924, 0x0924, 0x0924, 0x0924, 0x0924, 0x0924, 0x0924, 
    0x0924, 0x0924, 0x0924, 0x0924, 0x0924, 0x0924, 0x0924, 0x0924, 0x0924, 0x0924, 0x0924, 0x0924, 
    0x0924, 0x0924, 0x0924, 0x0924, 0x0924, 0x0924, 0x0924, 0x0924, 0x0924, 0x0924, 0x0924, 0x0924, 
    0x0924, 0x0924, 0x0924, 0x0924, 0x0924, 0x0924, 0x0924, 0x0924, 0x0924, 0x0924, 0x0924, 0x0924, 
    0x0924, 0x0924, 0x0924, 0x0924, 0x0924, 0x0924, 0x0924, 0x0924, 0x0924, 0x0924, 0x0924, 0x0924, 
    0x0924, 0x0924, 0x0924, 0x0924, 0x0924, 0x0924, 0x0924, 0x0924, 0x0924, 0x0924, 0x0924, 0x0924, 
    0x0924, 0x0924, 0x0924, 0x0924, 0x0924, 0x0924, 0x0924, 0x0924, 0x0924, 0x0924, 0x0924, 0x0924, 
    0x0924, 0x0924, 0x0924, 0x0924, 0x0924, 0x0924, 0x0924, 0x0924, 0x0924, 0x0924, 0x0924, 0x0924, 
    0x0924, 0x0924, 0x0924, 0x0924, 0x0924, 0x0924, 0x0924, 0x0924, 0x0924, 0x0924, 0x0924, 0x0924, 
    0x0924, 0x0924, 0x0924, 0x0924, 0x0924, 0x0924, 0x0924, 0x0924, 0x0924, 0x0924, 0x0924, 0x0924, 
    0x0924, 0x0924, 0x0924, 0x0924, 0x0924, 0x0924, 0x0924, 0x0924, 0x0924, 0x0924, 0x0924, 0x0924, 
    0x0924, 0x0924, 0x0924, 0x0924, 0x0924, 0x0924, 0x0924, 0x0924, 0x0924, 0x0924, 0x0924, 0x0924, 
    0x0924, 0x0924, 0x0924, 0x0924, 0x0924, 0x0924, 0x0924, 0x0924, 0x0924, 0x0924, 0x0924, 0x0924, 
    0x0924, 0x0924, 0x0924, 0x0924, 0x0924, 0x0924, 0x0924, 0x0924, 0x0924, 0x0924, 0x0924, 0x0924, 
    0x0924, 0x0924, 0x0924, 0x0924, 0x0924, 0x0924, 0x0924, 0x0924, 0x0924, 0x0924, 0x0924, 0x0924, 
    0x0924, 0x0924, 0x0924, 0x0924, 0x0924, 0x0924, 0x0924, 0x0924, 0x0924, 0x0924, 0x0924, 0x0924, 
    0x0924, 0x0924, 0x0924, 0x0924, 0x0924, 0x0924, 0x0924, 0x0924, 0x0924, 0x0924, 0x0924, 0x0924, 
    0x0924, 0x0924, 0x0924, 0x0924, 0x0924, 0x0924, 0x0924, 0x0924, 0x0924, 0x0924, 0x0924, 0x0924, 
    0x0924, 0x0924, 0x0924, 0x0924, 0x0924, 0x0924, 0x0924, 0x0924, 0x0924, 0x0924, 0x0924, 0x0924, 
    0x0924, 0x0924, 0x0924, 0x0924, 0x0924, 0x0924, 0x0924, 0x0924, 0x0924, 0x0924, 0x0924, 0x0924, 
    0x0924, 0x0924, 0x0924, 0x0924, 0x0924, 0x0924, 0x0924, 0x0924, 0x0924, 0x0924, 0x0924, 0x0924, 
    0x0924, 0x0924, 0x0924, 0x0924, 0x0924, 0x0924, 0x0924, 0x0924, 0x0924, 0x0924, 0x0924, 0x0924, 
    0x0924, 0x0924, 0x0924, 0x0924, 0x0924, 0x0924, 0x0924, 0x0924, 0x0924, 0x0924, 0x0924, 0x0924, 
    0x0924, 0x0924, 0x0924, 0x0924, 0x0924, 0x0924, 0x0924, 0x0924, 0x0924, 0x0924, 0x0924, 0x0924, 
    0x0924, 0x0924, 0x0924, 0x0924, 0x0924, 0x0924, 0x0924, 0x0924, 0x0924, 0x0924, 0x0924, 0x0924, 
    0x0924, 0x0924, 0x0924, 0x0924, 0x0924, 0x0924, 0x0924, 0x0924, 0x0924, 0x0924, 0x0924, 0x0924, 
    0x0924, 0x0924, 0x0924, 0x0924, 0x0924, 0x0924, 0x0924, 0x0924, 0x0924, 0x0924, 0x0924, 0x0924, 
    0x0924, 0x0924, 0x0924, 0x0924, 0x0924, 0x0924, 0x0924, 0x0924, 0x0924, 0x0924, 0x0924, 0x0924, 
    0x0924, 0x0924, 0x0924, 0x0924, 0x0924, 0x0924, 0x0924, 0x0924, 0x0924, 0x0924, 0x0924, 0x0924, 
    0x0924, 0x0924, 0x0924, 0x0924, 0x0924, 0x0924, 0x0924, 0x0924, 0x0924, 0x0924, 0x0924, 0x0924, 
    0x0924, 0x0924, 0x0924, 0x0924, 0x0924, 0x0924, 0x0924, 0x0924, 0x0924, 0x0924, 0x0924, 0x0924, 
    0x0924, 0x0924, 0x0924, 0x0924, 0x0924, 0x0924, 0x0924, 0x0924, 0x0924, 0x0924, 0x0924, 0x0924, 
    0x0924, 0x0924, 0x0924, 0x0924, 0x0924, 0x0924, 0x0924, 0x0924, 0x0924, 0x0924, 0x0924, 0x0924, 
    0x0924, 0x0924, 0x0924, 0x0924, 0x0924, 0x0924, 0x0924, 0x0924, 0x0924, 0x0924, 0x0924, 0x0924, 
    0x0924, 0x0924, 0x0924, 0x0924, 0x0924, 0x0924, 0x0924, 0x0924, 0x0924, 0x0924, 0x0924, 0x0924, 
    0x0924, 0x0924, 0x0924, 0x0924, 0x0924, 0x0924, 0x0924, 0x0924, 0x0924, 0x0924, 0x0924, 0x0924, 
    0x0924, 0x0924, 0x0924, 0x0924, 0x0924, 0x0924, 0x0924, 0x0924, 0x0924, 0x0924, 0x0924, 0x0924, 
    0x0924, 0x0924, 0x0924, 0x0924, 0x0924, 0x0924, 0x0924, 0x0924, 0x0924, 0x0924, 0x0924, 0x0924, 
    0x0924, 0x0924, 0x0924, 0x0924, 0x0924, 0x0924, 0x0924, 0x0924, 0x0924, 0x0924, 0x0924, 0x0924, 
    0x0924, 0x0924, 0x0924, 0x0924, 0x0924, 0x0924, 0x0924, 0x0924, 0x0924, 0x0924, 0x0924, 0x0924, 
    0x0924, 0x0924, 0x0924, 0x0924, 0x0924, 0x0924, 0x0924, 0x0924, 0x0924, 0x0924, 0x0924, 0x0924, 
    0x0924, 0x0924, 0x0924, 0x0924, 0x0924, 0x0924, 0x0924, 0x0924, 0x0924, 0x0924, 0x0924, 0x0924, 
    0x0924, 0x0924, 0x0924, 0x0924, 0x0924, 0x0924, 0x0924, 0x0924, 0x0924, 0x0924, 0x0924, 0x0924, 
    0x0924, 0x0924, 0x0924, 0x0924, 0x0924, 0x0924, 0x0924, 0x0924, 0x0924, 0x0924, 0x0924, 0x0924, 
    0x0924, 0x0924, 0x0924, 0x0924, 0x0924, 0x0924, 0x0924, 0x0924, 0x0924, 0x0924, 0x0924, 0x0924, 
    0x0924, 0x0924, 0x0924, 0x0924, 0x0924, 0x0924, 0x0924, 0x0924, 0x0924, 0x0924, 0x0924, 0x0924, 
    0x0924, 0x0924, 0x0924, 0x0924, 0x0924, 0x0924, 0x0924, 0x0924, 0x0924, 0x0924, 0x0924, 0x0924, 
    0x0924, 0x0924, 0x0924, 0x0924, 0x0924, 0x0924, 0x0924, 0x0924, 0x0924, 0x0924, 0x0924, 0x0924, 
    0x0924, 0x0924, 0x0924, 0x0924, 0x0924, 0x0924, 0x0924, 0x0924, 0x0924, 0x0924, 0x0924, 0x0924, 
    0x0924, 0x0924, 0x0924, 0x0924, 0x0924, 0x0924, 0x0924, 0x0924, 0x0924, 0x0924, 0x0924, 0x0924, 
    0x0924, 0x0924, 0x0924, 0x0924, 0x0924, 0x0924, 0x0924, 0x0924, 0x0924, 0x0924, 0x0924, 0x0924, 
    0x0924, 0x0924, 0x0924, 0x0924, 0x0924, 0x0924, 0x0924, 0x0924, 0x0924, 0x0924, 0x0924, 0x0924, 
    0x0924, 0x0924, 0x0924, 0x0924, 0x0924, 0x0924, 0x0924, 0x0924, 0x0924, 0x0924, 0x0924, 0x0924, 
    0x0924, 0x0924, 0x0924, 0x0924, 0x0924, 0x0924, 0x0924, 0x0924, 0x0924, 0x0924, 0x0924, 0x0924, 
    0x0924, 0x0924, 0x0924, 0x0924, 0x0924, 0x0924, 0x0924, 0x0924, 0x0924, 0x0924, 0x0924, 0x0924, 
    0x0924, 0x0924, 0x0924, 0x0924, 0x0924, 0x0924, 0x0924, 0x0924, 0x0924, 0x0924, 0x0924, 0x0924, 
    0x0924, 0x0924, 0x0924, 0x0924, 0x0924, 0x0924, 0x0924, 0x0924, 0x0924, 0x0924, 0x0924, 0x0924, 
    0x0924, 0x0924, 0x0924, 0x0924, 0x0924, 0x0924, 0x0924, 0x0924, 0x0924, 0x0924, 0x0924, 0x0924, 
    0x0924, 0x0924, 0x0924, 0x0924, 0x0924, 0x0924, 0x0924, 0x0924, 0x0924, 0x0924, 0x0924, 0x0924, 
    0x0924, 0x0924, 0x0924, 0x0924, 0x0924, 0x0924, 0x0924, 0x0924, 0x0924, 0x0924, 0x0924, 0x0924, 
    0x0924, 0x0924, 0x0924, 0x0924, 0x0924, 0x0924, 0x0924, 0x0924, 0x0924, 0x0924, 0x0924, 0x0924, 
    0x0924, 0x0924, 0x0924, 0x0924, 0x0924, 0x0924, 0x0924, 0x0924, 0x0924, 0x0924, 0x0924, 0x0924, 
    0x0924, 0x0924, 0x0924, 0x0924, 0x0924, 0x0924, 0x0924, 0x0924, 0x0924, 0x0924, 0x0924, 0x0924, 
    0x0924, 0x0924, 0x0924, 0x0924, 0x0924, 0x0924, 0x0924, 0x0924, 0x0924, 0x0924, 0x0924, 0x0924, 
    0x0924, 0x0924, 0x0924, 0x0924, 0x0924, 0x0924, 0x0924, 0x0924, 0x0924, 0x0924, 0x0924, 0x0924, 
    0x0924, 0x0924, 0x0924, 0x0924, 0x0924, 0x0924, 0x0924, 0x0924, 0x0924, 0x0924, 0x0924, 0x0924, 
    0x0924, 0x0924, 0x0924, 0x0924, 0x0924, 0x0924, 0x0924, 0x0924, 0x0924, 0x0924, 0x0924, 0x0924, 
    0x0924, 0x0924, 0x0924, 0x0924, 0x0924, 0x0924, 0x0924, 0x0924, 0x0924, 0x0924, 0x0924, 0x0924, 
    0x0924, 0x0924, 0x0924, 0x0924, 0x0924, 0x0924, 0x0924, 0x0924, 0x0924, 0x0924, 0x0924, 0x0924, 
    0x0924, 0x0924, 0x0924, 0x0924, 0x0924, 0x0924, 0x0924, 0x0924, 0x0924, 0x0924, 0x0924, 0x0924, 
    0x0924, 0x0924, 0x0924, 0x0924, 0x0924, 0x0924, 0x0924, 0x0924, 0x0924, 0x0924, 0x0924, 0x0924, 
    0x0924, 0x0924, 0x0924, 0x0924, 0x0924, 0x0924, 0x0924, 0x0924, 0x0924, 0x0924, 0x0924, 0x0924, 
    0x0924, 0x0924, 0x0924, 0x0924, 0x0924, 0x0924, 0x0924, 0x0924, 0x0924, 0x0924, 0x0924, 0x0924, 
    0x0924, 0x0924, 0x0924, 0x0924, 0x0924, 0x0924, 0x0924, 0x0924, 0x0924, 0x0924, 0x0924, 0x0924, 
    0x0924, 0x0924, 0x0924, 0x0924, 0x0924, 0x0924, 0x0924, 0x0924, 0x0924, 0x0924, 0x0924, 0x0924, 
    0x0924, 0x0924, 0x0924, 0x0924, 0x0924, 0x0924, 0x0924, 0x0924, 0x0924, 0x0924, 0x0924, 0x0924, 
    0x0924, 0x0924, 0x0924, 0x0924, 0x0924, 0x0924, 0x0924, 0x0924, 0x0924, 0x0924, 0x0924, 0x0924, 
    0x0924, 0x0924, 0x0924, 0x0924, 0x0924, 0x0924, 0x0924, 0x0924, 0x0924, 0x0924, 0x0924, 0x0924, 
    0x0924, 0x0924, 0x0924, 0x0924, 0x0924, 0x0924, 0x0924, 0x0924, 0x0924, 0x0924, 0x0924, 0x0924, 
    0x0924, 0x0924, 0x0924, 0x0924, 0x0924, 0x0924, 0x0924, 0x0924, 0x0924, 0x0924, 0x0924, 0x0924, 
    0x0924, 0x0924, 0x0924, 0x0924, 0x0924, 0x0924, 0x0924, 0x0924, 0x0924, 0x0924, 0x0924, 0x0924, 
    0x0924, 0x0924, 0x0924, 0x0924, 0x0924, 0x0924, 0x0924, 0x0924, 0x0924, 0x0924, 0x0924, 0x0924, 
    0x0924, 0x0924, 0x0924, 0x0924, 0x0924, 0x0924, 0x0924, 0x0924, 0x0924, 0x0924, 0x0924, 0x0924, 
    0x0924, 0x0924, 0x0924, 0x0924, 0x0924, 0x0924, 0x0924, 0x0924, 0x0924, 0x0924, 0x0924, 0x0924, 
    0x0924, 0x0924, 0x0924, 0x0924, 0x0924, 0x0924, 0x0924, 0x0924, 0x0924, 0x0924, 0x0924, 0x0924, 
    0x0924, 0x0924, 0x0924, 0x0924, 0x0924, 0x0924, 0x0924, 0x0924, 0x0924, 0x0924, 0x0924, 0x0924, 
    0x0924, 0x0924, 0x0924, 0x0924, 0x0924, 0x0924, 0x0924, 0x0924, 0x0924, 0x0924, 0x0924, 0x0924, 
    0x0924, 0x0924, 0x0924, 0x0924, 0x0924, 0x0924, 0x0924, 0x0924, 0x0924, 0x0924, 0x0924, 0x0924, 
    0x0924, 0x0924, 0x0924, 0x0924, 0x0924, 0x0924, 0x0924, 0x0924, 0x0924, 0x0924, 0x0924, 0x0924, 
    0x0924, 0x0924, 0x0924, 0x0924, 0x0924, 0x0924, 0x0924, 0x0924, 0x0924, 0x0924, 0x0924, 0x0924, 
    0x0924, 0x0924, 0x0924, 0x0924, 0x0924, 0x0924, 0x0924, 0x0924, 0x0924, 0x0924, 0x0924, 0x0924, 
    0x0924, 0x0924, 0x0924, 0x0924, 0x0924, 0x0924, 0x0924, 0x0924, 0x0924, 0x0924, 0x0924, 0x0924, 
    0x0924, 0x0924, 0x0924, 0x0924, 0x0924, 0x0924, 0x0924, 0x0924, 0x0924, 0x0924, 0x0924, 0x0924, 
    0x0924, 0x0924, 0x0924, 0x0924, 0x0924, 0x0924, 0x0924, 0x0924, 0x0924, 0x0924, 0x0924, 0x0924, 
    0x0924, 0x0924, 0x0924, 0x0924, 0x0924, 0x0924, 0x0924, 0x0924, 0x0924, 0x0924, 0x0924, 0x0924, 
    0x0924, 0x0924, 0x0924, 0x0924, 0x0924, 0x0924, 0x0924, 0x0924, 0x0924, 0x0924, 0x0924, 0x0924, 
    0x0924, 0x0924, 0x0924, 0x0924, 0x0924, 0x0924, 0x0924, 0x0924, 0x0924, 0x0924, 0x0924, 0x0924, 
    0x0924, 0x0924, 0x0924, 0x0924, 0x0924, 0x0924, 0x0924, 0x0924, 0x0924, 0x0924, 0x0924, 0x0924, 
    0x0924, 0x0924, 0x0924, 0x0924, 0x0924, 0x0924, 0x0924, 0x0924, 0x0924, 0x0924, 0x0924, 0x0924, 
    0x0924, 0x0924, 0x0924, 0x0924, 0x0924, 0x0924, 0x0924, 0x0924, 0x0924, 0x0924, 0x0924, 0x0924, 
    0x0924, 0x0924, 0x0924, 0x0924, 0x0924, 0x0924, 0x0924, 0x0924, 0x0924, 0x0924, 0x0924, 0x0924, 
    0x0924, 0x0924, 0x0924, 0x0924, 0x0924, 0x0924, 0x0924, 0x0924, 0x0924, 0x0924, 0x0924, 0x0924, 
    0x0924, 0x0924, 0x0924, 0x0924, 0x0924, 0x0924, 0x0924, 0x0924, 0x0924, 0x0924, 0x0924, 0x0924, 
    0x0924, 0x0924, 0x0924, 0x0924, 0x0924, 0x0924, 0x0924, 0x0924, 0x0924, 0x0924, 0x0924, 0x0924, 
    0x0924, 0x0924, 0x0924, 0x0924, 0x0924, 0x0924, 0x0924, 0x0924, 0x0924, 0x0924, 0x0924, 0x0924, 
    0x0924, 0x0924, 0x0924, 0x0924, 0x0924, 0x0924, 0x0924, 0x0924, 0x0924, 0x0924, 0x0924, 0x0924, 
    0x0924, 0x0924, 0x0924, 0x0924, 0x0924, 0x0924, 0x0924, 0x0924, 0x0924, 0x0924, 0x0924, 0x0924, 
    0x0924, 0x0924, 0x0924, 0x0924, 0x0924, 0x0924, 0x0924, 0x0924, 0x0924, 0x0924, 0x0924, 0x0924, 
    0x0924, 0x0924, 0x0924, 0x0924, 0x0924, 0x0924, 0x0924, 0x0924, 0x0924, 0x0924, 0x0924, 0x0924, 
    0x0924, 0x0924, 0x0924, 0x0924, 0x0924, 0x0924, 0x0924, 0x0924, 0x0924, 0x0924, 0x0924, 0x0924, 
    0x0924, 0x0924, 0x0924, 0x0924, 0x0924, 0x0924, 0x0924, 0x0924, 0x0924, 0x0924, 0x0924, 0x0924, 
    0x0924, 0x0924, 0x0924, 0x0924, 0x0924, 0x0924, 0x0924, 0x0924, 0x0924, 0x0924, 0x0924, 0x0924, 
    0x0924, 0x0924, 0x0924, 0x0924, 0x0924, 0x0924, 0x0924, 0x0924, 0x0924, 0x0924, 0x0924, 0x0924, 
    0x0924, 0x0924, 0x0924, 0x0924, 0x0924, 0x0924, 0x0924, 0x0924, 0x0924, 0x0924, 0x0924, 0x0924, 
    0x0924, 0x0924, 0x0924, 0x0924, 0x0924, 0x0924, 0x0924, 0x0924, 0x0924, 0x0924, 0x0924, 0x0924, 
    0x0924, 0x0924, 0x0924, 0x0924, 0x0924, 0x0924, 0x0924, 0x0924, 0x0924, 0x0924, 0x0924, 0x0924, 
    0x0924, 0x0924, 0x0924, 0x0924, 0x0924, 0x0924, 0x0924, 0x0924, 0x0924, 0x0924, 0x0924, 0x0924, 
    0x0924, 0x0924, 0x0924, 0x0924, 0x0924, 0x0924, 0x0924, 0x0924, 0x0924, 0x0924, 0x0924, 0x0924, 
    0x0924, 0x0924, 0x0924, 0x0924, 0x0924, 0x0924, 0x0924, 0x0924, 0x0924, 0x0924, 0x0924, 0x0924, 
    0x0924, 0x0924, 0x0924, 0x0924, 0x0924, 0x0924, 0x0924, 0x0924, 0x0924, 0x0924, 0x0924, 0x0924, 
    0x0924, 0x0924, 0x0924, 0x0924, 0x0924, 0x0924, 0x0924, 0x0924, 0x0924, 0x0924, 0x0924, 0x0924, 
    0x0924, 0x0924, 0x0924, 0x0924, 0x0924, 0x0924, 0x0924, 0x0924, 0x0924, 0x0924, 0x0924, 0x0924, 
    0x0924, 0x0924, 0x0924, 0x0924, 0x0924, 0x0924, 0x0924, 0x0924, 0x0924, 0x0924, 0x0924, 0x0924, 
    0x0924, 0x0924, 0x0924, 0x0924, 0x0924, 0x0924, 0x0924, 0x0924, 0x0924, 0x0924, 0x0924, 0x0924, 
    0x0924, 0x0924, 0x0924, 0x0924, 0x0924, 0x0924, 0x0924, 0x0924, 0x0924, 0x0924, 0x0924, 0x0924, 
    0x0924, 0x0924, 0x0924, 0x0924, 0x0924, 0x0924, 0x0924, 0x0924, 0x0924, 0x0924, 0x0924, 0x0924, 
    0x0924, 0x0924, 0x0924, 0x0924, 0x0924, 0x0924, 0x0924, 0x0924, 0x0924, 0x0924, 0x0924, 0x0924, 
    0x0924, 0x0924, 0x0924, 0x0924, 0x0924, 0x0924, 0x0924, 0x0924, 0x0924, 0x0924, 0x0924, 0x0924, 
    0x0924, 0x0924, 0x0924, 0x0924, 0x0924, 0x0924, 0x0924, 0x0924, 0x0924, 0x0924, 0x0924, 0x0924, 
    0x0924, 0x0924, 0x0924, 0x0924, 0x0924, 0x0924, 0x0924, 0x0924, 0x0924, 0x0924, 0x0924, 0x0924, 
    0x0924, 0x0924, 0x0924, 0x0924, 0x0924, 0x0924, 0x0924, 0x0924, 0x0924, 0x0924, 0x0924, 0x0924, 
    0x0924, 0x0924, 0x0924, 0x0924, 0x0924, 0x0924, 0x0924, 0x0924, 0x0924, 0x0924, 0x0924, 0x0924, 
    0x0924, 0x0924, 0x0924, 0x0924, 0x0924, 0x0924, 0x0924, 0x0924, 0x0924, 0x0924, 0x0924, 0x0924, 
    0x0924, 0x0924, 0x0924, 0x0924, 0x0924, 0x0924, 0x0924, 0x0924, 0x0924, 0x0924, 0x0924, 0x0924, 
    0x0924, 0x0924, 0x0924, 0x0924, 0x0924, 0x0924, 0x0924, 0x0924, 0x0924, 0x0924, 0x0924, 0x0924, 
    0x0924, 0x0924, 0x0924, 0x0924, 0x0924, 0x0924, 0x0924, 0x0924, 0x0924, 0x0924, 0x0924, 0x0924, 
    0x0924, 0x0924, 0x0924, 0x0924, 0x0924, 0x0924, 0x0924, 0x0924, 0x0924, 0x0924, 0x0924, 0x0924, 
    0x0924, 0x0924, 0x0924, 0x0924, 0x0924, 0x0924, 0x0924, 0x0924, 0x0924, 0x0924, 0x0924, 0x0924, 
    0x0924, 0x0924, 0x0924, 0x0924, 0x0924, 0x0924, 0x0924, 0x0924, 0x0924, 0x0924, 0x0924, 0x0924, 
    0x0924, 0x0924, 0x0924, 0x0924, 0x0924, 0x0924, 0x0924, 0x0924, 0x0924, 0x0924, 0x0924, 0x0924, 
    0x0924, 0x0924, 0x0924, 0x0924, 0x0924, 0x0924, 0x0924, 0x0924, 0x0924, 0x0924, 0x0924, 0x0924, 
    0x0924, 0x0924, 0x0924, 0x0924, 0x0924, 0x0924, 0x0924, 0x0924, 0x0924, 0x0924, 0x0924, 0x0924, 
    0x0924, 0x0924, 0x0924, 0x0924, 0x0924, 0x0924, 0x0924, 0x0924, 0x0924, 0x0924, 0x0924, 0x0924, 
    0x0924, 0x0924, 0x0924, 0x0924, 0x0924, 0x0924, 0x0924, 0x0924, 0x0924, 0x0924, 0x0924, 0x0924, 
    0x0924, 0x0924, 0x0924, 0x0924, 0x0924, 0x0924, 0x0924, 0x0924, 0x0924, 0x0924, 0x0924, 0x0924, 
    0x0924, 0x0924, 0x0924, 0x0924, 0x0924, 0x0924, 0x0924, 0x0924, 0x0924, 0x0924, 0x0924, 0x0924, 
    0x0924, 0x0924, 0x0924, 0x0924, 0x0924, 0x0924, 0x0924, 0x0924, 0x0924, 0x0924, 0x0924, 0x0924, 
    0x0924, 0x0924, 0x0924, 0x0924, 0x0924, 0x0924, 0x0924, 0x0924, 0x0924, 0x0924, 0x0924, 0x0924, 
    0x0924, 0x0924, 0x0924, 0x0924, 0x0924, 0x0924, 0x0924, 0x0924, 0x0924, 0x0924, 0x0924, 0x0924, 
    0x0924, 0x0924, 0x0924, 0x0924, 0x0924, 0x0924, 0x0924, 0x0924, 0x0924, 0x0924, 0x0924, 0x0924, 
    0x0924, 0x0924, 0x0924, 0x0924, 0x0924, 0x0924, 0x0924, 0x0924, 0x0924, 0x0924, 0x0924, 0x0924, 
    0x0924, 0x0924, 0x0924, 0x0924, 0x0924, 0x0924, 0x0924, 0x0924, 0x0924, 0x0924, 0x0924, 0x0924, 
    0x0924, 0x0924, 0x0924, 0x0924, 0x0924, 0x0924, 0x0924, 0x0924, 0x0924, 0x0924, 0x0924, 0x0924, 
    0x0924, 0x0924, 0x0924, 0x0924, 0x0924, 0x0924, 0x0924, 0x0924, 0x0924, 0x0924, 0x0924, 0x0924, 
    0x0924, 0x0924, 0x0924, 0x0924, 0x0924, 0x0924, 0x0924, 0x0924, 0x0924, 0x0924, 0x0924, 0x0924, 
    0x0924, 0x0924, 0x0924, 0x0924, 0x0924, 0x0924, 0x0924, 0x0924, 0x0924, 0x0924, 0x0924, 0x0924, 
    0x0924, 0x0924, 0x0924, 0x0924, 0x0924, 0x0924, 0x0924, 0x0924, 0x0924, 0x0924, 0x0924, 0x0924, 
    0x0924, 0x0924, 0x0924, 0x0924, 0x0924, 0x0924, 0x0924, 0x0924, 0x0924, 0x0924, 0x0924, 0x0924, 
    0x0924, 0x0924, 0x0924, 0x0924, 0x0924, 0x0924, 0x0924, 0x0924, 0x0924, 0x0924, 0x0924, 0x0924, 
    0x0924, 0x0924, 0x0924, 0x0924, 0x0924, 0x0924, 0x0924, 0x0924, 0x0924, 0x0924, 0x0924, 0x0924, 
    0x0924, 0x0924, 0x0924, 0x0924, 0x0924, 0x0924, 0x0924, 0x0924, 0x0924, 0x0924, 0x0924, 0x0924, 
    0x0924, 0x0924, 0x0924, 0x0924, 0x0924, 0x0924, 0x0924, 0x0924, 0x0924, 0x0924, 0x0924, 0x0924, 
    0x0924, 0x0924, 0x0924, 0x0924, 0x0924, 0x0924, 0x0924, 0x0924, 0x0924, 0x0924, 0x0924, 0x0924, 
    0x0924, 0x0924, 0x0924, 0x0924, 0x0924, 0x0924, 0x0924, 0x0924, 0x0924, 0x0924, 0x0924, 0x0924, 
    0x0924, 0x0924, 0x0924, 0x0924, 0x0924, 0x0924, 0x0924, 0x0924, 0x0924, 0x0924, 0x0924, 0x0924, 
    0x0924, 0x0924, 0x0924, 0x0924, 0x0924, 0x0924, 0x0924, 0x0924, 0x0924, 0x0924, 0x0924, 0x0924, 
    0x0924, 0x0924, 0x0924, 0x0924, 0x0924, 0x0924, 0x0924, 0x0924, 0x0924, 0x0924, 0x0924, 0x0924, 
    0x0924, 0x0924, 0x0924, 0x0924, 0x0924, 0x0924, 0x0924, 0x0924, 0x0924, 0x0924, 0x0924, 0x0924, 
    0x0924, 0x0924, 0x0924, 0x0924, 0x0924, 0x0924, 0x0924, 0x0924, 0x0924, 0x0924, 0x0924, 0x0924, 
    0x0924, 0x0924, 0x0924, 0x0924, 0x0924, 0x0924, 0x0924, 0x0924, 0x0924, 0x0924, 0x0924, 0x0924, 
    0x0924, 0x0924, 0x0924, 0x0924, 0x0924, 0x0924, 0x0924, 0x0924, 0x0924, 0x0924, 0x0924, 0x0924, 
    0x0924, 0x0924, 0x0924, 0x0924, 0x0924, 0x0924, 0x0924, 0x0924, 0x0924, 0x0924, 0x0924, 0x0924, 
    0x0924, 0x0924, 0x0924, 0x0924, 0x0924, 0x0924, 0x0924, 0x0924, 0x0924, 0x0924, 0x0924, 0x0924, 
    0x0924, 0x0924, 0x0924, 0x0924, 0x0924, 0x0924, 0x0924, 0x0924, 0x0924, 0x0924, 0x0924, 0x0924, 
    0x0924, 0x0924, 0x0924, 0x0924, 0x0924, 0x0924, 0x0924, 0x0924, 0x0924, 0x0924, 0x0924, 0x0924, 
    0x0924, 0x0924, 0x0924, 0x0924, 0x0924, 0x0924, 0x0924, 0x0924, 0x0924, 0x0924, 0x0924, 0x0924, 
    0x0924, 0x0924, 0x0924, 0x0924, 0x0924, 0x0924, 0x0924, 0x0924, 0x0924, 0x0924, 0x0924, 0x0924, 
    0x0924, 0x0924, 0x0924, 0x0924, 0x0924, 0x0924, 0x0924, 0x0924, 0x0924, 0x0924, 0x0924, 0x0924, 
    0x0924, 0x0924, 0x0924, 0x0924, 0x0924, 0x0924, 0x0924, 0x0924, 0x0924, 0x0924, 0x0924, 0x0924, 
    0x0924, 0x0924, 0x0924, 0x0924, 0x0924, 0x0924, 0x0924, 0x0924, 0x0924, 0x0924, 0x0924, 0x0924, 
    0x0924, 0x0924, 0x0924, 0x0924, 0x0924, 0x0924, 0x0924, 0x0924, 0x0924, 0x0924, 0x0924, 0x0924, 
    0x0924, 0x0924, 0x0924, 0x0924, 0x0924, 0x0924, 0x0924, 0x0924, 0x0924, 0x0924, 0x0924, 0x0924, 
    0x0924, 0x0924, 0x0924, 0x0924, 0x0924, 0x0924, 0x0924, 0x0924, 0x0924, 0x0924, 0x0924, 0x0924, 
    0x0924, 0x0924, 0x0924, 0x0924, 0x0924, 0x0924, 0x0924, 0x0924, 0x0924, 0x0924, 0x0924, 0x0924, 
    0x0924, 0x0924, 0x0924, 0x0924, 0x0924, 0x0924, 0x0924, 0x0924, 0x0924, 0x0924, 0x0924, 0x0924, 
    0x0924, 0x0924, 0x0924, 0x0924, 0x0924, 0x0924, 0x0924, 0x0924, 0x0924, 0x0924, 0x0924, 0x0924, 
    0x0924, 0x0924, 0x0924, 0x0924, 0x0924, 0x0924, 0x0924, 0x0924, 0x0924, 0x0924, 0x0924, 0x0924, 
    0x0924, 0x0924, 0x0924, 0x0924, 0x0924, 0x0924, 0x0924, 0x0924, 0x0924, 0x0924, 0x0924, 0x0924, 
    0x0924, 0x0924, 0x0924, 0x0924, 0x0924, 0x0924, 0x0924, 0x0924, 0x0924, 0x0924, 0x0924, 0x0924, 
    0x0924, 0x0924, 0x0924, 0x0924, 0x0924, 0x0924, 0x0924, 0x0924, 0x0924, 0x0924, 0x0924, 0x0924, 
    0x0924, 0x0924, 0x0924, 0x0924, 0x0924, 0x0924, 0x0924, 0x0924, 0x0924, 0x0924, 0x0924, 0x0924, 
    0x0924, 0x0924, 0x0924, 0x0924, 0x0924, 0x0924, 0x0924, 0x0924, 0x0924, 0x0924, 0x0924, 0x0924, 
    0x0924, 0x0924, 0x0924, 0x0924, 0x0924, 0x0924, 0x0924, 0x0924, 0x0924, 0x0924, 0x0924, 0x0924, 
    0x0924, 0x0924, 0x0924, 0x0924, 0x0924, 0x0924, 0x0924, 0x0924, 0x0924, 0x0924, 0x0924, 0x0924, 
    0x0924, 0x0924, 0x0924, 0x0924, 0x0924, 0x0924, 0x0924, 0x0924, 0x0924, 0x0924, 0x0924, 0x0924, 
    0x0924, 0x0924, 0x0924, 0x0924, 0x0924, 0x0924, 0x0924, 0x0924, 0x0924, 0x0924, 0x0924, 0x0924, 
    0x0924, 0x0924, 0x0924, 0x0924, 0x0924, 0x0924, 0x0924, 0x0924, 0x0924, 0x0924, 0x0924, 0x0924, 
    0x0924, 0x0924, 0x0924, 0x0924, 0x0924, 0x0924, 0x0924, 0x0924, 0x0924, 0x0924, 0x0924, 0x0924, 
    0x0924, 0x0924, 0x0924, 0x0924, 0x0924, 0x0924, 0x0924, 0x0924, 0x0924, 0x0924, 0x0924, 0x0924, 
    0x0924, 0x0924, 0x0924, 0x0924, 0x0924, 0x0924, 0x0924, 0x0924, 0x0924, 0x0924, 0x0924, 0x0924, 
    0x0924, 0x0924, 0x0924, 0x0924, 0x0924, 0x0924, 0x0924, 0x0924, 0x0924, 0x0924, 0x0924, 0x0924, 
    0x0924, 0x0924, 0x0924, 0x0924, 0x0924, 0x0924, 0x0924, 0x0924, 0x0924, 0x0924, 0x0924, 0x0924, 
    0x0924, 0x0924, 0x0924, 0x0924, 0x0924, 0x0924, 0x0924, 0x0924, 0x0924, 0x0924, 0x0924, 0x0924, 
    0x0924, 0x0924, 0x0924, 0x0924, 0x0924, 0x0924, 0x0924, 0x0924, 0x0924, 0x0924, 0x0924, 0x0924, 
    0x0924, 0x0924, 0x0924, 0x0924, 0x0924, 0x0924, 0x0924, 0x0924, 0x0924, 0x0924, 0x0924, 0x0924, 
    0x0924, 0x0924, 0x0924, 0x0924, 0x0924, 0x0924, 0x0924, 0x0924, 0x0924, 0x0924, 0x0924, 0x0924, 
    0x0924, 0x0924, 0x0924, 0x0924, 0x0924, 0x0924, 0x0924, 0x0924, 0x0924, 0x0924, 0x0924, 0x0924, 
    
  },
  {
    0x0924, 0x0924, 0x0924, 0x0924, 0x0924, 0x0924, 0x0924, 0x0924, 0x0924, 0x0924, 0x0924, 0x0924, 
    0x0924, 0x0924, 0x0924, 0x0924, 0x0924, 0x0924, 0x0924, 0x0924, 0x0924, 0x0924, 0x0924, 0x0924, 
    0x0924, 0x0924, 0x0924, 0x0924, 0x0924, 0x0924, 0x0924, 0x0924, 0x0924, 0x0924, 0x0924, 0x0924, 
    0x0924, 0x0924, 0x0924, 0x0924, 0x0924, 0x0924, 0x0924, 0x0924, 0x0924, 0x0924, 0x0924, 0x0924, 
    0x0924, 0x0924, 0x0924, 0x0924, 0x0924, 0x0924, 0x0924, 0x0924, 0x0924, 0x0924, 0x0924, 0x0924, 
    0x0924, 0x0924, 0x0924, 0x0924, 0x0924, 0x0924, 0x0924, 0x0924, 0x0924, 0x0924, 0x0924, 0x0924, 
    0x0924, 0x0924, 0x0924, 0x0924, 0x0924, 0x0924, 0x0924, 0x0924, 0x0924, 0x0924, 0x0924, 0x0924, 
    0x0924, 0x0924, 0x0924, 0x0924, 0x0924, 0x0924, 0x0924, 0x0924, 0x0924, 0x0924, 0x0924, 0x0924, 
    0x0924, 0x0924, 0x0924, 0x0924, 0x0924, 0x0924, 0x0924, 0x0924, 0x0924, 0x0924, 0x0924, 0x0924, 
    0x0924, 0x0924, 0x0924, 0x0924, 0x0924, 0x0924, 0x0924, 0x0924, 0x0924, 0x0924, 0x0924, 0x0924, 
    0x0924, 0x0924, 0x0924, 0x0924, 0x0924, 0x0924, 0x0924, 0x0924, 0x0924, 0x0924, 0x0924, 0x0924, 
    0x0924, 0x0924, 0x0924, 0x0924, 0x0924, 0x0924, 0x0924, 0x0924, 0x0924, 0x0924, 0x0924, 0x0924, 
    0x0924, 0x0924, 0x0924, 0x0924, 0x0924, 0x0924, 0x0924, 0x0924, 0x0924, 0x0924, 0x0924, 0x0924, 
    0x0924, 0x0924, 0x0924, 0x0924, 0x0924, 0x0924, 0x0924, 0x0924, 0x0924, 0x0924, 0x0924, 0x0924, 
    0x0924, 0x0924, 0x0924, 0x0924, 0x0924, 0x0924, 0x0924, 0x0924, 0x0924, 0x0924, 0x0924, 0x0924, 
    0x0924, 0x0924, 0x0924, 0x0924, 0x0924, 0x0924, 0x0924, 0x0924, 0x0924, 0x0924, 0x0924, 0x0924, 
    0x0924, 0x0924, 0x0924, 0x0924, 0x0924, 0x0924, 0x0924, 0x0924, 0x0924, 0x0924, 0x0924, 0x0924, 
    0x0924, 0x0924, 0x0924, 0x0924, 0x0924, 0x0924, 0x0924, 0x0924, 0x0924, 0x0924, 0x0924, 0x0924, 
    0x0924, 0x0924, 0x0924, 0x0924, 0x0924, 0x0924, 0x0924, 0x0924, 0x0924, 0x0924, 0x0924, 0x0924, 
    0x0924, 0x0924, 0x0924, 0x0924, 0x0924, 0x0924, 0x0924, 0x0924, 0x0924, 0x0924, 0x0924, 0x0924, 
    0x0924, 0x0924, 0x0924, 0x0924, 0x0924, 0x0924, 0x0924, 0x0924, 0x0924, 0x0924, 0x0924, 0x0924, 
    0x0924, 0x0924, 0x0924, 0x0924, 0x0924, 0x0924, 0x0924, 0x0924, 0x0924, 0x0924, 0x0924, 0x0924, 
    0x0924, 0x0924, 0x0924, 0x0924, 0x0924, 0x0924, 0x0924, 0x0924, 0x0924, 0x0924, 0x0924, 0x0924, 
    0x0924, 0x0924, 0x0924, 0x0924, 0x0924, 0x0924, 0x0924, 0x0924, 0x0924, 0x0924, 0x0924, 0x0924, 
    0x0924, 0x0924, 0x0924, 0x0924, 0x0924, 0x0924, 0x0924, 0x0924, 0x0924, 0x0924, 0x0924, 0x0924, 
    0x0924, 0x0924, 0x0924, 0x0924, 0x0924, 0x0924, 0x0924, 0x0924, 0x0924, 0x0924, 0x0924, 0x0924, 
    0x0924, 0x0924, 0x0924, 0x0924, 0x0924, 0x0924, 0x0924, 0x0924, 0x0924, 0x0924, 0x0924, 0x0924, 
    0x0924, 0x0924, 0x0924, 0x0924, 0x0924, 0x0924, 0x0924, 0x0924, 0x0924, 0x0924, 0x0924, 0x0924, 
    0x0924, 0x0924, 0x0924, 0x0924, 0x0924, 0x0924, 0x0924, 0x0924, 0x0924, 0x0924, 0x0924, 0x0924, 
    0x0924, 0x0924, 0x0924, 0x0924, 0x0924, 0x0924, 0x0924, 0x0924, 0x0924, 0x0924, 0x0924, 0x0924, 
    0x0924, 0x0924, 0x0924, 0x0924, 0x0924, 0x0924, 0x0924, 0x0924, 0x0924, 0x0924, 0x0924, 0x0924, 
    0x0924, 0x0924, 0x0924, 0x0924, 0x0924, 0x0924, 0x0924, 0x0924, 0x0924, 0x0924, 0x0924, 0x0924, 
    0x0924, 0x0924, 0x0924, 0x0924, 0x0924, 0x0924, 0x0924, 0x0924, 0x0924, 0x0924, 0x0924, 0x0924, 
    0x0924, 0x0924, 0x0924, 0x0924, 0x0924, 0x0924, 0x0924, 0x0924, 0x0924, 0x0924, 0x0924, 0x0924, 
    0x0924, 0x0924, 0x0924, 0x0924, 0x0924, 0x0924, 0x0924, 0x0924, 0x0924, 0x0924, 0x0924, 0x0924, 
    0x0924, 0x0924, 0x0924, 0x0924, 0x0924, 0x0924, 0x0924, 0x0924, 0x0924, 0x0924, 0x0924, 0x0924, 
    0x0924, 0x0924, 0x0924, 0x0924, 0x0924, 0x0924, 0x0924, 0x0924, 0x0924, 0x0924, 0x0924, 0x0924, 
    0x0924, 0x0924, 0x0924, 0x0924, 0x0924, 0x0924, 0x0924, 0x0924, 0x0924, 0x0924, 0x0924, 0x0924, 
    0x0924, 0x0924, 0x0924, 0x0924, 0x0924, 0x0924, 0x0924, 0x0924, 0x0924, 0x0924, 0x0924, 0x0924, 
    0x0924, 0x0924, 0x0924, 0x0924, 0x0924, 0x0924, 0x0924, 0x0924, 0x0924, 0x0924, 0x0924, 0x0924, 
    0x0924, 0x0924, 0x0924, 0x0924, 0x0924, 0x0924, 0x0924, 0x0924, 0x0924, 0x0924, 0x0924, 0x0924, 
    0x0924, 0x0924, 0x0924, 0x0924, 0x0924, 0x0924, 0x0924, 0x0924, 0x0924, 0x0924, 0x0924, 0x0924, 
    0x0924, 0x0924, 0x0924, 0x0924, 0x0924, 0x0924, 0x0924, 0x0924, 0x0924, 0x0924, 0x0924, 0x0924, 
    0x0924, 0x0924, 0x0924, 0x0924, 0x0924, 0x0924, 0x0924, 0x0924, 0x0924, 0x0924, 0x0924, 0x0924, 
    0x0924, 0x0924, 0x0924, 0x0924, 0x0924, 0x0924, 0x0924, 0x0924, 0x0924, 0x0924, 0x0924, 0x0924, 
    0x0924, 0x0924, 0x0924, 0x0924, 0x0924, 0x0924, 0x0924, 0x0924, 0x0924, 0x0924, 0x0924, 0x0924, 
    0x0924, 0x0924, 0x0924, 0x0924, 0x0924, 0x0924, 0x0924, 0x0924, 0x0924, 0x0924, 0x0924, 0x0924, 
    0x0924, 0x0924, 0x0924, 0x0924, 0x0924, 0x0924, 0x0924, 0x0924, 0x0924, 0x0924, 0x0924, 0x0924, 
    0x0924, 0x0924, 0x0924, 0x0924, 0x0924, 0x0924, 0x0924, 0x0924, 0x0924, 0x0924, 0x0924, 0x0924, 
    0x0924, 0x0924, 0x0924, 0x0924, 0x0924, 0x0924, 0x0924, 0x0924, 0x0924, 0x0924, 0x0924, 0x0924, 
    0x0924, 0x0924, 0x0924, 0x0924, 0x0924, 0x0924, 0x0924, 0x0924, 0x0924, 0x0924, 0x0924, 0x0924, 
    0x0924, 0x0924, 0x0924, 0x0924, 0x0924, 0x0924, 0x0924, 0x0924, 0x0924, 0x0924, 0x0924, 0x0924, 
    0x0924, 0x0924, 0x0924, 0x0924, 0x0924, 0x0924, 0x0924, 0x0924, 0x0924, 0x0924, 0x0924, 0x0924, 
    0x0924, 0x0924, 0x0924, 0x0924, 0x0924, 0x0924, 0x0924, 0x0924, 0x0924, 0x0924, 0x0924, 0x0924, 
    0x0924, 0x0924, 0x0924, 0x0924, 0x0924, 0x0924, 0x0924, 0x0924, 0x0924, 0x0924, 0x0924, 0x0924, 
    0x0924, 0x0924, 0x0924, 0x0924, 0x0924, 0x0924, 0x0924, 0x0924, 0x0924, 0x0924, 0x0924, 0x0924, 
    0x0924, 0x0924, 0x0924, 0x0924, 0x0924, 0x0924, 0x0924, 0x0924, 0x0924, 0x0924, 0x0924, 0x0924, 
    0x0924, 0x0924, 0x0924, 0x0924, 0x0924, 0x0924, 0x0924, 0x0924, 0x0924, 0x0924, 0x0924, 0x0924, 
    0x0924, 0x0924, 0x0924, 0x0924, 0x0924, 0x0924, 0x0924, 0x0924, 0x0924, 0x0924, 0x0924, 0x0924, 
    0x0924, 0x0924, 0x0924, 0x0924, 0x0924, 0x0924, 0x0924, 0x0924, 0x0924, 0x0924, 0x0924, 0x0924, 
    0x0924, 0x0924, 0x0924, 0x0924, 0x0924, 0x0924, 0x0924, 0x0924, 0x0924, 0x0924, 0x0924, 0x0924, 
    0x0924, 0x0924, 0x0924, 0x0924, 0x0924, 0x0924, 0x0924, 0x0924, 0x0924, 0x0924, 0x0924, 0x0924, 
    0x0924, 0x0924, 0x0924, 0x0924, 0x0924, 0x0924, 0x0924, 0x0924, 0x0924, 0x0924, 0x0924, 0x0924, 
    0x0924, 0x0924, 0x0924, 0x0924, 0x0924, 0x0924, 0x0924, 0x0924, 0x0924, 0x0924, 0x0924, 0x0924, 
    0x0924, 0x0924, 0x0924, 0x0924, 0x0924, 0x0924, 0x0924, 0x0924, 0x0924, 0x0924, 0x0924, 0x0924, 
    0x0924, 0x0924, 0x0924, 0x0924, 0x0924, 0x0924, 0x0924, 0x0924, 0x0924, 0x0924, 0x0924, 0x0924, 
    0x0924, 0x0924, 0x0924, 0x0924, 0x0924, 0x0924, 0x0924, 0x0924, 0x0924, 0x0924, 0x0924, 0x0924, 
    0x0924, 0x0924, 0x0924, 0x0924, 0x0924, 0x0924, 0x0924, 0x0924, 0x0924, 0x0924, 0x0924, 0x0924, 
    0x0924, 0x0924, 0x0924, 0x0924, 0x0924, 0x0924, 0x0924, 0x0924, 0x0924, 0x0924, 0x0924, 0x0924, 
    0x0924, 0x0924, 0x0924, 0x0924, 0x0924, 0x0924, 0x0924, 0x0924, 0x0924, 0x0924, 0x0924, 0x0924, 
    0x0924, 0x0924, 0x0924, 0x0924, 0x0924, 0x0924, 0x0924, 0x0924, 0x0924, 0x0924, 0x0924, 0x0924, 
    0x0924, 0x0924, 0x0924, 0x0924, 0x0924, 0x0924, 0x0924, 0x0924, 0x0924, 0x0924, 0x0924, 0x0924, 
    0x0924, 0x0924, 0x0924, 0x0924, 0x0924, 0x0924, 0x0924, 0x0924, 0x0924, 0x0924, 0x0924, 0x0924, 
    0x0924, 0x0924, 0x0924, 0x0924, 0x0924, 0x0924, 0x0924, 0x0924, 0x0924, 0x0924, 0x0924, 0x0924, 
    0x0924, 0x0924, 0x0924, 0x0924, 0x0924, 0x0924, 0x0924, 0x0924, 0x0924, 0x0924, 0x0924, 0x0924, 
    0x0924, 0x0924, 0x0924, 0x0924, 0x0924, 0x0924, 0x0924, 0x0924, 0x0924, 0x0924, 0x0924, 0x0924, 
    0x0924, 0x0924, 0x0924, 0x0924, 0x0924, 0x0924, 0x0924, 0x0924, 0x0924, 0x0924, 0x0924, 0x0924, 
    0x0924, 0x0924, 0x0924, 0x0924, 0x0924, 0x0924, 0x0924, 0x0924, 0x0924, 0x0924, 0x0924, 0x0924, 
    0x0924, 0x0924, 0x0924, 0x0924, 0x0924, 0x0924, 0x0924, 0x0924, 0x0924, 0x0924, 0x0924, 0x0924, 
    0x0924, 0x0924, 0x0924, 0x0924, 0x0924, 0x0924, 0x0924, 0x0924, 0x0924, 0x0924, 0x0924, 0x0924, 
    0x0924, 0x0924, 0x0924, 0x0924, 0x0924, 0x0924, 0x0924, 0x0924, 0x0924, 0x0924, 0x0924, 0x0924, 
    0x0924, 0x0924, 0x0924, 0x0924, 0x0924, 0x0924, 0x0924, 0x0924, 0x0924, 0x0924, 0x0924, 0x0924, 
    0x0924, 0x0924, 0x0924, 0x0924, 0x0924, 0x0924, 0x0924, 0x0924, 0x0924, 0x0924, 0x0924, 0x0924, 
    0x0924, 0x0924, 0x0924, 0x0924, 0x0924, 0x0924, 0x0924, 0x0924, 0x0924, 0x0924, 0x0924, 0x0924, 
    0x0924, 0x0924, 0x0924, 0x0924, 0x0924, 0x0924, 0x0924, 0x0924, 0x0924, 0x0924, 0x0924, 0x0924, 
    0x0924, 0x0924, 0x0924, 0x0924, 0x0924, 0x0924, 0x0924, 0x0924, 0x0924, 0x0924, 0x0924, 0x0924, 
    0x0924, 0x0924, 0x0924, 0x0924, 0x0924, 0x0924, 0x0924, 0x0924, 0x0924, 0x0924, 0x0924, 0x0924, 
    0x0924, 0x0924, 0x0924, 0x0924, 0x0924, 0x0924, 0x0924, 0x0924, 0x0924, 0x0924, 0x0924, 0x0924, 
    0x0924, 0x0924, 0x0924, 0x0924, 0x0924, 0x0924, 0x0924, 0x0924, 0x0924, 0x0924, 0x0924, 0x0924, 
    0x0924, 0x0924, 0x0924, 0x0924, 0x0924, 0x0924, 0x0924, 0x0924, 0x0924, 0x0924, 0x0924, 0x0924, 
    0x0924, 0x0924, 0x0924, 0x0924, 0x0924, 0x0924, 0x0924, 0x0924, 0x0924, 0x0924, 0x0924, 0x0924, 
    0x0924, 0x0924, 0x0924, 0x0924, 0x0924, 0x0924, 0x0924, 0x0924, 0x0924, 0x0924, 0x0924, 0x0924, 
    0x0924, 0x0924, 0x0924, 0x0924, 0x0924, 0x0924, 0x0924, 0x0924, 0x0924, 0x0924, 0x0924, 0x0924, 
    0x0924, 0x0924, 0x0924, 0x0924, 0x0924, 0x0924, 0x0924, 0x0924, 0x0924, 0x0924, 0x0924, 0x0924, 
    0x0924, 0x0924, 0x0924, 0x0924, 0x0924, 0x0924, 0x0924, 0x0924, 0x0924, 0x0924, 0x0924, 0x0924, 
    0x0924, 0x0924, 0x0924, 0x0924, 0x0924, 0x0924, 0x0924, 0x0924, 0x0924, 0x0924, 0x0924, 0x0924, 
    0x0924, 0x0924, 0x0924, 0x0924, 0x0924, 0x0924, 0x0924, 0x0924, 0x0924, 0x0924, 0x0924, 0x0924, 
    0x0924, 0x0924, 0x0924, 0x0924, 0x0924, 0x0924, 0x0924, 0x0924, 0x0924, 0x0924, 0x0924, 0x0924, 
    0x0924, 0x0924, 0x0924, 0x0924, 0x0924, 0x0924, 0x0924, 0x0924, 0x0924, 0x0924, 0x0924, 0x0924, 
    0x0924, 0x0924, 0x0924, 0x0924, 0x0924, 0x0924, 0x0924, 0x0924, 0x0924, 0x0924, 0x0924, 0x0924, 
    0x0924, 0x0924, 0x0924, 0x0924, 0x0924, 0x0924, 0x0924, 0x0924, 0x0924, 0x0924, 0x0924, 0x0924, 
    0x0924, 0x0924, 0x0924, 0x0924, 0x0924, 0x0924, 0x0924, 0x0924, 0x0924, 0x0924, 0x0924, 0x0924, 
    0x0924, 0x0924, 0x0924, 0x0924, 0x0924, 0x0924, 0x0924, 0x0924, 0x0924, 0x0924, 0x0924, 0x0924, 
    0x0924, 0x0924, 0x0924, 0x0924, 0x0924, 0x0924, 0x0924, 0x0924, 0x0924, 0x0924, 0x0924, 0x0924, 
    0x0924, 0x0924, 0x0924, 0x0924, 0x0924, 0x0924, 0x0924, 0x0924, 0x0924, 0x0924, 0x0924, 0x0924, 
    0x0924, 0x0924, 0x0924, 0x0924, 0x0924, 0x0924, 0x0924, 0x0924, 0x0924, 0x0924, 0x0924, 0x0924, 
    0x0924, 0x0924, 0x0924, 0x0924, 0x0924, 0x0924, 0x0924, 0x0924, 0x0924, 0x0924, 0x0924, 0x0924, 
    0x0924, 0x0924, 0x0924, 0x0924, 0x0924, 0x0924, 0x0924, 0x0924, 0x0924, 0x0924, 0x0924, 0x0924, 
    0x0924, 0x0924, 0x0924, 0x0924, 0x0924, 0x0924, 0x0924, 0x0924, 0x0924, 0x0924, 0x0924, 0x0924, 
    0x0924, 0x0924, 0x0924, 0x0924, 0x0924, 0x0924, 0x0924, 0x0924, 0x0924, 0x0924, 0x0924, 0x0924, 
    0x0924, 0x0924, 0x0924, 0x0924, 0x0924, 0x0924, 0x0924, 0x0924, 0x0924, 0x0924, 0x0924, 0x0924, 
    0x0924, 0x0924, 0x0924, 0x0924, 0x0924, 0x0924, 0x0924, 0x0924, 0x0924, 0x0924, 0x0924, 0x0924, 
    0x0924, 0x0924, 0x0924, 0x0924, 0x0924, 0x0924, 0x0924, 0x0924, 0x0924, 0x0924, 0x0924, 0x0924, 
    0x0924, 0x0924, 0x0924, 0x0924, 0x0924, 0x0924, 0x0924, 0x0924, 0x0924, 0x0924, 0x0924, 0x0924, 
    0x0924, 0x0924, 0x0924, 0x0924, 0x0924, 0x0924, 0x0924, 0x0924, 0x0924, 0x0924, 0x0924, 0x0924, 
    0x0924, 0x0924, 0x0924, 0x0924, 0x0924, 0x0924, 0x0924, 0x0924, 0x0924, 0x0924, 0x0924, 0x0924, 
    0x0924, 0x0924, 0x0924, 0x0924, 0x0924, 0x0924, 0x0924, 0x0924, 0x0924, 0x0924, 0x0924, 0x0924, 
    0x0924, 0x0924, 0x0924, 0x0924, 0x0924, 0x0924, 0x0924, 0x0924, 0x0924, 0x0924, 0x0924, 0x0924, 
    0x0924, 0x0924, 0x0924, 0x0924, 0x0924, 0x0924, 0x0924, 0x0924, 0x0924, 0x0924, 0x0924, 0x0924, 
    0x0924, 0x0924, 0x0924, 0x0924, 0x0924, 0x0924, 0x0924, 0x0924, 0x0924, 0x0924, 0x0924, 0x0924, 
    0x0924, 0x0924, 0x0924, 0x0924, 0x0924, 0x0924, 0x0924, 0x0924, 0x0924, 0x0924, 0x0924, 0x0924, 
    0x0924, 0x0924, 0x0924, 0x0924, 0x0924, 0x0924, 0x0924, 0x0924, 0x0924, 0x0924, 0x0924, 0x0924, 
    0x0924, 0x0924, 0x0924, 0x0924, 0x0924, 0x0924, 0x0924, 0x0924, 0x0924, 0x0924, 0x0924, 0x0924, 
    0x0924, 0x0924, 0x0924, 0x0924, 0x0924, 0x0924, 0x0924, 0x0924, 0x0924, 0x0924, 0x0924, 0x0924, 
    0x0924, 0x0924, 0x0924, 0x0924, 0x0924, 0x0924, 0x0924, 0x0924, 0x0924, 0x0924, 0x0924, 0x0924, 
    0x0924, 0x0924, 0x0924, 0x0924, 0x0924, 0x0924, 0x0924, 0x0924, 0x0924, 0x0924, 0x0924, 0x0924, 
    0x0924, 0x0924, 0x0924, 0x0924, 0x0924, 0x0924, 0x0924, 0x0924, 0x0924, 0x0924, 0x0924, 0x0924, 
    0x0924, 0x0924, 0x0924, 0x0924, 0x0924, 0x0924, 0x0924, 0x0924, 0x0924, 0x0924, 0x0924, 0x0924, 
    0x0924, 0x0924, 0x0924, 0x0924, 0x0924, 0x0924, 0x0924, 0x0924, 0x0924, 0x0924, 0x0924, 0x0924, 
    0x0924, 0x0924, 0x0924, 0x0924, 0x0924, 0x0924, 0x0924, 0x0924, 0x0924, 0x0924, 0x0924, 0x0924, 
    0x0924, 0x0924, 0x0924, 0x0924, 0x0924, 0x0924, 0x0924, 0x0924, 0x0924, 0x0924, 0x0924, 0x0924, 
    0x0924, 0x0924, 0x0924, 0x0924, 0x0924, 0x0924, 0x0924, 0x0924, 0x0924, 0x0924, 0x0924, 0x0924, 
    0x0924, 0x0924, 0x0924, 0x0924, 0x0924, 0x0924, 0x0924, 0x0924, 0x0924, 0x0924, 0x0924, 0x0924, 
    0x0924, 0x0924, 0x0924, 0x0924, 0x0924, 0x0924, 0x0924, 0x0924, 0x0924, 0x0924, 0x0924, 0x0924, 
    0x0924, 0x0924, 0x0924, 0x0924, 0x0924, 0x0924, 0x0924, 0x0924, 0x0924, 0x0924, 0x0924, 0x0924, 
    0x0924, 0x0924, 0x0924, 0x0924, 0x0924, 0x0924, 0x0924, 0x0924, 0x0924, 0x0924, 0x0924, 0x0924, 
    0x0924, 0x0924, 0x0924, 0x0924, 0x0924, 0x0924, 0x0924, 0x0924, 0x0924, 0x0924, 0x0924, 0x0924, 
    0x0924, 0x0924, 0x0924, 0x0924, 0x0924, 0x0924, 0x0924, 0x0924, 0x0924, 0x0924, 0x0924, 0x0924, 
    0x0924, 0x0924, 0x0924, 0x0924, 0x0924, 0x0924, 0x0924, 0x0924, 0x0924, 0x0924, 0x0924, 0x0924, 
    0x0924, 0x0924, 0x0924, 0x0924, 0x0924, 0x0924, 0x0924, 0x0924, 0x0924, 0x0924, 0x0924, 0x0924, 
    0x0924, 0x0924, 0x0924, 0x0924, 0x0924, 0x0924, 0x0924, 0x0924, 0x0924, 0x0924, 0x0924, 0x0924, 
    0x0924, 0x0924, 0x0924, 0x0924, 0x0924, 0x0924, 0x0924, 0x0924, 0x0924, 0x0924, 0x0924, 0x0924, 
    0x0924, 0x0924, 0x0924, 0x0924, 0x0924, 0x0924, 0x0924, 0x0924, 0x0924, 0x0924, 0x0924, 0x0924, 
    0x0924, 0x0924, 0x0924, 0x0924, 0x0924, 0x0924, 0x0924, 0x0924, 0x0924, 0x0924, 0x0924, 0x0924, 
    0x0924, 0x0924, 0x0924, 0x0924, 0x0924, 0x0924, 0x0924, 0x0924, 0x0924, 0x0924, 0x0924, 0x0924, 
    0x0924, 0x0924, 0x0924, 0x0924, 0x0924, 0x0924, 0x0924, 0x0924, 0x0924, 0x0924, 0x0924, 0x0924, 
    0x0924, 0x0924, 0x0924, 0x0924, 0x0924, 0x0924, 0x0924, 0x0924, 0x0924, 0x0924, 0x0924, 0x0924, 
    0x0924, 0x0924, 0x0924, 0x0924, 0x0924, 0x0924, 0x0924, 0x0924, 0x0924, 0x0924, 0x0924, 0x0924, 
    0x0924, 0x0924, 0x0924, 0x0924, 0x0924, 0x0924, 0x0924, 0x0924, 0x0924, 0x0924, 0x0924, 0x0924, 
    0x0924, 0x0924, 0x0924, 0x0924, 0x0924, 0x0924, 0x0924, 0x0924, 0x0924, 0x0924, 0x0924, 0x0924, 
    0x0924, 0x0924, 0x0924, 0x0924, 0x0924, 0x0924, 0x0924, 0x0924, 0x0924, 0x0924, 0x0924, 0x0924, 
    0x0924, 0x0924, 0x0924, 0x0924, 0x0924, 0x0924, 0x0924, 0x0924, 0x0924, 0x0924, 0x0924, 0x0924, 
    0x0924, 0x0924, 0x0924, 0x0924, 0x0924, 0x0924, 0x0924, 0x0924, 0x0924, 0x0924, 0x0924, 0x0924, 
    0x0924, 0x0924, 0x0924, 0x0924, 0x0924, 0x0924, 0x0924, 0x0924, 0x0924, 0x0924, 0x0924, 0x0924, 
    0x0924, 0x0924, 0x0924, 0x0924, 0x0924, 0x0924, 0x0924, 0x0924, 0x0924, 0x0924, 0x0924, 0x0924, 
    0x0924, 0x0924, 0x0924, 0x0924, 0x0924, 0x0924, 0x0924, 0x0924, 0x0924, 0x0924, 0x0924, 0x0924, 
    0x0924, 0x0924, 0x0924, 0x0924, 0x0924, 0x0924, 0x0924, 0x0924, 0x0924, 0x0924, 0x0924, 0x0924, 
    0x0924, 0x0924, 0x0924, 0x0924, 0x0924, 0x0924, 0x0924, 0x0924, 0x0924, 0x0924, 0x0924, 0x0924, 
    0x0924, 0x0924, 0x0924, 0x0924, 0x0924, 0x0924, 0x0924, 0x0924, 0x0924, 0x0924, 0x0924, 0x0924, 
    0x0924, 0x0924, 0x0924, 0x0924, 0x0924, 0x0924, 0x0924, 0x0924, 0x0924, 0x0924, 0x0924, 0x0924, 
    0x0924, 0x0924, 0x0924, 0x0924, 0x0924, 0x0924, 0x0924, 0x0924, 0x0924, 0x0924, 0x0924, 0x0924, 
    0x0924, 0x0924, 0x0924, 0x0924, 0x0924, 0x0924, 0x0924, 0x0924, 0x0924, 0x0924, 0x0924, 0x0924, 
    0x0924, 0x0924, 0x0924, 0x0924, 0x0924, 0x0924, 0x0924, 0x0924, 0x0924, 0x0924, 0x0924, 0x0924, 
    0x0924, 0x0924, 0x0924, 0x0924, 0x0924, 0x0924, 0x0924, 0x0924, 0x0924, 0x0924, 0x0924, 0x0924, 
    0x0924, 0x0924, 0x0924, 0x0924, 0x0924, 0x0924, 0x0924, 0x0924, 0x0924, 0x0924, 0x0924, 0x0924, 
    0x0924, 0x0924, 0x0924, 0x0924, 0x0924, 0x0924, 0x0924, 0x0924, 0x0924, 0x0924, 0x0924, 0x0924, 
    0x0924, 0x0924, 0x0924, 0x0924, 0x0924, 0x0924, 0x0924, 0x0924, 0x0924, 0x0924, 0x0924, 0x0924, 
    0x0924, 0x0924, 0x0924, 0x0924, 0x0924, 0x0924, 0x0924, 0x0924, 0x0924, 0x0924, 0x0924, 0x0924, 
    0x0924, 0x0924, 0x0924, 0x0924, 0x0924, 0x0924, 0x0924, 0x0924, 0x0924, 0x0924, 0x0924, 0x0924, 
    0x0924, 0x0924, 0x0924, 0x0924, 0x0924, 0x0924, 0x0924, 0x0924, 0x0924, 0x0924, 0x0924, 0x0924, 
    0x0924, 0x0924, 0x0924, 0x0924, 0x0924, 0x0924, 0x0924, 0x0924, 0x0924, 0x0924, 0x0924, 0x0924, 
    0x0924, 0x0924, 0x0924, 0x0924, 0x0924, 0x0924, 0x0924, 0x0924, 0x0924, 0x0924, 0x0924, 0x0924, 
    0x0924, 0x0924, 0x0924, 0x0924, 0x0924, 0x0924, 0x0924, 0x0924, 0x0924, 0x0924, 0x0924, 0x0924, 
    0x0924, 0x0924, 0x0924, 0x0924, 0x0924, 0x0924, 0x0924, 0x0924, 0x0924, 0x0924, 0x0924, 0x0924, 
    0x0924, 0x0924, 0x0924, 0x0924, 0x0924, 0x0924, 0x0924, 0x0924, 0x0924, 0x0924, 0x0924, 0x0924, 
    0x0924, 0x0924, 0x0924, 0x0924, 0x0924, 0x0924, 0x0924, 0x0924, 0x0924, 0x0924, 0x0924, 0x0924, 
    0x0924, 0x0924, 0x0924, 0x0924, 0x0924, 0x0924, 0x0924, 0x0924, 0x0924, 0x0924, 0x0924, 0x0924, 
    0x0924, 0x0924, 0x0924, 0x0924, 0x0924, 0x0924, 0x0924, 0x0924, 0x0924, 0x0924, 0x0924, 0x0924, 
    0x0924, 0x0924, 0x0924, 0x0924, 0x0924, 0x0924, 0x0924, 0x0924, 0x0924, 0x0924, 0x0924, 0x0924, 
    0x0924, 0x0924, 0x0924, 0x0924, 0x0924, 0x0924, 0x0924, 0x0924, 0x0924, 0x0924, 0x0924, 0x0924, 
    0x0924, 0x0924, 0x0924, 0x0924, 0x0924, 0x0924, 0x0924, 0x0924, 0x0924, 0x0924, 0x0924, 0x0924, 
    0x0924, 0x0924, 0x0924, 0x0924, 0x0924, 0x0924, 0x0924, 0x0924, 0x0924, 0x0924, 0x0924, 0x0924, 
    0x0924, 0x0924, 0x0924, 0x0924, 0x0924, 0x0924, 0x0924, 0x0924, 0x0924, 0x0924, 0x0924, 0x0924, 
    0x0924, 0x0924, 0x0924, 0x0924, 0x0924, 0x0924, 0x0924, 0x0924, 0x0924, 0x0924, 0x0924, 0x0924, 
    0x0924, 0x0924, 0x0924, 0x0924, 0x0924, 0x0924, 0x0924, 0x0924, 0x0924, 0x0924, 0x0924, 0x0924, 
    0x0924, 0x0924, 0x0924, 0x0924, 0x0924, 0x0924, 0x0924, 0x0924, 0x0924, 0x0924, 0x0924, 0x0924, 
    0x0924, 0x0924, 0x0924, 0x0924, 0x0924, 0x0924, 0x0924, 0x0924, 0x0924, 0x0924, 0x0924, 0x0924, 
    0x0924, 0x0924, 0x0924, 0x0924, 0x0924, 0x0924, 0x0924, 0x0924, 0x0924, 0x0924, 0x0924, 0x0924, 
    0x0924, 0x0924, 0x0924, 0x0924, 0x0924, 0x0924, 0x0924, 0x0924, 0x0924, 0x0924, 0x0924, 0x0924, 
    0x0924, 0x0924, 0x0924, 0x0924, 0x0924, 0x0924, 0x0924, 0x0924, 0x0924, 0x0924, 0x0924, 0x0924, 
    0x0924, 0x0924, 0x0924, 0x0924, 0x0924, 0x0924, 0x0924, 0x0924, 0x0924, 0x0924, 0x0924, 0x0924, 
    0x0924, 0x0924, 0x0924, 0x0924, 0x0924, 0x0924, 0x0924, 0x0924, 0x0924, 0x0924, 0x0924, 0x0924, 
    0x0924, 0x0924, 0x0924, 0x0924, 0x0924, 0x0924, 0x0924, 0x0924, 0x0924, 0x0924, 0x0924, 0x0924, 
    0x0924, 0x0924, 0x0924, 0x0924, 0x0924, 0x0924, 0x0924, 0x0924, 0x0924, 0x0924, 0x0924, 0x0924, 
    0x0924, 0x0924, 0x0924, 0x0924, 0x0924, 0x0924, 0x0924, 0x0924, 0x0924, 0x0924, 0x0924, 0x0924, 
    0x0924, 0x0924, 0x0924, 0x0924, 0x0924, 0x0924, 0x0924, 0x0924, 0x0924, 0x0924, 0x0924, 0x0924, 
    0x0924, 0x0924, 0x0924, 0x0924, 0x0924, 0x0924, 0x0924, 0x0924, 0x0924, 0x0924, 0x0924, 0x0924, 
    0x0924, 0x0924, 0x0924, 0x0924, 0x0924, 0x0924, 0x0924, 0x0924, 0x0924, 0x0924, 0x0924, 0x0924, 
    0x0924, 0x0924, 0x0924, 0x0924, 0x0924, 0x0924, 0x0924, 0x0924, 0x0924, 0x0924, 0x0924, 0x0924, 
    0x0924, 0x0924, 0x0924, 0x0924, 0x0924, 0x0924, 0x0924, 0x0924, 0x0924, 0x0924, 0x0924, 0x0924, 
    0x0924, 0x0924, 0x0924, 0x0924, 0x0924, 0x0924, 0x0924, 0x0924, 0x0924, 0x0924, 0x0924, 0x0924, 
    0x0924, 0x0924, 0x0924, 0x0924, 0x0924, 0x0924, 0x0924, 0x0924, 0x0924, 0x0924, 0x0924, 0x0924, 
    0x0924, 0x0924, 0x0924, 0x0924, 0x0924, 0x0924, 0x0924, 0x0924, 0x0924, 0x0924, 0x0924, 0x0924, 
    0x0924, 0x0924, 0x0924, 0x0924, 0x0924, 0x0924, 0x0924, 0x0924, 0x0924, 0x0924, 0x0924, 0x0924, 
    0x0924, 0x0924, 0x0924, 0x0924, 0x0924, 0x0924, 0x0924, 0x0924, 0x0924, 0x0924, 0x0924, 0x0924, 
    0x0924, 0x0924, 0x0924, 0x0924, 0x0924, 0x0924, 0x0924, 0x0924, 0x0924, 0x0924, 0x0924, 0x0924, 
    0x0924, 0x0924, 0x0924, 0x0924, 0x0924, 0x0924, 0x0924, 0x0924, 0x0924, 0x0924, 0x0924, 0x0924, 
    0x0924, 0x0924, 0x0924, 0x0924, 0x0924, 0x0924, 0x0924, 0x0924, 0x0924, 0x0924, 0x0924, 0x0924, 
    0x0924, 0x0924, 0x0924, 0x0924, 0x0924, 0x0924, 0x0924, 0x0924, 0x0924, 0x0924, 0x0924, 0x0924, 
    0x0924, 0x0924, 0x0924, 0x0924, 0x0924, 0x0924, 0x0924, 0x0924, 0x0924, 0x0924, 0x0924, 0x0924, 
    0x0924, 0x0924, 0x0924, 0x0924, 0x0924, 0x0924, 0x0924, 0x0924, 0x0924, 0x0924, 0x0924, 0x0924, 
    0x0924, 0x0924, 0x0924, 0x0924, 0x0924, 0x0924, 0x0924, 0x0924, 0x0924, 0x0924, 0x0924, 0x0924, 
    0x0924, 0x0924, 0x0924, 0x0924, 0x0924, 0x0924, 0x0924, 0x0924, 0x0924, 0x0924, 0x0924, 0x0924, 
    0x0924, 0x0924, 0x0924, 0x0924, 0x0924, 0x0924, 0x0924, 0x0924, 0x0924, 0x0924, 0x0924, 0x0924, 
    0x0924, 0x0924, 0x0924, 0x0924, 0x0924, 0x0924, 0x0924, 0x0924, 0x0924, 0x0924, 0x0924, 0x0924, 
    0x0924, 0x0924, 0x0924, 0x0924, 0x0924, 0x0924, 0x0924, 0x0924, 0x0924, 0x0924, 0x0924, 0x0924, 
    0x0924, 0x0924, 0x0924, 0x0924, 0x0924, 0x0924, 0x0924, 0x0924, 0x0924, 0x0924, 0x0924, 0x0924, 
    0x0924, 0x0924, 0x0924, 0x0924, 0x0924, 0x0924, 0x0924, 0x0924, 0x0924, 0x0924, 0x0924, 0x0924, 
    0x0924, 0x0924, 0x0924, 0x0924, 0x0924, 0x0924, 0x0924, 0x0924, 0x0924, 0x0924, 0x0924, 0x0924, 
    0x0924, 0x0924, 0x0924, 0x0924, 0x0924, 0x0924, 0x0924, 0x0924, 0x0924, 0x0924, 0x0924, 0x0924, 
    0x0924, 0x0924, 0x0924, 0x0924, 0x0924, 0x0924, 0x0924, 0x0924, 0x0924, 0x0924, 0x0924, 0x0924, 
    0x0924, 0x0924, 0x0924, 0x0924, 0x0924, 0x0924, 0x0924, 0x0924, 0x0924, 0x0924, 0x0924, 0x0924, 
    0x0924, 0x0924, 0x0924, 0x0924, 0x0924, 0x0924, 0x0924, 0x0924, 0x0924, 0x0924, 0x0924, 0x0924, 
    0x0924, 0x0924, 0x0924, 0x0924, 0x0924, 0x0924, 0x0924, 0x0924, 0x0924, 0x0924, 0x0924, 0x0924, 
    0x0924, 0x0924, 0x0924, 0x0924, 0x0924, 0x0924, 0x0924, 0x0924, 0x0924, 0x0924, 0x0924, 0x0924, 
    0x0924, 0x0924, 0x0924, 0x0924, 0x0924, 0x0924, 0x0924, 0x0924, 0x0924, 0x0924, 0x0924, 0x0924, 
    0x0924, 0x0924, 0x0924, 0x0924, 0x0924, 0x0924, 0x0924, 0x0924, 0x0924, 0x0924, 0x0924, 0x0924, 
    0x0924, 0x0924, 0x0924, 0x0924, 0x0924, 0x0924, 0x0924, 0x0924, 0x0924, 0x0924, 0x0924, 0x0924, 
    0x0924, 0x0924, 0x0924, 0x0924, 0x0924, 0x0924, 0x0924, 0x0924, 0x0924, 0x0924, 0x0924, 0x0924, 
    0x0924, 0x0924, 0x0924, 0x0924, 0x0924, 0x0924, 0x0924, 0x0924, 0x0924, 0x0924, 0x0924, 0x0924, 
    0x0924, 0x0924, 0x0924, 0x0924, 0x0924, 0x0924, 0x0924, 0x0924, 0x0924, 0x0924, 0x0924, 0x0924, 
    0x0924, 0x0924, 0x0924, 0x0924, 0x0924, 0x0924, 0x0924, 0x0924, 0x0924, 0x0924, 0x0924, 0x0924, 
    0x0924, 0x0924, 0x0924, 0x0924, 0x0924, 0x0924, 0x0924, 0x0924, 0x0924, 0x0924, 0x0924, 0x0924, 
    0x0924, 0x0924, 0x0924, 0x0924, 0x0924, 0x0924, 0x0924, 0x0924, 0x0924, 0x0924, 0x0924, 0x0924, 
    0x0924, 0x0924, 0x0924, 0x0924, 0x0924, 0x0924, 0x0924, 0x0924, 0x0924, 0x0924, 0x0924, 0x0924, 
    0x0924, 0x0924, 0x0924, 0x0924, 0x0924, 0x0924, 0x0924, 0x0924, 0x0924, 0x0924, 0x0924, 0x0924, 
    0x0924, 0x0924, 0x0924, 0x0924, 0x0924, 0x0924, 0x0924, 0x0924, 0x0924, 0x0924, 0x0924, 0x0924, 
    0x0924, 0x0924, 0x0924, 0x0924, 0x0924, 0x0924, 0x0924, 0x0924, 0x0924, 0x0924, 0x0924, 0x0924, 
    0x0924, 0x0924, 0x0924, 0x0924, 0x0924, 0x0924, 0x0924, 0x0924, 0x0924, 0x0924, 0x0924, 0x0924, 
    0x0924, 0x0924, 0x0924, 0x0924, 0x0924, 0x0924, 0x0924, 0x0924, 0x0924, 0x0924, 0x0924, 0x0924, 
    0x0924, 0x0924, 0x0924, 0x0924, 0x0924, 0x0924, 0x0924, 0x0924, 0x0924, 0x0924, 0x0924, 0x0924, 
    0x0924, 0x0924, 0x0924, 0x0924, 0x0924, 0x0924, 0x0924, 0x0924, 0x0924, 0x0924, 0x0924, 0x0924, 
    0x0924, 0x0924, 0x0924, 0x0924, 0x0924, 0x0924, 0x0924, 0x0924, 0x0924, 0x0924, 0x0924, 0x0924, 
    0x0924, 0x0924, 0x0924, 0x0924, 0x0924, 0x0924, 0x0924, 0x0924, 0x0924, 0x0924, 0x0924, 0x0924, 
    0x0924, 0x0924, 0x0924, 0x0924, 0x0924, 0x0924, 0x0924, 0x0924, 0x0924, 0x0924, 0x0924, 0x0924, 
    0x0924, 0x0924, 0x0924, 0x0924, 0x0924, 0x0924, 0x0924, 0x0924, 0x0924, 0x0924, 0x0924, 0x0924, 
    0x0924, 0x0924, 0x0924, 0x0924, 0x0924, 0x0924, 0x0924, 0x0924, 0x0924, 0x0924, 0x0924, 0x0924, 
    0x0924, 0x0924, 0x0924, 0x0924, 0x0924, 0x0924, 0x0924, 0x0924, 0x0924, 0x0924, 0x0924, 0x0924, 
    0x0924, 0x0924, 0x0924, 0x0924, 0x0924, 0x0924, 0x0924, 0x0924, 0x0924, 0x0924, 0x0924, 0x0924, 
    0x0924, 0x0924, 0x0924, 0x0924, 0x0924, 0x0924, 0x0924, 0x0924, 0x0924, 0x0924, 0x0924, 0x0924, 
    0x0924, 0x0924, 0x0924, 0x0924, 0x0924, 0x0924, 0x0924, 0x0924, 0x0924, 0x0924, 0x0924, 0x0924, 
    0x0924, 0x0924, 0x0924, 0x0924, 0x0924, 0x0924, 0x0924, 0x0924, 0x0924, 0x0924, 0x0924, 0x0924, 
    0x0924, 0x0924, 0x0924, 0x0924, 0x0924, 0x0924, 0x0924, 0x0924, 0x0924, 0x0924, 0x0924, 0x0924, 
    0x0924, 0x0924, 0x0924, 0x0924, 0x0924, 0x0924, 0x0924, 0x0924, 0x0924, 0x0924, 0x0924, 0x0924, 
    0x0924, 0x0924, 0x0924, 0x0924, 0x0924, 0x0924, 0x0924, 0x0924, 0x0924, 0x0924, 0x0924, 0x0924, 
    0x0924, 0x0924, 0x0924, 0x0924, 0x0924, 0x0924, 0x0924, 0x0924, 0x0924, 0x0924, 0x0924, 0x0924, 
    0x0924, 0x0924, 0x0924, 0x0924, 0x0924, 0x0924, 0x0924, 0x0924, 0x0924, 0x0924, 0x0924, 0x0924, 
    0x0924, 0x0924, 0x0924, 0x0924, 0x0924, 0x0924, 0x0924, 0x0924, 0x0924, 0x0924, 0x0924, 0x0924, 
    0x0924, 0x0924, 0x0924, 0x0924, 0x0924, 0x0924, 0x0924, 0x0924, 0x0924, 0x0924, 0x0924, 0x0924, 
    0x0924, 0x0924, 0x0924, 0x0924, 0x0924, 0x0924, 0x0924, 0x0924, 0x0924, 0x0924, 0x0924, 0x0924, 
    0x0924, 0x0924, 0x0924, 0x0924, 0x0924, 0x0924, 0x0924, 0x0924, 0x0924, 0x0924, 0x0924, 0x0924, 
    0x0924, 0x0924, 0x0924, 0x0924, 0x0924, 0x0924, 0x0924, 0x0924, 0x0924, 0x0924, 0x0924, 0x0924, 
    0x0924, 0x0924, 0x0924, 0x0924, 0x0924, 0x0924, 0x0924, 0x0924, 0x0924, 0x0924, 0x0924, 0x0924, 
    0x0924, 0x0924, 0x0924, 0x0924, 0x0924, 0x0924, 0x0924, 0x0924, 0x0924, 0x0924, 0x0924, 0x0924, 
    0x0924, 0x0924, 0x0924, 0x0924, 0x0924, 0x0924, 0x0924, 0x0924, 0x0924, 0x0924, 0x0924, 0x0924, 
    0x0924, 0x0924, 0x0924, 0x0924, 0x0924, 0x0924, 0x0924, 0x0924, 0x0924, 0x0924, 0x0924, 0x0924, 
    0x0924, 0x0924, 0x0924, 0x0924, 0x0924, 0x0924, 0x0924, 0x0924, 0x0924, 0x0924, 0x0924, 0x0924, 
    0x0924, 0x0924, 0x0924, 0x0924, 0x0924, 0x0924, 0x0924, 0x0924, 0x0924, 0x0924, 0x0924, 0x0924, 
    0x0924, 0x0924, 0x0924, 0x0924, 0x0924, 0x0924, 0x0924, 0x0924, 0x0924, 0x0924, 0x0924, 0x0924, 
    0x0924, 0x0924, 0x0924, 0x0924, 0x0924, 0x0924, 0x0924, 0x0924, 0x0924, 0x0924, 0x0924, 0x0924, 
    0x0924, 0x0924, 0x0924, 0x0924, 0x0924, 0x0924, 0x0924, 0x0924, 0x0924, 0x0924, 0x0924, 0x0924, 
    0x0924, 0x0924, 0x0924, 0x0924, 0x0924, 0x0924, 0x0924, 0x0924, 0x0924, 0x0924, 0x0924, 0x0924, 
    0x0924, 0x0924, 0x0924, 0x0924, 0x0924, 0x0924, 0x0924, 0x0924, 0x0924, 0x0924, 0x0924, 0x0924, 
    0x0924, 0x0924, 0x0924, 0x0924, 0x0924, 0x0924, 0x0924, 0x0924, 0x0924, 0x0924, 0x0924, 0x0924, 
    0x0924, 0x0924, 0x0924, 0x0924, 0x0924, 0x0924, 0x0924, 0x0924, 0x0924, 0x0924, 0x0924, 0x0924, 
    0x0924, 0x0924, 0x0924, 0x0924, 0x0924, 0x0924, 0x0924, 0x0924, 0x0924, 0x0924, 0x0924, 0x0924, 
    0x0924, 0x0924, 0x0924, 0x0924, 0x0924, 0x0924, 0x0924, 0x0924, 0x0924, 0x0924, 0x0924, 0x0924, 
    0x0924, 0x0924, 0x0924, 0x0924, 0x0924, 0x0924, 0x0924, 0x0924, 0x0924, 0x0924, 0x0924, 0x0924, 
    0x0924, 0x0924, 0x0924, 0x0924, 0x0924, 0x0924, 0x0924, 0x0924, 0x0924, 0x0924, 0x0924, 0x0924, 
    0x0924, 0x0924, 0x0924, 0x0924, 0x0924, 0x0924, 0x0924, 0x0924, 0x0924, 0x0924, 0x0924, 0x0924, 
    0x0924, 0x0924, 0x0924, 0x0924, 0x0924, 0x0924, 0x0924, 0x0924, 0x0924, 0x0924, 0x0924, 0x0924, 
    0x0924, 0x0924, 0x0924, 0x0924, 0x0924, 0x0924, 0x0924, 0x0924, 0x0924, 0x0924, 0x0924, 0x0924, 
    0x0924, 0x0924, 0x0924, 0x0924, 0x0924, 0x0924, 0x0924, 0x0924, 0x0924, 0x0924, 0x0924, 0x0924, 
    0x0924, 0x0924, 0x0924, 0x0924, 0x0924, 0x0924, 0x0924, 0x0924, 0x0924, 0x0924, 0x0924, 0x0924, 
    0x0924, 0x0924, 0x0924, 0x0924, 0x0924, 0x0924, 0x0924, 0x0924, 0x0924, 0x0924, 0x0924, 0x0924, 
    0x0924, 0x0924, 0x0924, 0x0924, 0x0924, 0x0924, 0x0924, 0x0924, 0x0924, 0x0924, 0x0924, 0x0924, 
    0x0924, 0x0924, 0x0924, 0x0924, 0x0924, 0x0924, 0x0924, 0x0924, 0x0924, 0x0924, 0x0924, 0x0924, 
    0x0924, 0x0924, 0x0924, 0x0924, 0x0924, 0x0924, 0x0924, 0x0924, 0x0924, 0x0924, 0x0924, 0x0924, 
    0x0924, 0x0924, 0x0924, 0x0924, 0x0924, 0x0924, 0x0924, 0x0924, 0x0924, 0x0924, 0x0924, 0x0924, 
    0x0924, 0x0924, 0x0924, 0x0924, 0x0924, 0x0924, 0x0924, 0x0924, 0x0924, 0x0924, 0x0924, 0x0924, 
    0x0924, 0x0924, 0x0924, 0x0924, 0x0924, 0x0924, 0x0924, 0x0924, 0x0924, 0x0924, 0x0924, 0x0924, 
    0x0924, 0x0924, 0x0924, 0x0924, 0x0924, 0x0924, 0x0924, 0x0924, 0x0924, 0x0924, 0x0924, 0x0924, 
    0x0924, 0x0924, 0x0924, 0x0924, 0x0924, 0x0924, 0x0924, 0x0924, 0x0924, 0x0924, 0x0924, 0x0924, 
    0x0924, 0x0924, 0x0924, 0x0924, 0x0924, 0x0924, 0x0924, 0x0924, 0x0924, 0x0924, 0x0924, 0x0924, 
    0x0924, 0x0924, 0x0924, 0x0924, 0x0924, 0x0924, 0x0924, 0x0924, 0x0924, 0x0924, 0x0924, 0x0924, 
    0x0924, 0x0924, 0x0924, 0x0924, 0x0924, 0x0924, 0x0924, 0x0924, 0x0924, 0x0924, 0x0924, 0x0924, 
    0x0924, 0x0924, 0x0924, 0x0924, 0x0924, 0x0924, 0x0924, 0x0924, 0x0924, 0x0924, 0x0924, 0x0924, 
    0x0924, 0x0924, 0x0924, 0x0924, 0x0924, 0x0924, 0x0924, 0x0924, 0x0924, 0x0924, 0x0924, 0x0924, 
    0x0924, 0x0924, 0x0924, 0x0924, 0x0924, 0x0924, 0x0924, 0x0924, 0x0924, 0x0924, 0x0924, 0x0924, 
    0x0924, 0x0924, 0x0924, 0x0924, 0x0924, 0x0924, 0x0924, 0x0924, 0x0924, 0x0924, 0x0924, 0x0924, 
    0x0924, 0x0924, 0x0924, 0x0924, 0x0924, 0x0924, 0x0924, 0x0924, 0x0924, 0x0924, 0x0924, 0x0924, 
    0x0924, 0x0924, 0x0924, 0x0924, 0x0924, 0x0924, 0x0924, 0x0924, 0x0924, 0x0924, 0x0924, 0x0924, 
    0x0924, 0x0924, 0x0924, 0x0924, 0x0924, 0x0924, 0x0924, 0x0924, 0x0924, 0x0924, 0x0924, 0x0924, 
    0x0924, 0x0924, 0x0924, 0x0924, 0x0924, 0x0924, 0x0924, 0x0924, 0x0924, 0x0924, 0x0924, 0x0924, 
    0x0924, 0x0924, 0x0924, 0x0924, 0x0924, 0x0924, 0x0924, 0x0924, 0x0924, 0x0924, 0x0924, 0x0924, 
    0x0924, 0x0924, 0x0924, 0x0924, 0x0924, 0x0924, 0x0924, 0x0924, 0x0924, 0x0924, 0x0924, 0x0924, 
    0x0924, 0x0924, 0x0924, 0x0924, 0x0924, 0x0924, 0x0924, 0x0924, 0x0924, 0x0924, 0x0924, 0x0924, 
    0x0924, 0x0924, 0x0924, 0x0924, 0x0924, 0x0924, 0x0924, 0x0924, 0x0924, 0x0924, 0x0924, 0x0924, 
    0x0924, 0x0924, 0x0924, 0x0924, 0x0924, 0x0924, 0x0924, 0x0924, 0x0924, 0x0924, 0x0924, 0x0924, 
    0x0924, 0x0924, 0x0924, 0x0924, 0x0924, 0x0924, 0x0924, 0x0924, 0x0924, 0x0924, 0x0924, 0x0924, 
    0x0924, 0x0924, 0x0924, 0x0924, 0x0924, 0x0924, 0x0924, 0x0924, 0x0924, 0x0924, 0x0924, 0x0924, 
    0x0924, 0x0924, 0x0924, 0x0924, 0x0924, 0x0924, 0x0924, 0x0924, 0x0924, 0x0924, 0x0924, 0x0924, 
    0x0924, 0x0924, 0x0924, 0x0924, 0x0924, 0x0924, 0x0924, 0x0924, 0x0924, 0x0924, 0x0924, 0x0924, 
    0x0924, 0x0924, 0x0924, 0x0924, 0x0924, 0x0924, 0x0924, 0x0924, 0x0924, 0x0924, 0x0924, 0x0924, 
    0x0924, 0x0924, 0x0924, 0x0924, 0x0924, 0x0924, 0x0924, 0x0924, 0x0924, 0x0924, 0x0924, 0x0924, 
    0x0924, 0x0924, 0x0924, 0x0924, 0x0924, 0x0924, 0x0924, 0x0924, 0x0924, 0x0924, 0x0924, 0x0924, 
    0x0924, 0x0924, 0x0924, 0x0924, 0x0924, 0x0924, 0x0924, 0x0924, 0x0924, 0x0924, 0x0924, 0x0924, 
    0x0924, 0x0924, 0x0924, 0x0924, 0x0924, 0x0924, 0x0924, 0x0924, 0x0924, 0x0924, 0x0924, 0x0924, 
    0x0924, 0x0924, 0x0924, 0x0924, 0x0924, 0x0924, 0x0924, 0x0924, 0x0924, 0x0924, 0x0924, 0x0924, 
    0x0924, 0x0924, 0x0924, 0x0924, 0x0924, 0x0924, 0x0924, 0x0924, 0x0924, 0x0924, 0x0924, 0x0924, 
    0x0924, 0x0924, 0x0924, 0x0924, 0x0924, 0x0924, 0x0924, 0x0924, 0x0924, 0x0924, 0x0924, 0x0924, 
    0x0924, 0x0924, 0x0924, 0x0924, 0x0924, 0x0924, 0x0924, 0x0924, 0x0924, 0x0924, 0x0924, 0x0924, 
    0x0924, 0x0924, 0x0924, 0x0924, 0x0924, 0x0924, 0x0924, 0x0924, 0x0924, 0x0924, 0x0924, 0x0924, 
    0x0924, 0x0924, 0x0924, 0x0924, 0x0924, 0x0924, 0x0924, 0x0924, 0x0924, 0x0924, 0x0924, 0x0924, 
    0x0924, 0x0924, 0x0924, 0x0924, 0x0904, 0x6882, 0x0924, 0x0924, 0x0924, 0x0924, 0x0924, 0x0924, 
    0x0924, 0x0924, 0x0924, 0x0924, 0x0924, 0x0924, 0x0924, 0x0924, 0x0924, 0x0924, 0x0924, 0x0924, 
    0x0924, 0x0924, 0x0924, 0x0924, 0x0924, 0x0924, 0x0924, 0x0924, 0x0924, 0x0924, 0x0924, 0x0924, 
    0x0924, 0x0924, 0x0924, 0x0924, 0x0924, 0x0924, 0x0924, 0x0924, 0x0924, 0x0924, 0x0924, 0x0924, 
    0x0924, 0x0924, 0x0924, 0x0924, 0x0924, 0x0924, 0x0924, 0x0924, 0x0924, 0x0924, 0x0924, 0x0924, 
    0x0924, 0x0924, 0x0924, 0x0924, 0x0924, 0x0924, 0x0924, 0x0924, 0x0924, 0x0924, 0x0924, 0x0924, 
    0x0924, 0x0924, 0x0924, 0x0924, 0x0924, 0x0924, 0x0924, 0x0924, 0x0924, 0x0924, 0x0924, 0x0924, 
    0x0924, 0x0924, 0x0924, 0x0924, 0x0924, 0x0924, 0x0924, 0x0924, 0x0924, 0x0924, 0x0924, 0x0924, 
    0x0924, 0x0924, 0x0924, 0x0924, 0x0924, 0x0924, 0x0924, 0x0924, 0x0924, 0x0924, 0x0924, 0x0924, 
    0x0924, 0x0924, 0x0924, 0x0924, 0x0924, 0x0924, 0x0924, 0x0924, 0x0924, 0x0924, 0x0924, 0x0924, 
    0x0924, 0x0924, 0xC020, 0xF000, 0xF800, 0x6882, 0x0924, 0x0924, 0x0924, 0x0924, 0x0924, 0x0924, 
    0x0924, 0x0924, 0x0924, 0x0924, 0x0924, 0x5882, 0x18E3, 0x0924, 0x0924, 0x0924, 0x0924, 0x0924, 
    0x0924, 0x0924, 0x0924, 0x0924, 0x0924, 0x0924, 0x0924, 0x0924, 0x0924, 0x0924, 0x0924, 0x0924, 
    0x0924, 0x0924, 0x0924, 0x0924, 0x0924, 0x0924, 0x0924, 0x0924, 0x0924, 0x0924, 0x0924, 0x0924, 
    0x0924, 0x0924, 0x0924, 0x0924, 0x0924, 0x0924, 0x0924, 0x0924, 0x0924, 0x0924, 0x0924, 0x0924, 
    0x0924, 0x0924, 0x0924, 0x0924, 0x0924, 0x0924, 0x0924, 0x0924, 0x0924, 0x0924, 0x0924, 0x0924, 
    0x0924, 0x0924, 0x0924, 0x0924, 0x0924, 0x0924, 0x0924, 0x0924, 0x0924, 0x0924, 0x0924, 0x0924, 
    0x0924, 0x0924, 0x0924, 0x0924, 0x0924, 0x0924, 0x0924, 0x0924, 0x0924, 0x0924, 0x0924, 0x0924, 
    0x0924, 0x0924, 0x0924, 0x0924, 0x0924, 0x0924, 0x0924, 0x0924, 0x0924, 0x0924, 0x0924, 0x0924, 
    0x0924, 0x0924, 0x0924, 0x0924, 0x0924, 0x0924, 0x0924, 0x0924, 0x0924, 0x0924, 0x28C3, 0xF800, 
    0xF800, 0xF800, 0xF800, 0xF800, 0xF800, 0x7861, 0x0924, 0x0924, 0x0924, 0x0924, 0x0924, 0x0924, 
    0x0924, 0x0924, 0x0924, 0x0924, 0x0924, 0x40A2, 0xF800, 0xF800, 0xF800, 0xF800, 0xF800, 0xF800, 
    0x40A2, 0x0924, 0x0924, 0x0924, 0x0924, 0x0924, 0x0924, 0x0924, 0x0924, 0x0924, 0x0924, 0x0924, 
    0x0924, 0x0924, 0x0924, 0x0924, 0x0924, 0x0924, 0x0924, 0x0924, 0x0924, 0x0924, 0x0924, 0x0924, 
    0x0924, 0x0924, 0x0924, 0x0924, 0x0924, 0x0924, 0x0924, 0x0924, 0x0924, 0x0924, 0x0924, 0x0924, 
    0x0924, 0x0924, 0x0924, 0x0924, 0x0924, 0x0924, 0x0924, 0x0924, 0x0924, 0x0924, 0x0924, 0x0924, 
    0x0924, 0x0924, 0x0924, 0x0924, 0x0924, 0x0924, 0x0924, 0x0924, 0x0924, 0x0924, 0x0924, 0x0924, 
    0x0924, 0x0924, 0x0924, 0x0924, 0x0924, 0x0924, 0x0924, 0x0924, 0x0924, 0x0924, 0x0924, 0x0924, 
    0x0924, 0x0924, 0x0924, 0x0924, 0x0924, 0x0924, 0x0924, 0x0924, 0x0924, 0x0924, 0x0924, 0x0924, 
    0x0924, 0x0924, 0x0924, 0x0924, 0x0924, 0x0924, 0x0924, 0x0924, 0x0924, 0x0924, 0x28C3, 0xF800, 
    0xE000, 0xF800, 0xF800, 0xF800, 0xF000, 0xF800, 0x48A2, 0x0924, 0x0924, 0x0924, 0x0924, 0x0924, 
    0x0924, 0x0924, 0x0924, 0x0924, 0x0924, 0x38C3, 0xF800, 0xE800, 0xF800, 0xF800, 0xE800, 0xF800, 
    0x48A2, 0x0924, 0x0924, 0x0924, 0x0924, 0x0924, 0x0924, 0x0924, 0x0924, 0x0924, 0x0924, 0x0924, 
    0x0924, 0x0924, 0x0924, 0x0924, 0x0924, 0x0924, 0x0924, 0x0924, 0x0924, 0x0924, 0x0924, 0x0924, 
    0x0924, 0x0924, 0x0924, 0x0924, 0x0924, 0x0924, 0x0924, 0x0924, 0x0924, 0x0924, 0x0924, 0x0924, 
    0x0924, 0x0924, 0x0924, 0x0924, 0x0924, 0x0924, 0x0924, 0x0924, 0x0924, 0x0924, 0x0924, 0x0924, 
    0x0924, 0x0924, 0x0924, 0x0924, 0x0924, 0x0924, 0x0924, 0x0924, 0x0924, 0x0924, 0x0924, 0x0924, 
    0x0924, 0x0924, 0x0924, 0x0924, 0x0924, 0x0924, 0x0924, 0x0924, 0x0924, 0x0924, 0x0924, 0x0924, 
    0x0924, 0x0924, 0x0924, 0x0924, 0x0924, 0x0924, 0x0924, 0x0924, 0x0924, 0x0924, 0x0924, 0x0924, 
    0x0924, 0x0924, 0x0924, 0x0924, 0x0924, 0x0924, 0x0924, 0x0924, 0x0924, 0x0924, 0x0904, 0xA041, 
    0xF000, 0xF800, 0xF800, 0xF800, 0xF000, 0xF800, 0x38C3, 0x0924, 0x0924, 0x0924, 0x0924, 0x0924, 
    0x0924, 0x0924, 0x0924, 0x0924, 0x0924, 0x7061, 0xF800, 0xF000, 0xF800, 0xF800, 0xF000, 0xB820, 
    0x1104, 0x0924, 0x0924, 0x0924, 0x0924, 0x0924, 0x0924, 0x0924, 0x0924, 0x0924, 0x0924, 0x0924, 
    0x0924, 0x0924, 0x0924, 0x0924, 0x0924, 0x0924, 0x0924, 0x0924, 0x0924, 0x0924, 0x0924, 0x0924, 
    0x0924, 0x0924, 0x0924, 0x0924, 0x0924, 0x0924, 0x0924, 0x0924, 0x0924, 0x0924, 0x0924, 0x0924, 
    0x0924, 0x0924, 0x0924, 0x0924, 0x0924, 0x0924, 0x0924, 0x0924, 0x0924, 0x0924, 0x0924, 0x0924, 
    0x0924, 0x0924, 0x0924, 0x0924, 0x0924, 0x0924, 0x0924, 0x0924, 0x0924, 0x0924, 0x0924, 0x0924, 
    0x0924, 0x0924, 0x0924, 0x0924, 0x0924, 0x0924, 0x0924, 0x0924, 0x0924, 0x0924, 0x0924, 0x0924, 
    0x0924, 0x0924, 0x0924, 0x0924, 0x0924, 0x0924, 0x0924, 0x0924, 0x0924, 0x0924, 0x0924, 0x0924, 
    0x0924, 0x0924, 0x0924, 0x0924, 0x0924, 0x0924, 0x0924, 0x0924, 0x0924, 0x0924, 0x0924, 0x30C3, 
    0xF800, 0xE800, 0xF800, 0xF800, 0xF000, 0xF800, 0x40A2, 0x0924, 0x0924, 0x0924, 0x0924, 0x0924, 
    0x0924, 0x0924, 0x0924, 0x0924, 0x30C3, 0xF800, 0xE800, 0xF800, 0xF800, 0xF000, 0xF800, 0x5882, 
    0x0924, 0x0924, 0x0924, 0x0924, 0x0924, 0x0924, 0x0924, 0x0924, 0x0924, 0x0924, 0x0924, 0x0924, 
    0x0924, 0x0924, 0x0924, 0x0924, 0x0924, 0x0924, 0x0924, 0x0924, 0x0924, 0x0924, 0x0924, 0x0924, 
    0x0924, 0x0924, 0x0924, 0x0924, 0x0924, 0x0924, 0x0924, 0x0924, 0x0924, 0x0924, 0x0924, 0x0924, 
    0x0924, 0x0924, 0x0924, 0x0924, 0x0924, 0x0924, 0x0924, 0x0924, 0x0924, 0x0924, 0x0924, 0x0924, 
    0x0924, 0x0924, 0x0924, 0x0924, 0x0924, 0x0924, 0x0924, 0x0924, 0x0924, 0x0924, 0x0924, 0x0924, 
    0x0924, 0x0924, 0x0924, 0x0924, 0x0924, 0x0924, 0x0924, 0x0924, 0x0924, 0x0924, 0x0924, 0x0924, 
    0x0924, 0x0924, 0x0924, 0x0924, 0x0924, 0x0924, 0x0924, 0x0924, 0x0924, 0x0924, 0x0924, 0x0924, 
    0x0924, 0x0924, 0x0924, 0x0924, 0x0924, 0x0924, 0x0924, 0x0924, 0x0924, 0x0924, 0x0924, 0x40A2, 
    0xF800, 0xF000, 0xF800, 0xF800, 0xF000, 0xF800, 0x40A2, 0x0924, 0x0924, 0x0924, 0x0924, 0x0924, 
    0x0924, 0x0924, 0x0924, 0x0924, 0x20E3, 0xF000, 0xE800, 0xF800, 0xF800, 0xF000, 0xF800, 0x6882, 
    0x0924, 0x0924, 0x0924, 0x0924, 0x0924, 0x0924, 0x0924, 0x0924, 0x0924, 0x0924, 0x0924, 0x0924, 
    0x0924, 0x0924, 0x0924, 0x0924, 0x0924, 0x0924, 0x0924, 0x0924, 0x0924, 0x0924, 0x0924, 0x0924, 
    0x0924, 0x0924, 0x0924, 0x0924, 0x0924, 0x0924, 0x0924, 0x0924, 0x0924, 0x0924, 0x0924, 0x0924, 
    0x0924, 0x0924, 0x0924, 0x0924, 0x0924, 0x0924, 0x0924, 0x0924, 0x0924, 0x0924, 0x0924, 0x0924, 
    0x0924, 0x0924, 0x0924, 0x0924, 0x0924, 0x0924, 0x0924, 0x0924, 0x0924, 0x0924, 0x0924, 0x0924, 
    0x0924, 0x0924, 0x0924, 0x0924, 0x0924, 0x0924, 0x0924, 0x0924, 0x0924, 0x0924, 0x0924, 0x0924, 
    0x0924, 0x0924, 0x0924, 0x0924, 0x0924, 0x0924, 0x0924, 0x0924, 0x0924, 0x0924, 0x0924, 0x0924, 
    0x0924, 0x0924, 0x0924, 0x0924, 0x0924, 0x0924, 0x0924, 0x0924, 0x0924, 0x0924, 0x0924, 0x40A2, 
    0xF800, 0xF000, 0xF800, 0xF800, 0xF000, 0xF800, 0x38C3, 0x0924, 0x0924, 0x0924, 0x0924, 0x0924, 
    0x0924, 0x0924, 0x0924, 0x0924, 0x20E3, 0xF800, 0xE800, 0xF800, 0xF800, 0xF000, 0xF800, 0x6082, 
    0x0924, 0x0924, 0x0924, 0x0924, 0x0924, 0x0924, 0x0924, 0x0924, 0x0924, 0x0924, 0x0924, 0x0924, 
    0x0924, 0x0924, 0x0924, 0x0924, 0x0924, 0x0924, 0x0924, 0x0924, 0x0924, 0x0924, 0x0924, 0x0924, 
    0x0924, 0x0924, 0x0924, 0x0924, 0x0924, 0x0924, 0x0924, 0x0924, 0x0924, 0x0924, 0x0924, 0x0924, 
    0x0924, 0x0924, 0x0924, 0x0924, 0x0924, 0x0924, 0x0924, 0x0924, 0x0924, 0x0924, 0x0924, 0x0924, 
    0x0924, 0x0924, 0x0924, 0x0924, 0x0924, 0x0924, 0x0924, 0x0924, 0x0924, 0x0924, 0x0924, 0x0924, 
    0x0924, 0x0924, 0x0924, 0x0924, 0x0924, 0x0924, 0x0924, 0x0924, 0x0924, 0x0924, 0x0924, 0x0924, 
    0x0924, 0x0924, 0x0924, 0x0924, 0x0924, 0x0924, 0x0924, 0x0924, 0x0924, 0x0924, 0x0924, 0x0924, 
    0x0924, 0x0924, 0x0924, 0x0924, 0x0924, 0x0924, 0x0924, 0x0924, 0x0924, 0x0924, 0x0924, 0x40A2, 
    0xF800, 0xF000, 0xF800, 0xF800, 0xF800, 0xF000, 0xD020, 0x18E3, 0x0924, 0x0924, 0x0924, 0x0924, 
    0x0924, 0x0924, 0x0924, 0x0924, 0x20E3, 0xF800, 0xE800, 0xF800, 0xF800, 0xF000, 0xF800, 0x6082, 
    0x0924, 0x0924, 0x0924, 0x0924, 0x0924, 0x0924, 0x0924, 0x0924, 0x0924, 0x0924, 0x0924, 0x0924, 
    0x0924, 0x0924, 0x0924, 0x0924, 0x0924, 0x0924, 0x0924, 0x0924, 0x0924, 0x0924, 0x0924, 0x0924, 
    0x0924, 0x0924, 0x0924, 0x0924, 0x0924, 0x0924, 0x0924, 0x0924, 0x0924, 0x0924, 0x0924, 0x0924, 
    0x0924, 0x0924, 0x0924, 0x0924, 0x0924, 0x0924, 0x0924, 0x0924, 0x0924, 0x0924, 0x0924, 0x0924, 
    0x0924, 0x0924, 0x0924, 0x0924, 0x0924, 0x0924, 0x0924, 0x0924, 0x0924, 0x0924, 0x0924, 0x0924, 
    0x0924, 0x0924, 0x0924, 0x0924, 0x0924, 0x0924, 0x0924, 0x0924, 0x0924, 0x0924, 0x0924, 0x0924, 
    0x0924, 0x0924, 0x0924, 0x0924, 0x0924, 0x0924, 0x0924, 0x0924, 0x0924, 0x0924, 0x0924, 0x0924, 
    0x0924, 0x0924, 0x0924, 0x0924, 0x0924, 0x0924, 0x0924, 0x0924, 0x0924, 0x0924, 0x0924, 0x38A2, 
    0xF800, 0xF000, 0xF800, 0xF800, 0xF800, 0xE800, 0xF800, 0x28C3, 0x0924, 0x0924, 0x0924, 0x0924, 
    0x0924, 0x0924, 0x0924, 0x0924, 0x28C3, 0xF800, 0xE800, 0xF800, 0xF800, 0xF000, 0xF800, 0x6082, 
    0x0924, 0x0924, 0x0924, 0x0924, 0x0924, 0x0924, 0x0924, 0x0924, 0x0924, 0x0924, 0x0924, 0x0924, 
    0x0924, 0x0924, 0x0924, 0x0924, 0x0924, 0x0924, 0x0924, 0x0924, 0x0924, 0x0924, 0x0924, 0x0924, 
    0x0924, 0x0924, 0x0924, 0x0924, 0x0924, 0x0924, 0x0924, 0x0924, 0x0924, 0x0924, 0x0924, 0x0924, 
    0x0924, 0x0924, 0x0924, 0x0924, 0x0924, 0x0924, 0x0924, 0x0924, 0x0924, 0x0924, 0x0924, 0x0924, 
    0x0924, 0x0924, 0x0924, 0x0924, 0x0924, 0x0924, 0x0924, 0x0924, 0x0924, 0x0924, 0x0924, 0x0924, 
    0x0924, 0x0924, 0x0924, 0x0924, 0x0924, 0x0924, 0x0924, 0x0924, 0x0924, 0x0924, 0x0924, 0x0924, 
    0x0924, 0x0924, 0x0924, 0x0924, 0x0924, 0x0924, 0x0924, 0x0924, 0x0924, 0x0924, 0x0924, 0x0924, 
    0x0924, 0x0924, 0x0924, 0x0924, 0x0924, 0x0924, 0x0924, 0x0924, 0x0924, 0x0924, 0x0924, 0x0924, 
    0x6082, 0xF800, 0xF000, 0xF800, 0xF800, 0xE800, 0xF800, 0x20E3, 0x0924, 0x0924, 0x0924, 0x0924, 
    0x0924, 0x0924, 0x0924, 0x1104, 0xF800, 0xE800, 0xF800, 0xF800, 0xF800, 0xF800, 0x9041, 0x0924, 
    0x0924, 0x0924, 0x0924, 0x0924, 0x0924, 0x0924, 0x0924, 0x0924, 0x0924, 0x0924, 0x0924, 0x0924, 
    0x0924, 0x0924, 0x0924, 0x0924, 0x0924, 0x0924, 0x0924, 0x0924, 0x0924, 0x0924, 0x0924, 0x0924, 
    0x0924, 0x0924, 0x0924, 0x0924, 0x0924, 0x0924, 0x0924, 0x0924, 0x0924, 0x0924, 0x0924, 0x0924, 
    0x0924, 0x0924, 0x0924, 0x0924, 0x0924, 0x0924, 0x0924, 0x0924, 0x0924, 0x0924, 0x0924, 0x0924, 
    0x0924, 0x0924, 0x0924, 0x0924, 0x0924, 0x0924, 0x0924, 0x0924, 0x0924, 0x0924, 0x0924, 0x0924, 
    0x0924, 0x0924, 0x0924, 0x0924, 0x0924, 0x0924, 0x0924, 0x0924, 0x0924, 0x0924, 0x0924, 0x0924, 
    0x0924, 0x0924, 0x0924, 0x0924, 0x0924, 0x0924, 0x0924, 0x0924, 0x0924, 0x0924, 0x0924, 0x0924, 
    0x0924, 0x0924, 0x0924, 0x0924, 0x0924, 0x0924, 0x0924, 0x0924, 0x0924, 0x0924, 0x0924, 0x0924, 
    0x6082, 0xF800, 0xF000, 0xF800, 0xF800, 0xE800, 0xF800, 0x20E3, 0x0924, 0x0924, 0x0924, 0x0924, 
    0x0924, 0x0924, 0x0924, 0x10E3, 0xF800, 0xE800, 0xF800, 0xF800, 0xF800, 0xF800, 0x9061, 0x0924, 
    0x0924, 0x0924, 0x0924, 0x0924, 0x0924, 0x0924, 0x0924, 0x0924, 0x0924, 0x0924, 0x0924, 0x0924, 
    0x0924, 0x0924, 0x0924, 0x0924, 0x0924, 0x0924, 0x0924, 0x0924, 0x0924, 0x0924, 0x0924, 0x0924, 
    0x0924, 0x0924, 0x0924, 0x0924, 0x0924, 0x0924, 0x0924, 0x0924, 0x0924, 0x0924, 0x0924, 0x0924, 
    0x0924, 0x0924, 0x0924, 0x0924, 0x0924, 0x0924, 0x0924, 0x0924, 0x0924, 0x0924, 0x0924, 0x0924, 
    0x0924, 0x0924, 0x0924, 0x0924, 0x0924, 0x0924, 0x0924, 0x0924, 0x0924, 0x0924, 0x0924, 0x0924, 
    0x0924, 0x0924, 0x0924, 0x0924, 0x0924, 0x0924, 0x0924, 0x0924, 0x0924, 0x0924, 0x0924, 0x0924, 
    0x0924, 0x0924, 0x0924, 0x0924, 0x0924, 0x0924, 0x0924, 0x0924, 0x0924, 0x0924, 0x0924, 0x0924, 
    0x0924, 0x0924, 0x0924, 0x0924, 0x0924, 0x0924, 0x0924, 0x0924, 0x0924, 0x0924, 0x0924, 0x0924, 
    0x5882, 0xF800, 0xF000, 0xF800, 0xF800, 0xF000, 0xF800, 0x40A2, 0x0924, 0x0924, 0x0924, 0x0924, 
    0x0924, 0x0924, 0x0924, 0x10E3, 0xF800, 0xE800, 0xF800, 0xF800, 0xF800, 0xF800, 0x9061, 0x0924, 
    0x0924, 0x0924, 0x0924, 0x0924, 0x0924, 0x0924, 0x0924, 0x0924, 0x0924, 0x0924, 0x0924, 0x0924, 
    0x0924, 0x0924, 0x0924, 0x0924, 0x0924, 0x0924, 0x0924, 0x0924, 0x0924, 0x0924, 0x0924, 0x0924, 
    0x0924, 0x0924, 0x0924, 0x0924, 0x0924, 0x0924, 0x0924, 0x0924, 0x0924, 0x0924, 0x0924, 0x0924, 
    0x0924, 0x0924, 0x0924, 0x0924, 0x0924, 0x0924, 0x0924, 0x0924, 0x0924, 0x0924, 0x0924, 0x0924, 
    0x0924, 0x0924, 0x0924, 0x0924, 0x0924, 0x0924, 0x0924, 0x0924, 0x0924, 0x0924, 0x0924, 0x0924, 
    0x0924, 0x0924, 0x0924, 0x0924, 0x0924, 0x0924, 0x0924, 0x0924, 0x0924, 0x0924, 0x0924, 0x0924, 
    0x0924, 0x0924, 0x0924, 0x0924, 0x0924, 0x0924, 0x0924, 0x0924, 0x0924, 0x0924, 0x0924, 0x0924, 
    0x0924, 0x0924, 0x0924, 0x0904, 0x0924, 0x0924, 0x0924, 0x0924, 0x0924, 0x0924, 0x0924, 0x0924, 
    0x8061, 0xF800, 0xF000, 0xF800, 0xF800, 0xF800, 0xE800, 0xF800, 0x18E3, 0x0924, 0x0924, 0x0924, 
    0x0924, 0x0924, 0x0924, 0x10E3, 0xF800, 0xE800, 0xF800, 0xF800, 0xF800, 0xF800, 0x8061, 0x0924, 
    0x0924, 0x0924, 0x0924, 0x0924, 0x0924, 0x0924, 0x0924, 0x0924, 0x0924, 0x0924, 0x0924, 0x0924, 
    0x0924, 0x0924, 0x0924, 0x0924, 0x0924, 0x0924, 0x0924, 0x0924, 0x0924, 0x0924, 0x0924, 0x0924, 
    0x0924, 0x0924, 0x0924, 0x0924, 0x0924, 0x0924, 0x0924, 0x0924, 0x0924, 0x0924, 0x0924, 0x0924, 
    0x0924, 0x0924, 0x0924, 0x0924, 0x0924, 0x0924, 0x0924, 0x0924, 0x0924, 0x0924, 0x0924, 0x0924, 
    0x0924, 0x0924, 0x0924, 0x0924, 0x0924, 0x0924, 0x0924, 0x0924, 0x0924, 0x0924, 0x0924, 0x0924, 
    0x0924, 0x0924, 0x0924, 0x0924, 0x0924, 0x0924, 0x0924, 0x0924, 0x0924, 0x0924, 0x0924, 0x0924, 
    0x0924, 0x0924, 0x0924, 0x0924, 0x0924, 0x0924, 0x0924, 0x0924, 0x0924, 0x0924, 0x0924, 0x0924, 
    0x0924, 0x0924, 0x0904, 0xF000, 0x48A2, 0x0924, 0x0924, 0x0924, 0x0924, 0x0924, 0x0924, 0x0924, 
    0x1104, 0xC020, 0xF800, 0xF800, 0xF800, 0xF800, 0xE800, 0xF000, 0x1104, 0x0924, 0x0924, 0x0924, 
    0x0924, 0x0924, 0x0924, 0x1104, 0xF800, 0xE800, 0xF800, 0xF800, 0xF800, 0xF800, 0xC020, 0x0924, 
    0x0924, 0x0924, 0x0924, 0x0924, 0x0924, 0x0924, 0x0924, 0x0924, 0x10E3, 0x0924, 0x0924, 0x0924, 
    0x0924, 0x0924, 0x0924, 0x0924, 0x0924, 0x0924, 0x0924, 0x0924, 0x0924, 0x0924, 0x0924, 0x0924, 
    0x0924, 0x0924, 0x0924, 0x0924, 0x0924, 0x0924, 0x0924, 0x0924, 0x0924, 0x0924, 0x0924, 0x0924, 
    0x0924, 0x0924, 0x0924, 0x0924, 0x0924, 0x0924, 0x0924, 0x0924, 0x0924, 0x0924, 0x0924, 0x0924, 
    0x0924, 0x0924, 0x0924, 0x0924, 0x0924, 0x0924, 0x0924, 0x0924, 0x0924, 0x0924, 0x0924, 0x0924, 
    0x0924, 0x0924, 0x0924, 0x0924, 0x0924, 0x0924, 0x0924, 0x0924, 0x0924, 0x0924, 0x0924, 0x0924, 
    0x0924, 0x0924, 0x0924, 0x0924, 0x0924, 0x0924, 0x0924, 0x0924, 0x0924, 0x0924, 0x0924, 0x0924, 
    0x0924, 0x40A2, 0xB820, 0xF800, 0xF800, 0x0924, 0x0924, 0x0924, 0x0924, 0x0924, 0x0924, 0x0924, 
    0x0924, 0x8861, 0xF800, 0xF800, 0xF800, 0xF800, 0xE800, 0xF800, 0x10E3, 0x0924, 0x0924, 0x0924, 
    0x0924, 0x0924, 0x0924, 0x7082, 0xF000, 0xF000, 0xF800, 0xF800, 0xF800, 0xD820, 0x0904, 0x0924, 
    0x0924, 0x0924, 0x0924, 0x0924, 0x0924, 0x0924, 0x0924, 0x6882, 0xF000, 0x40A2, 0x0904, 0x0924, 
    0x0924, 0x0924, 0x0924, 0x0924, 0x0924, 0x0924, 0x0924, 0x0924, 0x0924, 0x0924, 0x0924, 0x0924, 
    0x0924, 0x0924, 0x0924, 0x0924, 0x0924, 0x0924, 0x0924, 0x0924, 0x0924, 0x0924, 0x0924, 0x0924, 
    0x0924, 0x0924, 0x0924, 0x0924, 0x0924, 0x0924, 0x0924, 0x0924, 0x0924, 0x0924, 0x0924, 0x0924, 
    0x0924, 0x0924, 0x0924, 0x0924, 0x0924, 0x0924, 0x0924, 0x0924, 0x0924, 0x0924, 0x0924, 0x0924, 
    0x0924, 0x0924, 0x0924, 0x0924, 0x0924, 0x0924, 0x0924, 0x0924, 0x0924, 0x0924, 0x0924, 0x0924, 
    0x0924, 0x0924, 0x0924, 0x0924, 0x0924, 0x0924, 0x0924, 0x0924, 0x0924, 0x0924, 0x0924, 0x0924, 
    0xA041, 0xF800, 0xF800, 0xF800, 0xF000, 0x6882, 0x0924, 0x0924, 0x0924, 0x0924, 0x0924, 0x0924, 
    0x0924, 0x9041, 0xF800, 0xF800, 0xF800, 0xF800, 0xE800, 0xF800, 0x10E3, 0x0924, 0x0924, 0x0924, 
    0x0924, 0x0924, 0x0904, 0xF800, 0xE800, 0xF800, 0xF800, 0xF800, 0xF800, 0xB820, 0x0924, 0x0924, 
    0x0924, 0x0924, 0x0924, 0x0924, 0x0924, 0x0924, 0x0924, 0xF800, 0xE800, 0xF800, 0xB041, 0x6082, 
    0x0924, 0x0924, 0x0924, 0x0924, 0x0924, 0x0924, 0x0924, 0x0924, 0x0924, 0x0924, 0x0924, 0x0924, 
    0x0924, 0x0924, 0x0924, 0x0924, 0x0924, 0x0924, 0x0924, 0x0924, 0x0924, 0x0924, 0x0924, 0x0924, 
    0x0924, 0x0924, 0x0924, 0x0924, 0x0924, 0x0924, 0x0924, 0x0924, 0x0924, 0x0924, 0x0924, 0x0924, 
    0x0924, 0x0924, 0x0924, 0x0924, 0x0924, 0x0924, 0x0924, 0x0924, 0x0924, 0x0924, 0x0924, 0x0924, 
    0x0924, 0x0924, 0x0924, 0x0924, 0x0924, 0x0924, 0x0924, 0x0924, 0x0924, 0x0924, 0x0924, 0x0924, 
    0x0924, 0x0924, 0x0924, 0x0924, 0x0924, 0x0924, 0x0924, 0x0924, 0x0924, 0x0924, 0xA041, 0xB041, 
    0xF800, 0xE800, 0xF800, 0xF800, 0xF800, 0xF800, 0x0924, 0x0924, 0x0924, 0x0924, 0x0924, 0x0924, 
    0x0924, 0x9061, 0xF800, 0xF800, 0xF800, 0xF800, 0xE800, 0xF800, 0x1104, 0x0924, 0x0924, 0x0924, 
    0x0924, 0x0924, 0x0904, 0xF000, 0xE800, 0xF800, 0xF800, 0xF800, 0xF800, 0xC020, 0x0924, 0x0924, 
    0x0924, 0x0924, 0x0924, 0x0924, 0x0924, 0x0924, 0x9061, 0xF000, 0xF800, 0xF000, 0xF800, 0xF800, 
    0xB041, 0xA041, 0x0924, 0x0924, 0x0924, 0x0924, 0x0924, 0x0924, 0x0924, 0x0924, 0x0924, 0x0924, 
    0x0924, 0x0924, 0x0924, 0x0924, 0x0924, 0x0924, 0x0924, 0x0924, 0x0924, 0x0924, 0x0924, 0x0924, 
    0x0924, 0x0924, 0x0924, 0x0924, 0x0924, 0x0924, 0x0924, 0x0924, 0x0924, 0x0924, 0x0924, 0x0924, 
    0x0924, 0x0924, 0x0924, 0x0924, 0x0924, 0x0924, 0x0924, 0x0924, 0x0924, 0x0924, 0x0924, 0x0924, 
    0x0924, 0x0924, 0x0924, 0x0924, 0x0924, 0x0924, 0x0924, 0x0924, 0x0924, 0x0924, 0x0924, 0x0924, 
    0x0924, 0x0924, 0x0924, 0x0924, 0x0924, 0x0924, 0x0924, 0x0924, 0x0924, 0x0924, 0x0904, 0xF800, 
    0xE800, 0xF800, 0xF800, 0xF800, 0xF800, 0xF000, 0x9841, 0x0924, 0x0924, 0x0924, 0x0924, 0x0924, 
    0x0924, 0xA041, 0xF800, 0xF800, 0xF800, 0xF800, 0xF800, 0xE800, 0xD820, 0x0904, 0x0924, 0x0924, 
    0x0924, 0x0924, 0x0904, 0xF800, 0xE800, 0xF800, 0xF800, 0xF800, 0xF800, 0xB820, 0x0924, 0x0924, 
    0x0924, 0x0924, 0x0924, 0x0924, 0x0924, 0x0924, 0xF800, 0xF800, 0xF800, 0xF800, 0xF800, 0xE800, 
    0xF800, 0x0904, 0x0924, 0x0924, 0x0924, 0x0924, 0x0924, 0x0924, 0x0924, 0x0924, 0x0924, 0x0924, 
    0x0924, 0x0924, 0x0924, 0x0924, 0x0924, 0x0924, 0x0924, 0x0924, 0x0924, 0x0924, 0x0924, 0x0924, 
    0x0924, 0x0924, 0x0924, 0x0924, 0x0924, 0x0924, 0x0924, 0x0924, 0x0924, 0x0924, 0x0924, 0x0924, 
    0x0924, 0x0924, 0x0924, 0x0924, 0x0924, 0x0924, 0x0924, 0x0924, 0x0924, 0x0924, 0x0924, 0x0924, 
    0x0924, 0x0924, 0x0924, 0x0924, 0x0924, 0x0924, 0x0924, 0x0924, 0x0924, 0x0924, 0x0924, 0x0924, 
    0x0924, 0x0924, 0x0924, 0x0924, 0x0924, 0x0924, 0x0924, 0x0924, 0x0924, 0x0924, 0x0924, 0xC820, 
    0xE800, 0xF800, 0xF800, 0xF800, 0xF800, 0xF800, 0xF800, 0x8861, 0x0924, 0x0924, 0x0924, 0x0924, 
    0x0924, 0x7082, 0xF800, 0xF800, 0xF800, 0xF800, 0xF800, 0xE800, 0xF800, 0x0904, 0x0924, 0x0924, 
    0x0924, 0x0924, 0x0904, 0xF800, 0xE800, 0xF800, 0xF800, 0xF800, 0xF800, 0xE000, 0x0924, 0x0924, 
    0x0924, 0x0924, 0x0924, 0x0924, 0x0924, 0xB820, 0xF800, 0xF800, 0xF800, 0xF800, 0xF800, 0xE800, 
    0xC820, 0x0924, 0x0924, 0x0924, 0x0924, 0x0924, 0x0924, 0x0924, 0x0924, 0x0924, 0x0924, 0x0924, 
    0x0924, 0x0924, 0x0924, 0x0924, 0x0924, 0x0924, 0x0924, 0x0924, 0x0924, 0x0924, 0x0924, 0x0924, 
    0x0924, 0x0924, 0x0924, 0x0924, 0x0924, 0x0924, 0x0924, 0x0924, 0x0924, 0x0924, 0x0924, 0x0924, 
    0x0924, 0x0924, 0x0924, 0x0924, 0x0924, 0x0924, 0x0924, 0x0924, 0x0924, 0x0924, 0x0924, 0x0924, 
    0x0924, 0x0924, 0x0924, 0x0924, 0x0924, 0x0924, 0x0924, 0x0924, 0x0924, 0x0924, 0x0924, 0x0924, 
    0x0924, 0x0924, 0x0924, 0x0924, 0x0924, 0x0924, 0x0924, 0x0924, 0x0924, 0x0924, 0x0924, 0x0904, 
    0xF800, 0xE000, 0xF800, 0xF800, 0xF800, 0xF800, 0xF800, 0xA041, 0x0924, 0x0924, 0x0924, 0x0924, 
    0x0924, 0x0924, 0xC020, 0xF800, 0xF800, 0xF800, 0xF800, 0xE800, 0xF800, 0x0904, 0x0924, 0x0924, 
    0x0924, 0x0924, 0x10E3, 0xF800, 0xE800, 0xF800, 0xF800, 0xF800, 0xF800, 0x7082, 0x0924, 0x0924, 
    0x0924, 0x0924, 0x0924, 0x0924, 0x0924, 0xD020, 0xF800, 0xF800, 0xF800, 0xF800, 0xE800, 0xF800, 
    0x0904, 0x0924, 0x0924, 0x0924, 0x0924, 0x0924, 0x0924, 0x0924, 0x0924, 0x0924, 0x0924, 0x0924, 
    0x0924, 0x0924, 0x0924, 0x0924, 0x0924, 0x0924, 0x0924, 0x0924, 0x0924, 0x0924, 0x0924, 0x0924, 
    0x0924, 0x0924, 0x0924, 0x0924, 0x0924, 0x0924, 0x0924, 0x0924, 0x0924, 0x0924, 0x0924, 0x0924, 
    0x0924, 0x0924, 0x0924, 0x0924, 0x0924, 0x0924, 0x0924, 0x0924, 0x0924, 0x0924, 0x0924, 0x0924, 
    0x0924, 0x0924, 0x0924, 0x0924, 0x0924, 0x0924, 0x0924, 0x0924, 0x0924, 0x0924, 0x0924, 0x0924, 
    0x0924, 0x0924, 0x0924, 0x0924, 0x0924, 0x0924, 0x0924, 0x0924, 0x0924, 0x0924, 0x0924, 0x0904, 
    0xA041, 0xF800, 0xF000, 0xF800, 0xF800, 0xF800, 0xF000, 0xF800, 0x7082, 0x0924, 0x0924, 0x0924, 
    0x0924, 0x0924, 0xC020, 0xF800, 0xF800, 0xF800, 0xF800, 0xE800, 0xF800, 0x0904, 0x0924, 0x0924, 
    0x0924, 0x0924, 0xF800, 0xF000, 0xF800, 0xF800, 0xF800, 0xF800, 0xF000, 0x0924, 0x0924, 0x0924, 
    0x0924, 0x0924, 0x0924, 0x0904, 0xD020, 0xF800, 0xF800, 0xF800, 0xF800, 0xF800, 0xE800, 0x8861, 
    0x0904, 0x0924, 0x0924, 0x0924, 0x0924, 0x0924, 0x0924, 0x0924, 0x0924, 0x0924, 0x0924, 0x0924, 
    0x0924, 0x0924, 0x0924, 0x0924, 0x0924, 0x0924, 0x0924, 0x0924, 0x0924, 0x0924, 0x0924, 0x0924, 
    0x0924, 0x0924, 0x0924, 0x0924, 0x0924, 0x0924, 0x0924, 0x0924, 0x0924, 0x0924, 0x0924, 0x0924, 
    0x0924, 0x0924, 0x0924, 0x0924, 0x0924, 0x0924, 0x0924, 0x0924, 0x0924, 0x0924, 0x0924, 0x0924, 
    0x0924, 0x0924, 0x0924, 0x0924, 0x0924, 0x0924, 0x0924, 0x0924, 0x0924, 0x0924, 0x0924, 0x0924, 
    0x0924, 0x0924, 0x0924, 0x0924, 0x0924, 0x0924, 0x0924, 0x0924, 0x0924, 0x0924, 0x0924, 0x0924, 
    0x0924, 0x8061, 0xE800, 0xF800, 0xF800, 0xF800, 0xF800, 0xF000, 0x8861, 0x0904, 0x0924, 0x0924, 
    0x0924, 0x0924, 0xB041, 0xF800, 0xF800, 0xF800, 0xF800, 0xF000, 0xF800, 0x30C3, 0x0924, 0x0924, 
    0x0924, 0x0924, 0xF000, 0xF000, 0xF800, 0xF800, 0xF800, 0xF800, 0xF000, 0x0924, 0x0924, 0x0924, 
    0x0924, 0x0924, 0x0924, 0x7061, 0xF800, 0xF000, 0xF800, 0xF800, 0xF800, 0xE000, 0xF800, 0x1104, 
    0x0924, 0x0924, 0x0924, 0x0924, 0x0924, 0x0924, 0x0924, 0x0924, 0x0924, 0x0924, 0x0924, 0x0924, 
    0x0924, 0x0924, 0x0924, 0x0924, 0x0924, 0x0924, 0x0924, 0x0924, 0x0924, 0x0924, 0x0924, 0x0924, 
    0x0924, 0x0924, 0x0924, 0x0924, 0x0924, 0x0924, 0x0924, 0x0924, 0x0924, 0x0924, 0x0924, 0x0924, 
    0x0924, 0x0924, 0x0924, 0x0924, 0x0924, 0x0924, 0x0924, 0x0924, 0x0924, 0x0924, 0x0924, 0x0924, 
    0x0924, 0x0924, 0x0924, 0x0924, 0x0924, 0x0924, 0x0924, 0x0924, 0x0924, 0x0924, 0x0924, 0x0924, 
    0x0924, 0x0924, 0x0924, 0x0924, 0x0924, 0x0924, 0x0924, 0x0924, 0x0924, 0x0924, 0x0924, 0x0924, 
    0x0924, 0x20E3, 0xF800, 0xE800, 0xF800, 0xF800, 0xF800, 0xE800, 0xF800, 0x40A2, 0x0924, 0x0924, 
    0x0924, 0x0924, 0xF800, 0xF800, 0xF800, 0xF800, 0xF800, 0xF800, 0xE800, 0xF800, 0x0924, 0x0924, 
    0x0924, 0x0924, 0xF800, 0xF000, 0xF800, 0xF800, 0xF800, 0xF800, 0xF000, 0x0924, 0x0924, 0x0924, 
    0x0924, 0x0924, 0x0904, 0x9841, 0xF000, 0xF800, 0xF800, 0xF800, 0xF000, 0xF800, 0x8061, 0x0904, 
    0x0924, 0x0924, 0x0924, 0x0924, 0x0924, 0x0924, 0x0924, 0x0924, 0x0924, 0x0924, 0x0924, 0x0924, 
    0x0924, 0x0924, 0x0924, 0x0924, 0x0924, 0x0924, 0x0924, 0x0924, 0x0924, 0x0924, 0x0924, 0x0924, 
    0x0924, 0x0924, 0x0924, 0x0924, 0x0924, 0x0924, 0x0924, 0x0924, 0x0924, 0x0924, 0x0924, 0x0924, 
    0x0924, 0x0924, 0x0924, 0x0924, 0x0924, 0x0924, 0x0924, 0x0924, 0x0924, 0x0924, 0x0924, 0x0924, 
    0x0924, 0x0924, 0x0924, 0x0924, 0x0924, 0x0924, 0x0924, 0x0924, 0x0924, 0x0924, 0x0924, 0x0924, 
    0x0924, 0x0924, 0x0924, 0x0924, 0x0924, 0x0924, 0x0924, 0x0924, 0x0924, 0x0924, 0x0924, 0x0924, 
    0x0924, 0x0904, 0x6882, 0xF000, 0xF000, 0xF800, 0xF800, 0xF800, 0xE800, 0x9841, 0x0904, 0x0924, 
    0x0924, 0x0924, 0x1104, 0xF800, 0xF800, 0xF800, 0xF800, 0xF800, 0xF000, 0xF000, 0x0924, 0x0924, 
    0x0924, 0x0924, 0xF800, 0xF000, 0xF800, 0xF800, 0xF800, 0xF800, 0xE800, 0x0924, 0x0924, 0x0924, 
    0x0924, 0x0924, 0x40A2, 0xF800, 0xE800, 0xF800, 0xF800, 0xF000, 0xF000, 0x7082, 0x0924, 0x0924, 
    0x0924, 0x0924, 0x0924, 0x0924, 0x0924, 0x0924, 0x0924, 0x0924, 0x0924, 0x0924, 0x0924, 0x0924, 
    0x0924, 0x0924, 0x0924, 0x0924, 0x0924, 0x0924, 0x0924, 0x0924, 0x0924, 0x0924, 0x0924, 0x0924, 
    0x0924, 0x0924, 0x0924, 0x0924, 0x0924, 0x0924, 0x0924, 0x0924, 0x0924, 0x0924, 0x0924, 0x0924, 
    0x0924, 0x0924, 0x0924, 0x0924, 0x0924, 0x0924, 0x0924, 0x0924, 0x0924, 0x0924, 0x0924, 0x0924, 
    0x0924, 0x0924, 0x0924, 0x0924, 0x0924, 0x0924, 0x0924, 0x0924, 0x0924, 0x0924, 0x0924, 0x0924, 
    0x0924, 0x0924, 0x0924, 0x0924, 0x0924, 0x0924, 0x0924, 0x0924, 0x0924, 0x0924, 0x0924, 0x0924, 
    0x0924, 0x0924, 0x40A2, 0xF800, 0xE800, 0xF800, 0xF800, 0xF800, 0xF800, 0xF800, 0xB820, 0x0904, 
    0x0924, 0x0924, 0x0924, 0xF000, 0xF800, 0xF800, 0xF800, 0xF800, 0xF000, 0xF800, 0x0924, 0x0924, 
    0x0924, 0x0924, 0xF800, 0xF000, 0xF800, 0xF800, 0xF800, 0xF800, 0xF800, 0x0924, 0x0924, 0x0924, 
    0x0924, 0x1104, 0xA841, 0xE800, 0xF800, 0xF800, 0xF800, 0xE800, 0xF800, 0x40A2, 0x0924, 0x0924, 
    0x0924, 0x0924, 0x0924, 0x0924, 0x0924, 0x0924, 0x0924, 0x0924, 0x0924, 0x0924, 0x0924, 0x0924, 
    0x0924, 0x0924, 0x0924, 0x0924, 0x0924, 0x0924, 0x0924, 0x0924, 0x0924, 0x0924, 0x0924, 0x0924, 
    0x0924, 0x0924, 0x0924, 0x0924, 0x0924, 0x0924, 0x0924, 0x0924, 0x0924, 0x0924, 0x0924, 0x0924, 
    0x0924, 0x0924, 0x0924, 0x0924, 0x0924, 0x0924, 0x0924, 0x0924, 0x0924, 0x0924, 0x0924, 0x0924, 
    0x0924, 0x0924, 0x0924, 0x0924, 0x0924, 0x0924, 0x0924, 0x0924, 0x0924, 0x0924, 0x0924, 0x0924, 
    0x0924, 0x0924, 0x0924, 0x0924, 0x0924, 0x0924, 0x0924, 0x0924, 0x0924, 0x0924, 0x0924, 0x0924, 
    0x0924, 0x0924, 0x0924, 0x8061, 0xF800, 0xF000, 0xF800, 0xF800, 0xF800, 0xE000, 0xF800, 0x10E3, 
    0x0924, 0x0924, 0x0924, 0xF000, 0xF800, 0xF800, 0xF800, 0xF800, 0xF000, 0xF800, 0x0924, 0x0924, 
    0x0924, 0xA041, 0xF800, 0xF800, 0xF800, 0xF800, 0xF800, 0xF800, 0x0904, 0x0924, 0x0924, 0x0924, 
    0x0924, 0x28C3, 0xF800, 0xE800, 0xF800, 0xF800, 0xF800, 0xF800, 0x7861, 0x0924, 0x0924, 0x0924, 
    0x0924, 0x0924, 0x0924, 0x0924, 0x0924, 0x0924, 0x0924, 0x0924, 0x0924, 0x0924, 0x0924, 0x0924, 
    0x0924, 0x0924, 0x0924, 0x0924, 0x0924, 0x0924, 0x0924, 0x0924, 0x0924, 0x0924, 0x0924, 0x0924, 
    0x0924, 0x0924, 0x0924, 0x0924, 0x0924, 0x0924, 0x0924, 0x0924, 0x0924, 0x0924, 0x0924, 0x0924, 
    0x0924, 0x0924, 0x0924, 0x0924, 0x0924, 0x0924, 0x0924, 0x0924, 0x0924, 0x0924, 0x0924, 0x0924, 
    0x0924, 0x0924, 0x0924, 0x0924, 0x0924, 0x0924, 0x0924, 0x0924, 0x0924, 0x0924, 0x0924, 0x0924, 
    0x0924, 0x0924, 0x0924, 0x0924, 0x0924, 0x0924, 0x0924, 0x0924, 0x0924, 0x0924, 0x0924, 0x0924, 
    0x0924, 0x0924, 0x0924, 0x0924, 0xA841, 0xF800, 0xF800, 0xF800, 0xF800, 0xF800, 0xE800, 0xD820, 
    0x0904, 0x0924, 0x0924, 0xF800, 0xF800, 0xF800, 0xF800, 0xF800, 0xF000, 0xF800, 0x0924, 0x0924, 
    0x0924, 0xF800, 0xF800, 0xF800, 0xF800, 0xF800, 0xF800, 0xF800, 0x0924, 0x0924, 0x0924, 0x0924, 
    0x1104, 0xD820, 0xE800, 0xF800, 0xF800, 0xF800, 0xF000, 0xF800, 0x5882, 0x0924, 0x0924, 0x0924, 
    0x0924, 0x0924, 0x0924, 0x0924, 0x0924, 0x0924, 0x0924, 0x0924, 0x0924, 0x0924, 0x0924, 0x0924, 
    0x0924, 0x0924, 0x0924, 0x0924, 0x0924, 0x0924, 0x0924, 0x0924, 0x0924, 0x0924, 0x0924, 0x0924, 
    0x0924, 0x0924, 0x0924, 0x0924, 0x0924, 0x0924, 0x0924, 0x0924, 0x0924, 0x0924, 0x0924, 0x0924, 
    0x0924, 0x0924, 0x0924, 0x0924, 0x0924, 0x0924, 0x0924, 0x0924, 0x0924, 0x0924, 0x0924, 0x0924, 
    0x0924, 0x0924, 0x0924, 0x0924, 0x0924, 0x0924, 0x0924, 0x0924, 0x0924, 0x0924, 0x0924, 0x0924, 
    0x0924, 0x0924, 0x0924, 0x0924, 0x0924, 0x0924, 0x0924, 0x0924, 0x0924, 0x0924, 0x0924, 0x0924, 
    0x0924, 0x0924, 0x0924, 0x0924, 0x7082, 0xF000, 0xF800, 0xF800, 0xF800, 0xF800, 0xE800, 0xF800, 
    0x1104, 0x0924, 0x0924, 0xC020, 0xF800, 0xF800, 0xF800, 0xF800, 0xF800, 0xF800, 0xF000, 0x0924, 
    0x0924, 0xF800, 0xF800, 0xF800, 0xF800, 0xF800, 0xF800, 0xF800, 0x0924, 0x0924, 0x0924, 0x0904, 
    0xF800, 0xF000, 0xF800, 0xF800, 0xF800, 0xF800, 0xF800, 0xA841, 0x0924, 0x0924, 0x0924, 0x0924, 
    0x0924, 0x0924, 0x0924, 0x0924, 0x0924, 0x0924, 0x0924, 0x0924, 0x0924, 0x0924, 0x0924, 0x0924, 
    0x0924, 0x0924, 0x0924, 0x0924, 0x0924, 0x0924, 0x0924, 0x0924, 0x0924, 0x0924, 0x0924, 0x0924, 
    0x0924, 0x0924, 0x0924, 0x0924, 0x0924, 0x0924, 0x0924, 0x0924, 0x0924, 0x0924, 0x0924, 0x0924, 
    0x0924, 0x0924, 0x0924, 0x0924, 0x0924, 0x0924, 0x0924, 0x0924, 0x0924, 0x0924, 0x0924, 0x0924, 
    0x0924, 0x0924, 0x0924, 0x0924, 0x0924, 0x0924, 0x0924, 0x0924, 0x0924, 0x0924, 0x0924, 0x0924, 
    0x0924, 0x0924, 0x0924, 0x0924, 0x0924, 0x0924, 0x0924, 0x0924, 0x0924, 0x0904, 0xC820, 0x0924, 
    0x0924, 0x0924, 0x0924, 0x0924, 0x0924, 0xE800, 0xF800, 0xF800, 0xF800, 0xF800, 0xF800, 0xF000, 
    0xF800, 0x1104, 0x0924, 0x0924, 0xF800, 0xF800, 0xF800, 0xF800, 0xF800, 0xF800, 0xF800, 0x0924, 
    0x0924, 0xF800, 0xF800, 0xF800, 0xF800, 0xF800, 0xF800, 0xF000, 0x0924, 0x0924, 0x0924, 0x18E3, 
    0xF800, 0xE800, 0xF800, 0xF800, 0xF800, 0xF800, 0xF800, 0x50A2, 0x0924, 0x0924, 0x0924, 0x0924, 
    0x0924, 0x0924, 0x0924, 0x0924, 0x0924, 0x0924, 0x0924, 0x0924, 0x0924, 0x0924, 0x0924, 0x0924, 
    0x0924, 0x0924, 0x0924, 0x0924, 0x0924, 0x0924, 0x0924, 0x0924, 0x0924, 0x0924, 0x0924, 0x0924, 
    0x0924, 0x0924, 0x0924, 0x0924, 0x0924, 0x0924, 0x0924, 0x0924, 0x0924, 0x0924, 0x0924, 0x0924, 
    0x0924, 0x0924, 0x0924, 0x0924, 0x0924, 0x0924, 0x0924, 0x0924, 0x0924, 0x0924, 0x0924, 0x0924, 
    0x0924, 0x0924, 0x0924, 0x0924, 0x0924, 0x0924, 0x0924, 0x0924, 0x0924, 0x0924, 0x0924, 0x0924, 
    0x0924, 0x0924, 0x0924, 0x0924, 0x0924, 0x0924, 0x0924, 0x0924, 0x0904, 0xF800, 0xF800, 0xA041, 
    0x0924, 0x0924, 0x0924, 0x0924, 0x0924, 0x50A2, 0xE800, 0xF800, 0xF800, 0xF800, 0xF800, 0xF800, 
    0xF000, 0xF800, 0x0924, 0x0924, 0xF800, 0xF800, 0xF800, 0xF800, 0xF800, 0xF800, 0xF800, 0x0924, 
    0x0924, 0xF800, 0xF800, 0xF800, 0xF800, 0xF800, 0xF800, 0xF800, 0x0924, 0x0924, 0x0924, 0xF800, 
    0xE800, 0xF800, 0xF800, 0xF800, 0xF800, 0xE800, 0x48A2, 0x0924, 0x0924, 0x0924, 0x0924, 0x0924, 
    0xC820, 0x20E3, 0x0924, 0x0924, 0x0924, 0x0924, 0x0924, 0x0924, 0x0924, 0x0924, 0x0924, 0x0924, 
    0x0924, 0x0924, 0x0924, 0x0924, 0x0924, 0x0924, 0x0924, 0x0924, 0x0924, 0x0924, 0x0924, 0x0924, 
    0x0924, 0x0924, 0x0924, 0x0924, 0x0924, 0x0924, 0x0924, 0x0924, 0x0924, 0x0924, 0x0924, 0x0924, 
    0x0924, 0x0924, 0x0924, 0x0924, 0x0924, 0x0924, 0x0924, 0x0924, 0x0924, 0x0924, 0x0924, 0x0924, 
    0x0924, 0x0924, 0x0924, 0x0924, 0x0924, 0x0924, 0x0924, 0x0924, 0x0924, 0x0924, 0x0924, 0x0924, 
    0x0924, 0x0924, 0x0924, 0x0924, 0x0924, 0x0924, 0x0924, 0x0904, 0xF800, 0xF000, 0xF000, 0xF800, 
    0x8861, 0x10E3, 0x0924, 0x0924, 0x0924, 0x0924, 0xF800, 0xE800, 0xF800, 0xF800, 0xF800, 0xF800, 
    0xF800, 0xF000, 0x18E3, 0x0924, 0xF800, 0xF800, 0xF800, 0xF800, 0xF800, 0xF800, 0xF800, 0x0924, 
    0x18E3, 0xF800, 0xF800, 0xF800, 0xF800, 0xF800, 0xF800, 0x50A2, 0x0924, 0x0924, 0x20E3, 0xF000, 
    0xF000, 0xF800, 0xF800, 0xF800, 0xF800, 0xF800, 0x0924, 0x0924, 0x0924, 0x0924, 0x0924, 0x9061, 
    0xF800, 0xF800, 0x18E3, 0x0924, 0x0924, 0x0924, 0x0924, 0x0924, 0x0924, 0x0924, 0x0924, 0x0924, 
    0x0924, 0x0924, 0x0924, 0x0924, 0x0924, 0x0924, 0x0924, 0x0924, 0x0924, 0x0924, 0x0924, 0x0924, 
    0x0924, 0x0924, 0x0924, 0x0924, 0x0924, 0x0924, 0x0924, 0x0924, 0x0924, 0x0924, 0x0924, 0x0924, 
    0x0924, 0x0924, 0x0924, 0x0924, 0x0924, 0x0924, 0x0924, 0x0924, 0x0924, 0x0924, 0x0924, 0x0924, 
    0x0924, 0x0924, 0x0924, 0x0924, 0x0924, 0x0924, 0x0924, 0x0924, 0x0924, 0x0924, 0x0924, 0x0924, 
    0x0924, 0x0924, 0x0924, 0x0924, 0x0924, 0x0924, 0x1104, 0xF800, 0xE800, 0xF800, 0xF800, 0xF800, 
    0xF800, 0xF800, 0x6882, 0x0924, 0x0924, 0x0924, 0x28C3, 0xF800, 0xF800, 0xF800, 0xF800, 0xF800, 
    0xF800, 0xF800, 0xF800, 0x0924, 0xF800, 0xF800, 0xF800, 0xF800, 0xF800, 0xF800, 0xF800, 0x30C3, 
    0xF800, 0xF800, 0xF800, 0xF800, 0xF800, 0xE800, 0xF800, 0x0924, 0x0924, 0x0924, 0xF800, 0xF800, 
    0xF800, 0xF800, 0xF800, 0xF800, 0xE800, 0x28C3, 0x0924, 0x0924, 0x0924, 0x0924, 0x8061, 0xF800, 
    0xF000, 0xE800, 0xF800, 0x18E3, 0x0924, 0x0924, 0x0924, 0x0924, 0x0924, 0x0924, 0x0924, 0x0924, 
    0x0924, 0x0924, 0x0924, 0x0924, 0x0924, 0x0924, 0x0924, 0x0924, 0x0924, 0x0924, 0x0924, 0x0924, 
    0x0924, 0x0924, 0x0924, 0x0924, 0x0924, 0x0924, 0x0924, 0x0924, 0x0924, 0x0924, 0x0924, 0x0924, 
    0x0924, 0x0924, 0x0924, 0x0924, 0x0924, 0x0924, 0x0924, 0x0924, 0x0924, 0x0924, 0x0924, 0x0924, 
    0x0924, 0x0924, 0x0924, 0x0924, 0x0924, 0x0924, 0x0924, 0x0924, 0x0924, 0x0924, 0x0924, 0x0924, 
    0x0924, 0x0924, 0x0924, 0x0924, 0x0924, 0x18E3, 0xF000, 0xE800, 0xF800, 0xF800, 0xF800, 0xF800, 
    0xF800, 0xE000, 0xF800, 0x6882, 0x0924, 0x0924, 0x0924, 0x20E3, 0xF000, 0xF000, 0xF800, 0xF800, 
    0xF800, 0xF800, 0xE000, 0x48A2, 0xF800, 0xF800, 0xF800, 0xF800, 0xF800, 0xF800, 0xF800, 0xF800, 
    0xF000, 0xF800, 0xF800, 0xF800, 0xF800, 0xF000, 0xF800, 0x0924, 0x0924, 0x48A2, 0xE800, 0xF800, 
    0xF800, 0xF800, 0xF800, 0xF800, 0xF800, 0x0924, 0x0924, 0x0924, 0x38A2, 0x8061, 0xF800, 0xE800, 
    0xF800, 0xF800, 0xE800, 0xF800, 0x20E3, 0x0924, 0x0924, 0x0924, 0x0924, 0x0924, 0x0924, 0x0924, 
    0x0924, 0x0924, 0x0924, 0x0924, 0x0924, 0x0924, 0x0924, 0x0924, 0x0924, 0x0924, 0x0924, 0x0924, 
    0x0924, 0x0924, 0x0924, 0x0924, 0x0924, 0x0924, 0x0924, 0x0924, 0x0924, 0x0924, 0x0924, 0x0924, 
    0x0924, 0x0924, 0x0924, 0x0924, 0x0924, 0x0924, 0x0924, 0x0924, 0x0924, 0x0924, 0x0924, 0x0924, 
    0x0924, 0x0924, 0x0924, 0x0924, 0x0924, 0x0924, 0x0924, 0x0924, 0x0924, 0x0924, 0x0924, 0x0924, 
    0x0924, 0x0924, 0x0924, 0x0924, 0x0924, 0x0904, 0xA841, 0xF800, 0xF000, 0xF800, 0xF800, 0xF800, 
    0xF800, 0xF800, 0xE800, 0xF800, 0x8061, 0x0924, 0x0924, 0x0924, 0xF800, 0xE800, 0xF800, 0xF800, 
    0xF800, 0xF800, 0xF800, 0xF800, 0xF800, 0xF800, 0xF800, 0xF800, 0xF800, 0xF800, 0xF800, 0xE800, 
    0xF800, 0xF800, 0xF800, 0xF800, 0xF800, 0xF000, 0xF800, 0x0924, 0x0924, 0xF800, 0xF800, 0xF800, 
    0xF800, 0xF800, 0xF000, 0xF800, 0x18E3, 0x0924, 0x0924, 0x7861, 0xF800, 0xF800, 0xF000, 0xF800, 
    0xF800, 0xF800, 0xF800, 0xE800, 0xF800, 0x30C3, 0x0924, 0x0924, 0x0924, 0x0924, 0x0924, 0x0924, 
    0x0924, 0x0924, 0x0924, 0x0924, 0x0924, 0x0924, 0x0924, 0x0924, 0x0924, 0x0924, 0x0924, 0x0924, 
    0x0924, 0x0924, 0x0924, 0x0924, 0x0924, 0x0924, 0x0924, 0x0924, 0x0924, 0x0924, 0x0924, 0x0924, 
    0x0924, 0x0924, 0x0924, 0x0924, 0x0924, 0x0924, 0x0924, 0x0924, 0x0924, 0x0924, 0x0924, 0x0924, 
    0x0924, 0x0924, 0x0924, 0x0924, 0x0924, 0x0924, 0x0924, 0x0924, 0x0924, 0x0924, 0x0924, 0x0924, 
    0x0924, 0x0924, 0x0924, 0x0924, 0x0924, 0x0924, 0x0924, 0xB820, 0xF800, 0xF800, 0xF800, 0xF800, 
    0xF800, 0xF800, 0xF800, 0xF000, 0xF800, 0x9841, 0x0924, 0x0924, 0x10E3, 0xF800, 0xE800, 0xF800, 
    0xF800, 0xF800, 0xF800, 0xF000, 0xF800, 0xF800, 0xF800, 0xF800, 0xF800, 0xF800, 0xF800, 0xF800, 
    0xF800, 0xF800, 0xF800, 0xF800, 0xF800, 0xF000, 0xF800, 0x0924, 0x5882, 0xF000, 0xF800, 0xF800, 
    0xF800, 0xF800, 0xF000, 0xF800, 0x0924, 0x0924, 0x9841, 0xF800, 0xF000, 0xF000, 0xF800, 0xF800, 
    0xF800, 0xF800, 0xF800, 0xF800, 0xB041, 0x0924, 0x0924, 0x0924, 0x0924, 0x0924, 0x0924, 0x0924, 
    0x0924, 0x0924, 0x0924, 0x0924, 0x0924, 0x0924, 0x0924, 0x0924, 0x0924, 0x0924, 0x0924, 0x0924, 
    0x0924, 0x0924, 0x0924, 0x0924, 0x0924, 0x0924, 0x0924, 0x0924, 0x0924, 0x0924, 0x0924, 0x0924, 
    0x0924, 0x0924, 0x0924, 0x0924, 0x0924, 0x0924, 0x0924, 0x0924, 0x0924, 0x0924, 0x0924, 0x0924, 
    0x0924, 0x0924, 0x0924, 0x0924, 0x0924, 0x0924, 0x0924, 0x0924, 0x0924, 0x0924, 0x0924, 0x0924, 
    0x0924, 0x0924, 0x0924, 0x0924, 0x0924, 0x0924, 0x0924, 0x0924, 0x0924, 0xF000, 0xF800, 0xF800, 
    0xF800, 0xF800, 0xF800, 0xF800, 0xF000, 0xF800, 0xC020, 0x50A2, 0x0924, 0xF000, 0xF800, 0xF800, 
    0xF800, 0xF800, 0xF800, 0xF800, 0xF800, 0xF800, 0xF800, 0xF800, 0xF800, 0xF800, 0xF800, 0xF800, 
    0xF800, 0xF800, 0xF800, 0xF800, 0xF800, 0xF800, 0xE800, 0xC020, 0xF800, 0xF800, 0xF800, 0xF800, 
    0xF800, 0xE800, 0xF800, 0x1104, 0x0924, 0x9841, 0xF800, 0xF000, 0xF800, 0xF800, 0xF800, 0xF800, 
    0xF800, 0xF800, 0xF800, 0xC020, 0x0924, 0x0924, 0x0924, 0x0924, 0x0924, 0x0924, 0x0924, 0x0924, 
    0x0924, 0x0924, 0x0924, 0x0924, 0x0924, 0x0924, 0x0924, 0x0924, 0x0924, 0x0924, 0x0924, 0x0924, 
    0x0924, 0x0924, 0x0924, 0x0924, 0x0924, 0x0924, 0x0924, 0x0924, 0x0924, 0x0924, 0x0924, 0x0924, 
    0x0924, 0x0924, 0x0924, 0x0924, 0x0924, 0x0924, 0x0924, 0x0924, 0x0924, 0x0924, 0x0924, 0x0924, 
    0x0924, 0x0924, 0x0924, 0x0924, 0x0924, 0x0924, 0x0924, 0x0924, 0x0924, 0x0924, 0x0924, 0x0924, 
    0x0924, 0x0924, 0x0924, 0x0924, 0x0924, 0x0924, 0x0924, 0x0924, 0x0924, 0x0924, 0xD020, 0xF800, 
    0xF000, 0xF800, 0xF800, 0xF800, 0xF800, 0xF800, 0xF800, 0xF800, 0x48A2, 0x0904, 0xC020, 0xE800, 
    0xF800, 0xF800, 0xF800, 0xF800, 0xF800, 0xF800, 0xF800, 0xF800, 0xF800, 0xF800, 0xF800, 0xF800, 
    0xF800, 0xF800, 0xF800, 0xF800, 0xE800, 0xF800, 0x0904, 0x8061, 0xF800, 0xF800, 0xF800, 0xF800, 
    0xE800, 0xF800, 0x1104, 0x0924, 0x9841, 0xF800, 0xF000, 0xF800, 0xF800, 0xF800, 0xF800, 0xF000, 
    0xF800, 0xD020, 0xB820, 0x0924, 0x0924, 0x0924, 0x0924, 0x0924, 0x0924, 0x0924, 0x0924, 0x0924, 
    0x0924, 0x0924, 0x0924, 0x0924, 0x0924, 0x0924, 0x0924, 0x0924, 0x0924, 0x0924, 0x0924, 0x0924, 
    0x0924, 0x0924, 0x0924, 0x0924, 0x0924, 0x0924, 0x0924, 0x0924, 0x0924, 0x0924, 0x0924, 0x0924, 
    0x0924, 0x0924, 0x0924, 0x0924, 0x0924, 0x0924, 0x0924, 0x0924, 0x0924, 0x0924, 0x0924, 0x0924, 
    0x0924, 0x0924, 0x0924, 0x0924, 0x0924, 0x0924, 0x0924, 0x0924, 0x0924, 0x0924, 0x0924, 0x0924, 
    0x0924, 0x0924, 0x0924, 0x0924, 0x0924, 0x0924, 0x0924, 0x0924, 0x0924, 0x0924, 0x0924, 0xB820, 
    0xF800, 0xE800, 0xF800, 0xF800, 0xF800, 0xF800, 0xF800, 0xF000, 0xF800, 0x38C3, 0x20E3, 0xF800, 
    0xF000, 0xF800, 0xF800, 0xF800, 0xF800, 0xF800, 0xF800, 0xF800, 0xF800, 0xF800, 0xF800, 0xF800, 
    0xF800, 0xF800, 0xF800, 0xF800, 0xF800, 0xF800, 0xF800, 0xF800, 0xF800, 0xF800, 0xF800, 0xF800, 
    0xE800, 0xF800, 0x10E3, 0x6082, 0xF800, 0xF000, 0xF800, 0xF800, 0xF800, 0xF800, 0xF000, 0xF800, 
    0xB820, 0x0924, 0x0924, 0x0924, 0x0924, 0x0924, 0x0924, 0x0924, 0x0924, 0x0924, 0x0924, 0x0924, 
    0x0924, 0x0924, 0x0924, 0x0924, 0x0924, 0x0924, 0x0924, 0x0924, 0x0924, 0x0924, 0x0924, 0x0924, 
    0x0924, 0x0924, 0x0924, 0x0924, 0x0924, 0x0924, 0x0924, 0x0924, 0x0924, 0x0924, 0x0924, 0x0924, 
    0x0924, 0x0924, 0x0924, 0x0924, 0x0924, 0x0924, 0x0924, 0x0924, 0x0924, 0x0924, 0x0924, 0x0924, 
    0x0924, 0x0924, 0x0924, 0x0924, 0x0924, 0x0924, 0x0924, 0x0924, 0x0924, 0x0924, 0x0924, 0x0924, 
    0x0924, 0x0924, 0x0904, 0xA041, 0x0904, 0x0904, 0x0924, 0x0924, 0x0924, 0x0924, 0x0924, 0x0924, 
    0xA041, 0xF800, 0xF800, 0xF800, 0xF800, 0xF800, 0xF800, 0xF800, 0xF800, 0xF800, 0xF800, 0xF800, 
    0xF800, 0xF800, 0xF800, 0xF800, 0xF800, 0xF800, 0xF800, 0xF800, 0xF800, 0xF800, 0xF800, 0xF800, 
    0xF800, 0xF800, 0xF800, 0xF800, 0xF800, 0xF800, 0xF800, 0xF800, 0xF800, 0xF800, 0xF800, 0xF800, 
    0xF800, 0xF800, 0xF800, 0xF800, 0xF800, 0xF800, 0xF800, 0xF800, 0xF800, 0xF000, 0xF800, 0xA841, 
    0x0924, 0x0924, 0x0924, 0x0924, 0x0924, 0x0924, 0x0924, 0x0924, 0x0924, 0x0924, 0x0924, 0x0924, 
    0x0924, 0x0924, 0x0924, 0x0924, 0x0924, 0x0924, 0x0924, 0x0924, 0x0924, 0x0924, 0x0924, 0x0924, 
    0x0924, 0x0924, 0x0924, 0x0924, 0x0924, 0x0924, 0x0924, 0x0924, 0x0924, 0x0924, 0x0924, 0x0924, 
    0x0924, 0x0924, 0x0924, 0x0924, 0x0924, 0x0924, 0x0924, 0x0924, 0x0924, 0x0924, 0x0924, 0x0924, 
    0x0924, 0x0924, 0x0924, 0x0924, 0x0924, 0x0924, 0x0924, 0x0924, 0x0924, 0x0924, 0x0924, 0x0924, 
    0x0924, 0x0924, 0x28C3, 0xF800, 0xF800, 0xF800, 0x30C3, 0x10E3, 0x0924, 0x0924, 0x0924, 0x0924, 
    0x0904, 0x40A2, 0xB820, 0xF800, 0xF000, 0xF800, 0xF800, 0xF800, 0xF800, 0xF000, 0xF000, 0xF800, 
    0xF800, 0xF800, 0xF800, 0xF800, 0xF800, 0xF800, 0xF800, 0xF800, 0xF800, 0xF800, 0xF800, 0xF800, 
    0xF800, 0xF800, 0xF800, 0xF800, 0xF800, 0xF800, 0xF800, 0xF800, 0xF800, 0xF800, 0xF800, 0xF800, 
    0xF800, 0xF800, 0xF000, 0xF800, 0xF800, 0xF800, 0xF800, 0xF800, 0xF000, 0xF800, 0xA041, 0x0924, 
    0x0924, 0x0924, 0x0924, 0x0924, 0x0924, 0x0924, 0x18E3, 0x1104, 0xB820, 0x0904, 0x0924, 0x0924, 
    0x0924, 0x0924, 0x0924, 0x0924, 0x0924, 0x0924, 0x0924, 0x0924, 0x0924, 0x0924, 0x0924, 0x0924, 
    0x0924, 0x0924, 0x0924, 0x0924, 0x0924, 0x0924, 0x0924, 0x0924, 0x0924, 0x0924, 0x0924, 0x0924, 
    0x0924, 0x0924, 0x0924, 0x0924, 0x0924, 0x0924, 0x0924, 0x0924, 0x0924, 0x0924, 0x0924, 0x0924, 
    0x0924, 0x0924, 0x0924, 0x0924, 0x0924, 0x0924, 0x0924, 0x0924, 0x0924, 0x0924, 0x0924, 0x0924, 
    0x0924, 0x0924, 0xF800, 0xE800, 0xF000, 0xE800, 0xF800, 0xF800, 0x28C3, 0x20E3, 0x10E3, 0x0924, 
    0x0924, 0x0924, 0x0904, 0xE000, 0xF000, 0xF000, 0xF800, 0xF800, 0xF800, 0xF800, 0xF800, 0xF800, 
    0xF800, 0xF800, 0xF800, 0xF800, 0xF800, 0xF800, 0xF800, 0xF800, 0xF800, 0xF800, 0xF800, 0xF800, 
    0xF800, 0xF800, 0xF800, 0xF800, 0xF800, 0xF800, 0xF800, 0xF800, 0xF800, 0xF800, 0xF800, 0xF800, 
    0xF800, 0xF800, 0xF800, 0xF800, 0xF800, 0xF800, 0xF800, 0xE000, 0xF800, 0xA841, 0x0904, 0x0924, 
    0x0924, 0x0924, 0x0924, 0x0924, 0x20E3, 0x48A2, 0xF800, 0xF800, 0xF800, 0x40A2, 0x0924, 0x0924, 
    0x0924, 0x0924, 0x0924, 0x0924, 0x0924, 0x0924, 0x0924, 0x0924, 0x0924, 0x0924, 0x0924, 0x0924, 
    0x0924, 0x0924, 0x0924, 0x0924, 0x0924, 0x0924, 0x0924, 0x0924, 0x0924, 0x0924, 0x0924, 0x0924, 
    0x0924, 0x0924, 0x0924, 0x0924, 0x0924, 0x0924, 0x0924, 0x0924, 0x0924, 0x0924, 0x0924, 0x0924, 
    0x0924, 0x0924, 0x0924, 0x0924, 0x0924, 0x0924, 0x0924, 0x0924, 0x0924, 0x0924, 0x0924, 0x0924, 
    0x0924, 0x0924, 0xF000, 0xF000, 0xF800, 0xF800, 0xF000, 0xE800, 0xF800, 0xF800, 0xF800, 0x38C3, 
    0x40A2, 0x0904, 0x0924, 0x0924, 0xF000, 0xF800, 0xF800, 0xF800, 0xF800, 0xF800, 0xF800, 0xF800, 
    0xF800, 0xF800, 0xF800, 0xF800, 0xF800, 0xF800, 0xF800, 0xF800, 0xF800, 0xF800, 0xF800, 0xF800, 
    0xF800, 0xF800, 0xF800, 0xF800, 0xF800, 0xF800, 0xF800, 0xF800, 0xF800, 0xF800, 0xF800, 0xF800, 
    0xF800, 0xF800, 0xF800, 0xF800, 0xF800, 0xF800, 0xF000, 0xF800, 0xB820, 0x0904, 0x0924, 0x0924, 
    0x0924, 0x20E3, 0x40A2, 0x48A2, 0xF800, 0xF800, 0xE800, 0xF000, 0xE800, 0xF800, 0x0924, 0x0924, 
    0x0924, 0x0924, 0x0924, 0x0924, 0x0924, 0x0924, 0x0924, 0x0924, 0x0924, 0x0924, 0x0924, 0x0924, 
    0x0924, 0x0924, 0x0924, 0x0924, 0x0924, 0x0924, 0x0924, 0x0924, 0x0924, 0x0924, 0x0924, 0x0924, 
    0x0924, 0x0924, 0x0924, 0x0924, 0x0924, 0x0924, 0x0924, 0x0924, 0x0924, 0x0924, 0x0924, 0x0924, 
    0x0924, 0x0924, 0x0924, 0x0924, 0x0924, 0x0924, 0x0924, 0x0924, 0x0924, 0x0924, 0x0924, 0x0924, 
    0x0924, 0x0924, 0xF800, 0xF000, 0xF800, 0xF800, 0xF800, 0xF800, 0xE800, 0xE800, 0xF800, 0xF800, 
    0xF800, 0xB820, 0x6082, 0x50A2, 0x0904, 0xB820, 0xF800, 0xF800, 0xF800, 0xF800, 0xF800, 0xF800, 
    0xF800, 0xF800, 0xF800, 0xF800, 0xF800, 0xF800, 0xF800, 0xF800, 0xF800, 0xF800, 0xF800, 0xF800, 
    0xF800, 0xF800, 0xF800, 0xF800, 0xF800, 0xF800, 0xF800, 0xF800, 0xF800, 0xF800, 0xF800, 0xF800, 
    0xF800, 0xF800, 0xF800, 0xF800, 0xF800, 0xF800, 0xF800, 0x0904, 0x0924, 0x0924, 0x1104, 0x6082, 
    0x5882, 0xF800, 0xF800, 0xF800, 0xE800, 0xF000, 0xF800, 0xF800, 0xF000, 0xF000, 0x0924, 0x0924, 
    0x0924, 0x0924, 0x0924, 0x0924, 0x0924, 0x0924, 0x0924, 0x0924, 0x0924, 0x0924, 0x0924, 0x0924, 
    0x0924, 0x0924, 0x0924, 0x0924, 0x0924, 0x0924, 0x0924, 0x0924, 0x0924, 0x0924, 0x0924, 0x0924, 
    0x0924, 0x0924, 0x0924, 0x0924, 0x0924, 0x0924, 0x0924, 0x0924, 0x0924, 0x0924, 0x0924, 0x0924, 
    0x0924, 0x0924, 0x0924, 0x0924, 0x0924, 0x0924, 0x0924, 0x0924, 0x0924, 0x0924, 0x0924, 0x0924, 
    0x0924, 0xA041, 0xF800, 0xF800, 0xF800, 0xF800, 0xF800, 0xF800, 0xF800, 0xF800, 0xF800, 0xF000, 
    0xF000, 0xF800, 0xF800, 0xF800, 0x8061, 0xE800, 0xF800, 0xF800, 0xF800, 0xF800, 0xF800, 0xF800, 
    0xF800, 0xF800, 0xF800, 0xF800, 0xF800, 0xF800, 0xF800, 0xF800, 0xF800, 0xF800, 0xF800, 0xF800, 
    0xF800, 0xF800, 0xF800, 0xF800, 0xF800, 0xF800, 0xF800, 0xF800, 0xF800, 0xF800, 0xF800, 0xF800, 
    0xF800, 0xF800, 0xF800, 0xF800, 0xF800, 0xF800, 0x0924, 0x0924, 0x0924, 0x9041, 0xC820, 0xF800, 
    0xF800, 0xF800, 0xF000, 0xF000, 0xF800, 0xF800, 0xF800, 0xF800, 0xE800, 0xF800, 0x0924, 0x0924, 
    0x0924, 0x0924, 0x0924, 0x0924, 0x0924, 0x0924, 0x0924, 0x0924, 0x0924, 0x0924, 0x0924, 0x0924, 
    0x0924, 0x0924, 0x0924, 0x0924, 0x0924, 0x0924, 0x0924, 0x0924, 0x0924, 0x0924, 0x0924, 0x0924, 
    0x0924, 0x0924, 0x0924, 0x0924, 0x0924, 0x0924, 0x0924, 0x0924, 0x0924, 0x0924, 0x0924, 0x0924, 
    0x0924, 0x0924, 0x0924, 0x0924, 0x0924, 0x0924, 0x0924, 0x0924, 0x0924, 0x0924, 0x0924, 0x0924, 
    0x0924, 0xF800, 0xF000, 0xF800, 0xF800, 0xF800, 0xF800, 0xF800, 0xF800, 0xF800, 0xF800, 0xF800, 
    0xF800, 0xF800, 0xF000, 0xF000, 0xF800, 0xF800, 0xF800, 0xF800, 0xF800, 0xF800, 0xF800, 0xF800, 
    0xF800, 0xF800, 0xF800, 0xF800, 0xF800, 0xF800, 0xF800, 0xF800, 0xF800, 0xF800, 0xF800, 0xF800, 
    0xF800, 0xF800, 0xF800, 0xF800, 0xF800, 0xF800, 0xF800, 0xF800, 0xF800, 0xF800, 0xF800, 0xF800, 
    0xF800, 0xF800, 0xF800, 0xF800, 0xF800, 0x0924, 0x9841, 0xC820, 0xE000, 0xF800, 0xF800, 0xF000, 
    0xF000, 0xF800, 0xF800, 0xF800, 0xF800, 0xF800, 0xF800, 0xF800, 0xF800, 0xF800, 0xE000, 0x0924, 
    0x0924, 0x0924, 0x0924, 0x0924, 0x0924, 0x0924, 0x0924, 0x0924, 0x0924, 0x0924, 0x0924, 0x0924, 
    0x0924, 0x0924, 0x0924, 0x0924, 0x0924, 0x0924, 0x0924, 0x0924, 0x0924, 0x0924, 0x0924, 0x0924, 
    0x0924, 0x0924, 0x0924, 0x0924, 0x0924, 0x0924, 0x0924, 0x0924, 0x0924, 0x0924, 0x0924, 0x0924, 
    0x0924, 0x0924, 0x0924, 0x0924, 0x0924, 0x0924, 0x0924, 0x0924, 0x0924, 0x0924, 0x0924, 0x0924, 
    0x0924, 0x0924, 0x0924, 0x1104, 0xC020, 0xE800, 0xF800, 0xF800, 0xF800, 0xF000, 0xF000, 0xF800, 
    0xF800, 0xF800, 0xF800, 0xF800, 0xF800, 0xF800, 0xF800, 0xF800, 0xF800, 0xF800, 0xF800, 0xF800, 
    0xF800, 0xF800, 0xF800, 0xF800, 0xF800, 0xF800, 0xF800, 0xF800, 0xF800, 0xF800, 0xF800, 0xF800, 
    0xF800, 0xF800, 0xF800, 0xF800, 0xF800, 0xF800, 0xF800, 0xF800, 0xF800, 0xF800, 0xF800, 0xF800, 
    0xF800, 0xF800, 0xF800, 0xF800, 0xF800, 0xE000, 0xF800, 0xF800, 0xF800, 0xF800, 0xF800, 0xF800, 
    0xF800, 0xF800, 0xF800, 0xF800, 0xF000, 0xF000, 0xF800, 0xF800, 0xE000, 0xB820, 0xD020, 0x0924, 
    0x0924, 0x0924, 0x0924, 0x0924, 0x0924, 0x0924, 0x0924, 0x0924, 0x0924, 0x0924, 0x0924, 0x0924, 
    0x0924, 0x0924, 0x0924, 0x0924, 0x0924, 0x0924, 0x0924, 0x0924, 0x0924, 0x0924, 0x0924, 0x0924, 
    0x0924, 0x0924, 0x0924, 0x0924, 0x0924, 0x0924, 0x0924, 0x0924, 0x0924, 0x0924, 0x0924, 0x0924, 
    0x0924, 0x0924, 0x0924, 0x0924, 0x0924, 0x0924, 0x0924, 0x0924, 0x0924, 0x0924, 0x0924, 0x0924, 
    0x0924, 0x0924, 0x0924, 0x0924, 0x0924, 0x20E3, 0x9061, 0x8861, 0xF800, 0xF800, 0xF800, 0xF000, 
    0xF000, 0xF800, 0xF800, 0xF800, 0xF800, 0xF800, 0xF800, 0xF800, 0xF800, 0xF800, 0xF800, 0xF800, 
    0xF800, 0xF800, 0xF800, 0xF800, 0xF800, 0xF800, 0xF800, 0xF800, 0xF800, 0xF800, 0xF800, 0xF800, 
    0xF800, 0xF800, 0xF800, 0xF800, 0xF800, 0xF800, 0xF800, 0xF800, 0xF800, 0xF800, 0xF800, 0xF800, 
    0xF800, 0xF800, 0xF800, 0xF800, 0xF800, 0xF800, 0xF800, 0xF800, 0xF800, 0xF800, 0xF800, 0xF800, 
    0xF800, 0xF000, 0xF000, 0xF000, 0xF800, 0xF800, 0xD800, 0x9061, 0x0904, 0x0924, 0x0924, 0x0924, 
    0x0924, 0x0924, 0x0924, 0x0924, 0x0924, 0x0924, 0x0924, 0x0924, 0x0924, 0x0924, 0x0924, 0x0924, 
    0x0924, 0x0924, 0x0924, 0x0924, 0x0924, 0x0924, 0x0924, 0x0924, 0x0924, 0x0924, 0x0924, 0x0924, 
    0x0924, 0x0924, 0x0924, 0x0924, 0x0924, 0x0924, 0x0924, 0x0924, 0x0924, 0x0924, 0x0924, 0x0924, 
    0x0924, 0x0924, 0x0924, 0x0924, 0x0924, 0x0924, 0x0924, 0x0924, 0x0924, 0x0924, 0x0924, 0x0924, 
    0x0924, 0x0924, 0x0924, 0x0924, 0x0924, 0x0924, 0x0924, 0x0924, 0x48A2, 0x6082, 0x7861, 0xF800, 
    0xF800, 0xF800, 0xE800, 0xF800, 0xF800, 0xF800, 0xF800, 0xF800, 0xF800, 0xF800, 0xF800, 0xF800, 
    0xF800, 0xF800, 0xF800, 0xF800, 0xF800, 0xF800, 0xF800, 0xF800, 0xF800, 0xF800, 0xF800, 0xF800, 
    0xF800, 0xF800, 0xF800, 0xF800, 0xF800, 0xF800, 0xF800, 0xF800, 0xF800, 0xF800, 0xF800, 0xF800, 
    0xF800, 0xF800, 0xF800, 0xF800, 0xF800, 0xF800, 0xF800, 0xF800, 0xF800, 0xF800, 0xF800, 0xF000, 
    0xE800, 0xF800, 0xF800, 0xF800, 0x5882, 0x6082, 0x18E3, 0x0924, 0x0924, 0x0924, 0x0924, 0x0924, 
    0x0924, 0x0924, 0x0924, 0x0924, 0x0924, 0x0924, 0x0924, 0x0924, 0x0924, 0x0924, 0x0924, 0x0924, 
    0x0924, 0x0924, 0x0924, 0x0924, 0x0924, 0x0924, 0x0924, 0x0924, 0x0924, 0x0924, 0x0924, 0x0924, 
    0x0924, 0x0924, 0x0924, 0x0924, 0x0924, 0x0924, 0x0924, 0x0924, 0x0924, 0x0924, 0x0924, 0x0924, 
    0x0924, 0x0924, 0x0924, 0x0924, 0x0924, 0x0924, 0x0924, 0x0924, 0x0924, 0x0924, 0x0924, 0x0924, 
    0x0924, 0x0924, 0x0924, 0x0924, 0x0924, 0x0924, 0x0924, 0x0924, 0x0924, 0x0924, 0x0924, 0x40A2, 
    0x38C3, 0xA041, 0xF800, 0xF800, 0xE800, 0xE800, 0xF800, 0xF800, 0xF800, 0xF800, 0xF800, 0xF800, 
    0xF800, 0xF800, 0xF800, 0xF800, 0xF800, 0xF800, 0xF800, 0xF800, 0xF800, 0xF800, 0xF800, 0xF800, 
    0xF800, 0xF800, 0xF800, 0xF800, 0xF800, 0xF800, 0xF800, 0xF800, 0xF800, 0xF800, 0xF800, 0xF800, 
    0xF800, 0xF800, 0xF800, 0xF800, 0xF800, 0xF800, 0xF800, 0xF800, 0xF800, 0xE800, 0xE800, 0xF800, 
    0xF800, 0x5882, 0x40A2, 0x30C3, 0x0924, 0x0924, 0x0924, 0x0924, 0x0924, 0x0924, 0x0924, 0x0924, 
    0x0924, 0x0924, 0x0924, 0x0924, 0x0924, 0x0924, 0x0924, 0x0924, 0x0924, 0x0924, 0x0924, 0x0924, 
    0x0924, 0x0924, 0x0924, 0x0924, 0x0924, 0x0924, 0x0924, 0x0924, 0x0924, 0x0924, 0x0924, 0x0924, 
    0x0924, 0x0924, 0x0924, 0x0924, 0x0924, 0x0924, 0x0924, 0x0924, 0x0924, 0x0924, 0x0924, 0x0924, 
    0x0924, 0x0924, 0x0924, 0x0924, 0x0924, 0x0924, 0x0924, 0x0924, 0x0924, 0x0924, 0x0924, 0x0924, 
    0x0924, 0x0924, 0x0924, 0x0924, 0x0924, 0x0924, 0x0924, 0x0924, 0x0924, 0x0924, 0x0924, 0x0924, 
    0x0924, 0x0904, 0x20E3, 0xC820, 0xF800, 0xF800, 0xE800, 0xE800, 0xF000, 0xF800, 0xF800, 0xF800, 
    0xF800, 0xF800, 0xF800, 0xF800, 0xF800, 0xF800, 0xF800, 0xF800, 0xF800, 0xF800, 0xF800, 0xF800, 
    0xF800, 0xF800, 0xF800, 0xF800, 0xF800, 0xF800, 0xF800, 0xF800, 0xF800, 0xF800, 0xF800, 0xF800, 
    0xF800, 0xF800, 0xF800, 0xF800, 0xF800, 0xF800, 0xE800, 0xE800, 0xF800, 0xF800, 0xF800, 0x6082, 
    0x20E3, 0x0924, 0x0924, 0x0924, 0x0924, 0x0924, 0x0924, 0x0924, 0x0924, 0x0924, 0x0924, 0x0924, 
    0x0924, 0x0924, 0x0924, 0x0924, 0x0924, 0x0924, 0x0924, 0x0924, 0x0924, 0x0924, 0x0924, 0x0924, 
    0x0924, 0x0924, 0x0924, 0x0924, 0x0924, 0x0924, 0x0924, 0x0924, 0x0924, 0x0924, 0x0924, 0x0924, 
    0x0924, 0x0924, 0x0924, 0x0924, 0x0924, 0x0924, 0x0924, 0x0924, 0x0924, 0x0924, 0x0924, 0x0924, 
    0x0924, 0x0924, 0x0924, 0x0924, 0x0924, 0x0924, 0x0924, 0x0924, 0x0924, 0x0924, 0x0924, 0x0924, 
    0x0924, 0x0924, 0x0924, 0x0924, 0x0924, 0x0924, 0x0924, 0x0924, 0x0924, 0x0924, 0x0924, 0x0924, 
    0x0924, 0x0924, 0x0924, 0x0904, 0x10E3, 0x10E3, 0xF800, 0xF800, 0xF800, 0xF000, 0xF800, 0xF800, 
    0xF800, 0xF800, 0xF800, 0xF800, 0xF800, 0xF800, 0xF800, 0xF800, 0xF800, 0xF800, 0xF800, 0xF800, 
    0xF800, 0xF800, 0xF800, 0xF800, 0xF800, 0xF800, 0xF800, 0xF800, 0xF800, 0xF800, 0xF800, 0xF800, 
    0xF800, 0xF800, 0xF800, 0xF800, 0xF000, 0xF000, 0xF800, 0xF800, 0xB820, 0x1104, 0x18E3, 0x0924, 
    0x0924, 0x0924, 0x0924, 0x0924, 0x0924, 0x0924, 0x0924, 0x0924, 0x0924, 0x0924, 0x0924, 0x0924, 
    0x0924, 0x0924, 0x0924, 0x0924, 0x0924, 0x0924, 0x0924, 0x0924, 0x0924, 0x0924, 0x0924, 0x0924, 
    0x0924, 0x0924, 0x0924, 0x0924, 0x0924, 0x0924, 0x0924, 0x0924, 0x0924, 0x0924, 0x0924, 0x0924, 
    0x0924, 0x0924, 0x0924, 0x0924, 0x0924, 0x0924, 0x0924, 0x0924, 0x0924, 0x0924, 0x0924, 0x0924, 
    0x0924, 0x0924, 0x0924, 0x0924, 0x0924, 0x0924, 0x0924, 0x0924, 0x0924, 0x0924, 0x0924, 0x0924, 
    0x0924, 0x0924, 0x0924, 0x0924, 0x0924, 0x0924, 0x0924, 0x0924, 0x0924, 0x0924, 0x0924, 0x0924, 
    0x0924, 0x0924, 0x0924, 0x0924, 0x0924, 0x0924, 0x0904, 0x0904, 0x20E3, 0xF800, 0xF800, 0xF800, 
    0xF800, 0xF800, 0xF800, 0xF800, 0xF800, 0xF800, 0xF800, 0xF800, 0xF800, 0xF800, 0xF800, 0xF800, 
    0xF800, 0xF800, 0xF800, 0xF800, 0xF800, 0xF800, 0xF800, 0xF800, 0xF800, 0xF800, 0xF800, 0xF800, 
    0xF800, 0xF800, 0xF800, 0xF800, 0xF800, 0xF800, 0x0904, 0x0904, 0x0924, 0x0924, 0x0924, 0x0924, 
    0x0924, 0x0924, 0x0924, 0x0924, 0x0924, 0x0924, 0x0924, 0x0924, 0x0924, 0x0924, 0x0924, 0x0924, 
    0x0924, 0x0924, 0x0924, 0x0924, 0x0924, 0x0924, 0x0924, 0x0924, 0x0924, 0x0924, 0x0924, 0x0924, 
    0x0924, 0x0924, 0x0924, 0x0924, 0x0924, 0x0924, 0x0924, 0x0924, 0x0924, 0x0924, 0x0924, 0x0924, 
    0x0924, 0x0924, 0x0924, 0x0924, 0x0924, 0x0924, 0x0924, 0x0924, 0x0924, 0x0924, 0x0924, 0x0924, 
    0x0924, 0x0924, 0x0924, 0x0924, 0x0924, 0x0924, 0x0924, 0x0924, 0x0924, 0x0924, 0x0924, 0x0924, 
    0x0924, 0x0924, 0x0924, 0x0924, 0x0924, 0x0924, 0x0924, 0x0924, 0x0924, 0x0924, 0x0924, 0x0924, 
    0x0924, 0x0924, 0x0924, 0x0924, 0x0924, 0x0924, 0x0924, 0x0924, 0x0924, 0x0924, 0x38C3, 0xF800, 
    0xF800, 0xF800, 0xF800, 0xF800, 0xF800, 0xF800, 0xF800, 0xF800, 0xF800, 0xF800, 0xF800, 0xF800, 
    0xF800, 0xF800, 0xF800, 0xF800, 0xF800, 0xF800, 0xF800, 0xF800, 0xF800, 0xF800, 0xF800, 0xF800, 
    0xF800, 0xF800, 0xF800, 0xF800, 0x1104, 0x0924, 0x0924, 0x0924, 0x0924, 0x0924, 0x0924, 0x0924, 
    0x0924, 0x0924, 0x0924, 0x0924, 0x0924, 0x0924, 0x0924, 0x0924, 0x0924, 0x0924, 0x0924, 0x0924, 
    0x0924, 0x0924, 0x0924, 0x0924, 0x0924, 0x0924, 0x0924, 0x0924, 0x0924, 0x0924, 0x0924, 0x0924, 
    0x0924, 0x0924, 0x0924, 0x0924, 0x0924, 0x0924, 0x0924, 0x0924, 0x0924, 0x0924, 0x0924, 0x0924, 
    0x0924, 0x0924, 0x0924, 0x0924, 0x0924, 0x0924, 0x0924, 0x0924, 0x0924, 0x0924, 0x0924, 0x0924, 
    0x0924, 0x0924, 0x0924, 0x0924, 0x0924, 0x0924, 0x0924, 0x0924, 0x0924, 0x0924, 0x0924, 0x0924, 
    0x0924, 0x0924, 0x0924, 0x0924, 0x0924, 0x0924, 0x0924, 0x0924, 0x0924, 0x0924, 0x0924, 0x0924, 
    0x0924, 0x0924, 0x0924, 0x0924, 0x0924, 0x0924, 0x0924, 0x0924, 0x0924, 0x0924, 0x0924, 0x0924, 
    0x0924, 0x9041, 0xF000, 0xF000, 0xF800, 0xF800, 0xF800, 0xF800, 0xF800, 0xF800, 0xF800, 0xF800, 
    0xF800, 0xF800, 0xF800, 0xF800, 0xF800, 0xF800, 0xF800, 0xF800, 0xF800, 0xF800, 0xF800, 0xF800, 
    0xF000, 0x28C3, 0x0924, 0x0924, 0x0924, 0x0924, 0x0924, 0x0924, 0x0924, 0x0924, 0x0924, 0x0924, 
    0x0924, 0x0924, 0x0924, 0x0924, 0x0924, 0x0924, 0x0924, 0x0924, 0x0924, 0x0924, 0x0924, 0x0924, 
    0x0924, 0x0924, 0x0924, 0x0924, 0x0924, 0x0924, 0x0924, 0x0924, 0x0924, 0x0924, 0x0924, 0x0924, 
    0x0924, 0x0924, 0x0924, 0x0924, 0x0924, 0x0924, 0x0924, 0x0924, 0x0924, 0x0924, 0x0924, 0x0924, 
    0x0924, 0x0924, 0x0924, 0x0924, 0x0924, 0x0924, 0x0924, 0x0924, 0x0924, 0x0924, 0x0924, 0x0924, 
    0x0924, 0x0924, 0x0924, 0x0924, 0x0924, 0x0924, 0x0924, 0x0924, 0x0924, 0x0924, 0x0924, 0x0924, 
    0x0924, 0x0924, 0x0924, 0x0924, 0x0924, 0x0924, 0x0924, 0x0924, 0x0924, 0x0924, 0x0924, 0x0924, 
    0x0924, 0x0924, 0x0924, 0x0924, 0x0924, 0x0924, 0x0924, 0x0924, 0x0924, 0x0924, 0x0924, 0x0924, 
    0x0924, 0x0924, 0x0924, 0x0924, 0xC020, 0xB820, 0xE000, 0xF800, 0xF800, 0xF000, 0xF000, 0xF800, 
    0xF000, 0xF800, 0xF800, 0xF800, 0xF800, 0xF000, 0xF800, 0xF800, 0xF800, 0xB820, 0xC020, 0x50A2, 
    0x0924, 0x0924, 0x0924, 0x0924, 0x0924, 0x0924, 0x0924, 0x0924, 0x0924, 0x0924, 0x0924, 0x0924, 
    0x0924, 0x0924, 0x0924, 0x0924, 0x0924, 0x0924, 0x0924, 0x0924, 0x0924, 0x0924, 0x0924, 0x0924, 
    0x0924, 0x0924, 0x0924, 0x0924, 0x0924, 0x0924, 0x0924, 0x0924, 0x0924, 0x0924, 0x0924, 0x0924, 
    0x0924, 0x0924, 0x0924, 0x0924, 0x0924, 0x0924, 0x0924, 0x0924, 0x0924, 0x0924, 0x0924, 0x0924, 
    0x0924, 0x0924, 0x0924, 0x0924, 0x0924, 0x0924, 0x0924, 0x0924, 0x0924, 0x0924, 0x0924, 0x0924, 
    0x0924, 0x0924, 0x0924, 0x0924, 0x0924, 0x0924, 0x0924, 0x0924, 0x0924, 0x0924, 0x0924, 0x0924, 
    0x0924, 0x0924, 0x0924, 0x0924, 0x0924, 0x0924, 0x0924, 0x0924, 0x0924, 0x0924, 0x0924, 0x0924, 
    0x0924, 0x0924, 0x0924, 0x0924, 0x0924, 0x0924, 0x0924, 0x0924, 0x0924, 0x0924, 0x0924, 0x0924, 
    0x0924, 0x0924, 0x0924, 0x0924, 0x0924, 0x0924, 0x0904, 0x9061, 0xD800, 0xF800, 0xF800, 0xF800, 
    0xF800, 0xF800, 0xF000, 0xF000, 0xF800, 0xF800, 0xB041, 0x9061, 0x8861, 0x0924, 0x0924, 0x0924, 
    0x0924, 0x0924, 0x0924, 0x0924, 0x0924, 0x0924, 0x0924, 0x0924, 0x0924, 0x0924, 0x0924, 0x0924, 
    0x0924, 0x0924, 0x0924, 0x0924, 0x0924, 0x0924, 0x0924, 0x0924, 0x0924, 0x0924, 0x0924, 0x0924, 
    0x0924, 0x0924, 0x0924, 0x0924, 0x0924, 0x0924, 0x0924, 0x0924, 0x0924, 0x0924, 0x0924, 0x0924, 
    0x0924, 0x0924, 0x0924, 0x0924, 0x0924, 0x0924, 0x0924, 0x0924, 0x0924, 0x0924, 0x0924, 0x0924, 
    0x0924, 0x0924, 0x0924, 0x0924, 0x0924, 0x0924, 0x0924, 0x0924, 0x0924, 0x0924, 0x0924, 0x0924, 
    0x0924, 0x0924, 0x0924, 0x0924, 0x0924, 0x0924, 0x0924, 0x0924, 0x0924, 0x0924, 0x0924, 0x0924, 
    0x0924, 0x0924, 0x0924, 0x0924, 0x0924, 0x0924, 0x0924, 0x0924, 0x0924, 0x0924, 0x0924, 0x0924, 
    0x0924, 0x0924, 0x0924, 0x0924, 0x0924, 0x0924, 0x0924, 0x0924, 0x0924, 0x0924, 0x0924, 0x0924, 
    0x0924, 0x0924, 0x0924, 0x0924, 0x0924, 0x0924, 0x0924, 0x0924, 0x18E3, 0x6082, 0x5882, 0xF800, 
    0x7082, 0xF800, 0xF800, 0xF800, 0xB041, 0x6082, 0x0924, 0x0924, 0x0924, 0x0924, 0x0924, 0x0924, 
    0x0924, 0x0924, 0x0924, 0x0924, 0x0924, 0x0924, 0x0924, 0x0924, 0x0924, 0x0924, 0x0924, 0x0924, 
    0x0924, 0x0924, 0x0924, 0x0924, 0x0924, 0x0924, 0x0924, 0x0924, 0x0924, 0x0924, 0x0924, 0x0924, 
    0x0924, 0x0924, 0x0924, 0x0924, 0x0924, 0x0924, 0x0924, 0x0924, 0x0924, 0x0924, 0x0924, 0x0924, 
    0x0924, 0x0924, 0x0924, 0x0924, 0x0924, 0x0924, 0x0924, 0x0924, 0x0924, 0x0924, 0x0924, 0x0924, 
    0x0924, 0x0924, 0x0924, 0x0924, 0x0924, 0x0924, 0x0924, 0x0924, 0x0924, 0x0924, 0x0924, 0x0924, 
    0x0924, 0x0924, 0x0924, 0x0924, 0x0924, 0x0924, 0x0924, 0x0924, 0x0924, 0x0924, 0x0924, 0x0924, 
    0x0924, 0x0924, 0x0924, 0x0924, 0x0924, 0x0924, 0x0924, 0x0924, 0x0924, 0x0924, 0x0924, 0x0924, 
    0x0924, 0x0924, 0x0924, 0x0924, 0x0924, 0x0924, 0x0924, 0x0924, 0x0924, 0x0924, 0x0924, 0x0924, 
    0x0924, 0x0924, 0x0924, 0x0924, 0x0924, 0x0924, 0x0924, 0x0924, 0x0924, 0x0924, 0x0924, 0x28C3, 
    0x0924, 0xF800, 0x38C3, 0x40A2, 0x0904, 0x0924, 0x0924, 0x0924, 0x0924, 0x0924, 0x0924, 0x0924, 
    0x0924, 0x0924, 0x0924, 0x0924, 0x0924, 0x0924, 0x0924, 0x0924, 0x0924, 0x0924, 0x0924, 0x0924, 
    0x0924, 0x0924, 0x0924, 0x0924, 0x0924, 0x0924, 0x0924, 0x0924, 0x0924, 0x0924, 0x0924, 0x0924, 
    0x0924, 0x0924, 0x0924, 0x0924, 0x0924, 0x0924, 0x0924, 0x0924, 0x0924, 0x0924, 0x0924, 0x0924, 
    0x0924, 0x0924, 0x0924, 0x0924, 0x0924, 0x0924, 0x0924, 0x0924, 0x0924, 0x0924, 0x0924, 0x0924, 
    0x0924, 0x0924, 0x0924, 0x0924, 0x0924, 0x0924, 0x0924, 0x0924, 0x0924, 0x0924, 0x0924, 0x0924, 
    0x0924, 0x0924, 0x0924, 0x0924, 0x0924, 0x0924, 0x0924, 0x0924, 0x0924, 0x0924, 0x0924, 0x0924, 
    0x0924, 0x0924, 0x0924, 0x0924, 0x0924, 0x0924, 0x0924, 0x0924, 0x0924, 0x0924, 0x0924, 0x0924, 
    0x0924, 0x0924, 0x0924, 0x0924, 0x0924, 0x0924, 0x0924, 0x0924, 0x0924, 0x0924, 0x0924, 0x0924, 
    0x0924, 0x0924, 0x0924, 0x0924, 0x0924, 0x0924, 0x0924, 0x0924, 0x0924, 0x0924, 0x0924, 0x0924, 
    0x0924, 0x18E3, 0x0924, 0x0924, 0x0924, 0x0924, 0x0924, 0x0924, 0x0924, 0x0924, 0x0924, 0x0924, 
    0x0924, 0x0924, 0x0924, 0x0924, 0x0924, 0x0924, 0x0924, 0x0924, 0x0924, 0x0924, 0x0924, 0x0924, 
    0x0924, 0x0924, 0x0924, 0x0924, 0x0924, 0x0924, 0x0924, 0x0924, 0x0924, 0x0924, 0x0924, 0x0924, 
    0x0924, 0x0924, 0x0924, 0x0924, 0x0924, 0x0924, 0x0924, 0x0924, 0x0924, 0x0924, 0x0924, 0x0924, 
    0x0924, 0x0924, 0x0924, 0x0924, 0x0924, 0x0924, 0x0924, 0x0924, 0x0924, 0x0924, 0x0924, 0x0924, 
    0x0924, 0x0924, 0x0924, 0x0924, 0x0924, 0x0924, 0x0924, 0x0924, 0x0924, 0x0924, 0x0924, 0x0924, 
    0x0924, 0x0924, 0x0924, 0x0924, 0x0924, 0x0924, 0x0924, 0x0924, 0x0924, 0x0924, 0x0924, 0x0924, 
    0x0924, 0x0924, 0x0924, 0x0924, 0x0924, 0x0924, 0x0924, 0x0924, 0x0924, 0x0924, 0x0924, 0x0924, 
    0x0924, 0x0924, 0x0924, 0x0924, 0x0924, 0x0924, 0x0924, 0x0924, 0x0924, 0x0924, 0x0924, 0x0924, 
    0x0924, 0x0924, 0x0924, 0x0924, 0x0924, 0x0924, 0x0924, 0x0924, 0x0924, 0x0924, 0x0924, 0x0924, 
    0x0924, 0x0924, 0x0924, 0x0924, 0x0924, 0x0924, 0x0924, 0x0924, 0x0924, 0x0924, 0x0924, 0x0924, 
    0x0924, 0x0924, 0x0924, 0x0924, 0x0924, 0x0924, 0x0924, 0x0924, 0x0924, 0x0924, 0x0924, 0x0924, 
    0x0924, 0x0924, 0x0924, 0x0924, 0x0924, 0x0924, 0x0924, 0x0924, 0x0924, 0x0924, 0x0924, 0x0924, 
    0x0924, 0x0924, 0x0924, 0x0924, 0x0924, 0x0924, 0x0924, 0x0924, 0x0924, 0x0924, 0x0924, 0x0924, 
    0x0924, 0x0924, 0x0924, 0x0924, 0x0924, 0x0924, 0x0924, 0x0924, 0x0924, 0x0924, 0x0924, 0x0924, 
    0x0924, 0x0924, 0x0924, 0x0924, 0x0924, 0x0924, 0x0924, 0x0924, 0x0924, 0x0924, 0x0924, 0x0924, 
    0x0924, 0x0924, 0x0924, 0x0924, 0x0924, 0x0924, 0x0924, 0x0924, 0x0924, 0x0924, 0x0924, 0x0924, 
    0x0924, 0x0924, 0x0924, 0x0924, 0x0924, 0x0924, 0x0924, 0x0924, 0x0924, 0x0924, 0x0924, 0x0924, 
    0x0924, 0x0924, 0x0924, 0x0924, 0x0924, 0x0924, 0x0924, 0x0924, 0x0924, 0x0924, 0x0924, 0x0924, 
    0x0924, 0x0924, 0x0924, 0x0924, 0x0924, 0x0924, 0x0924, 0x0924, 0x0924, 0x0924, 0x0924, 0x0924, 
    0x0924, 0x0924, 0x0924, 0x0924, 0x0924, 0x0924, 0x0924, 0x0924, 0x0924, 0x0924, 0x0924, 0x0924, 
    0x0924, 0x0924, 0x0924, 0x0924, 0x0924, 0x0924, 0x0924, 0x0924, 0x0924, 0x0924, 0x0924, 0x0924, 
    0x0924, 0x0924, 0x0924, 0x0924, 0x0924, 0x0924, 0x0924, 0x0924, 0x0924, 0x0924, 0x0924, 0x0924, 
    0x0924, 0x0924, 0x0924, 0x0924, 0x0924, 0x0924, 0x0924, 0x0924, 0x0924, 0x0924, 0x0924, 0x0924, 
    0x0924, 0x0924, 0x0924, 0x0924, 0x0924, 0x0924, 0x0924, 0x0924, 0x0924, 0x0924, 0x0924, 0x0924, 
    0x0924, 0x0924, 0x0924, 0x0924, 0x0924, 0x0924, 0x0924, 0x0924, 0x0924, 0x0924, 0x0924, 0x0924, 
    0x0924, 0x0924, 0x0924, 0x0924, 0x0924, 0x0924, 0x0924, 0x0924, 0x0924, 0x0924, 0x0924, 0x0924, 
    0x0924, 0x0924, 0x0924, 0x0924, 0x0924, 0x0924, 0x0924, 0x0924, 0x0924, 0x0924, 0x0924, 0x0924, 
    0x0924, 0x0924, 0x0924, 0x0924, 0x0924, 0x0924, 0x0924, 0x0924, 0x0924, 0x0924, 0x0924, 0x0924, 
    0x0924, 0x0924, 0x0924, 0x0924, 0x0924, 0x0924, 0x0924, 0x0924, 0x0924, 0x0924, 0x0924, 0x0924, 
    0x0924, 0x0924, 0x0924, 0x0924, 0x0924, 0x0924, 0x0924, 0x0924, 0x0924, 0x0924, 0x0924, 0x0924, 
    0x0924, 0x0924, 0x0924, 0x0924, 0x0924, 0x0924, 0x0924, 0x0924, 0x0924, 0x0924, 0x0924, 0x0924, 
    0x0924, 0x0924, 0x0924, 0x0924, 0x0924, 0x0924, 0x0924, 0x0924, 0x0924, 0x0924, 0x0924, 0x0924, 
    0x0924, 0x0924, 0x0924, 0x0924, 0x0924, 0x0924, 0x0924, 0x0924, 0x0924, 0x0924, 0x0924, 0x0924, 
    0x0924, 0x0924, 0x0924, 0x0924, 0x0924, 0x0924, 0x0924, 0x0924, 0x0924, 0x0924, 0x0924, 0x0924, 
    0x0924, 0x0924, 0x0924, 0x0924, 0x0924, 0x0924, 0x0924, 0x0924, 0x0924, 0x0924, 0x0924, 0x0924, 
    0x0924, 0x0924, 0x0924, 0x0924, 0x0924, 0x0924, 0x0924, 0x0924, 0x0924, 0x0924, 0x0924, 0x0924, 
    0x0924, 0x0924, 0x0924, 0x0924, 0x0924, 0x0924, 0x0924, 0x0924, 0x0924, 0x0924, 0x0924, 0x0924, 
    0x0924, 0x0924, 0x0924, 0x0924, 0x0924, 0x0924, 0x0924, 0x0924, 0x0924, 0x0924, 0x0924, 0x0924, 
    0x0924, 0x0924, 0x0924, 0x0924, 0x0924, 0x0924, 0x0924, 0x0924, 0x0924, 0x0924, 0x0924, 0x0924, 
    0x0924, 0x0924, 0x0924, 0x0924, 0x0924, 0x0924, 0x0924, 0x0924, 0x0924, 0x0924, 0x0924, 0x0924, 
    0x0924, 0x0924, 0x0924, 0x0924, 0x0924, 0x0924, 0x0924, 0x0924, 0x0924, 0x0924, 0x0924, 0x0924, 
    0x0924, 0x0924, 0x0924, 0x0924, 0x0924, 0x0924, 0x0924, 0x0924, 0x0924, 0x0924, 0x0924, 0x0924, 
    0x0924, 0x0924, 0x0924, 0x0924, 0x0924, 0x0924, 0x0924, 0x0924, 0x0924, 0x0924, 0x0924, 0x0924, 
    0x0924, 0x0924, 0x0924, 0x0924, 0x0924, 0x0924, 0x0924, 0x0924, 0x0924, 0x0924, 0x0924, 0x0924, 
    0x0924, 0x0924, 0x0924, 0x0924, 0x0924, 0x0924, 0x0924, 0x0924, 0x0924, 0x0924, 0x0924, 0x0924, 
    0x0924, 0x0924, 0x0924, 0x0924, 0x0924, 0x0924, 0x0924, 0x0924, 0x0924, 0x0924, 0x0924, 0x0924, 
    0x0924, 0x0924, 0x0924, 0x0924, 0x0924, 0x0924, 0x0924, 0x0924, 0x0924, 0x0924, 0x0924, 0x0924, 
    0x0924, 0x0924, 0x0924, 0x0924, 0x0924, 0x0924, 0x0924, 0x0924, 0x0924, 0x0924, 0x0924, 0x0924, 
    0x0924, 0x0924, 0x0924, 0x0924, 0x0924, 0x0924, 0x0924, 0x0924, 0x0924, 0x0924, 0x0924, 0x0924, 
    0x0924, 0x0924, 0x0924, 0x0924, 0x0924, 0x0924, 0x0924, 0x0924, 0x0924, 0x0924, 0x0924, 0x0924, 
    0x0924, 0x0924, 0x0924, 0x0924, 0x0924, 0x0924, 0x0924, 0x0924, 0x0924, 0x0924, 0x0924, 0x0924, 
    0x0924, 0x0924, 0x0924, 0x0924, 0x0924, 0x0924, 0x0924, 0x0924, 0x0924, 0x0924, 0x0924, 0x0924, 
    0x0924, 0x0924, 0x0924, 0x0924, 0x0924, 0x0924, 0x0924, 0x0924, 0x0924, 0x0924, 0x0924, 0x0924, 
    0x0924, 0x0924, 0x0924, 0x0924, 0x0924, 0x0924, 0x0924, 0x0924, 0x0924, 0x0924, 0x0924, 0x0924, 
    0x0924, 0x0924, 0x0924, 0x0924, 0x0924, 0x0924, 0x0924, 0x0924, 0x0924, 0x0924, 0x0924, 0x0924, 
    0x0924, 0x0924, 0x0924, 0x0924, 0x0924, 0x0924, 0x0924, 0x0924, 0x0924, 0x0924, 0x0924, 0x0924, 
    0x0924, 0x0924, 0x0924, 0x0924, 0x0924, 0x0924, 0x0924, 0x0924, 0x0924, 0x0924, 0x0924, 0x0924, 
    0x0924, 0x0924, 0x0924, 0x0924, 0x0924, 0x0924, 0x0924, 0x0924, 0x0924, 0x0924, 0x0924, 0x0924, 
    0x0924, 0x0924, 0x0924, 0x0924, 0x0924, 0x0924, 0x0924, 0x0924, 0x0924, 0x0924, 0x0924, 0x0924, 
    0x0924, 0x0924, 0x0924, 0x0924, 0x0924, 0x0924, 0x0924, 0x0924, 0x0924, 0x0924, 0x0924, 0x0924, 
    0x0924, 0x0924, 0x0924, 0x0924, 0x0924, 0x0924, 0x0924, 0x0924, 0x0924, 0x0924, 0x0924, 0x0924, 
    0x0924, 0x0924, 0x0924, 0x0924, 0x0924, 0x0924, 0x0924, 0x0924, 0x0924, 0x0924, 0x0924, 0x0924, 
    0x0924, 0x0924, 0x0924, 0x0924, 0x0924, 0x0924, 0x0924, 0x0924, 0x0924, 0x0924, 0x0924, 0x0924, 
    0x0924, 0x0924, 0x0924, 0x0924, 0x0924, 0x0924, 0x0924, 0x0924, 0x0924, 0x0924, 0x0924, 0x0924, 
    0x0924, 0x0924, 0x0924, 0x0924, 0x0924, 0x0924, 0x0924, 0x0924, 0x0924, 0x0924, 0x0924, 0x0924, 
    0x0924, 0x0924, 0x0924, 0x0924, 0x0924, 0x0924, 0x0924, 0x0924, 0x0924, 0x0924, 0x0924, 0x0924, 
    0x0924, 0x0924, 0x0924, 0x0924, 0x0924, 0x0924, 0x0924, 0x0924, 0x0924, 0x0924, 0x0924, 0x0924, 
    0x0924, 0x0924, 0x0924, 0x0924, 0x0924, 0x0924, 0x0924, 0x0924, 0x0924, 0x0924, 0x0924, 0x0924, 
    0x0924, 0x0924, 0x0924, 0x0924, 0x0924, 0x0924, 0x0924, 0x0924, 0x0924, 0x0924, 0x0924, 0x0924, 
    0x0924, 0x0924, 0x0924, 0x0924, 0x0924, 0x0924, 0x0924, 0x0924, 0x0924, 0x0924, 0x0924, 0x0924, 
    0x0924, 0x0924, 0x0924, 0x0924, 0x0924, 0x0924, 0x0924, 0x0924, 0x0924, 0x0924, 0x0924, 0x0924, 
    0x0924, 0x0924, 0x0924, 0x0924, 0x0924, 0x0924, 0x0924, 0x0924, 0x0924, 0x0924, 0x0924, 0x0924, 
    0x0924, 0x0924, 0x0924, 0x0924, 0x0924, 0x0924, 0x0924, 0x0924, 0x0924, 0x0924, 0x0924, 0x0924, 
    0x0924, 0x0924, 0x0924, 0x0924, 0x0924, 0x0924, 0x0924, 0x0924, 0x0924, 0x0924, 0x0924, 0x0924, 
    0x0924, 0x0924, 0x0924, 0x0924, 0x0924, 0x0924, 0x0924, 0x0924, 0x0924, 0x0924, 0x0924, 0x0924, 
    0x0924, 0x0924, 0x0924, 0x0924, 0x0924, 0x0924, 0x0924, 0x0924, 0x0924, 0x0924, 0x0924, 0x0924, 
    0x0924, 0x0924, 0x0924, 0x0924, 0x0924, 0x0924, 0x0924, 0x0924, 0x0924, 0x0924, 0x0924, 0x0924, 
    0x0924, 0x0924, 0x0924, 0x0924, 0x0924, 0x0924, 0x0924, 0x0924, 0x0924, 0x0924, 0x0924, 0x0924, 
    0x0924, 0x0924, 0x0924, 0x0924, 0x0924, 0x0924, 0x0924, 0x0924, 0x0924, 0x0924, 0x0924, 0x0924, 
    0x0924, 0x0924, 0x0924, 0x0924, 0x0924, 0x0924, 0x0924, 0x0924, 0x0924, 0x0924, 0x0924, 0x0924, 
    0x0924, 0x0924, 0x0924, 0x0924, 0x0924, 0x0924, 0x0924, 0x0924, 0x0924, 0x0924, 0x0924, 0x0924, 
    0x0924, 0x0924, 0x0924, 0x0924, 0x0924, 0x0924, 0x0924, 0x0924, 0x0924, 0x0924, 0x0924, 0x0924, 
    0x0924, 0x0924, 0x0924, 0x0924, 0x0924, 0x0924, 0x0924, 0x0924, 0x0924, 0x0924, 0x0924, 0x0924, 
    0x0924, 0x0924, 0x0924, 0x0924, 0x0924, 0x0924, 0x0924, 0x0924, 0x0924, 0x0924, 0x0924, 0x0924, 
    0x0924, 0x0924, 0x0924, 0x0924, 0x0924, 0x0924, 0x0924, 0x0924, 0x0924, 0x0924, 0x0924, 0x0924, 
    0x0924, 0x0924, 0x0924, 0x0924, 0x0924, 0x0924, 0x0924, 0x0924, 0x0924, 0x0924, 0x0924, 0x0924, 
    0x0924, 0x0924, 0x0924, 0x0924, 0x0924, 0x0924, 0x0924, 0x0924, 0x0924, 0x0924, 0x0924, 0x0924, 
    0x0924, 0x0924, 0x0924, 0x0924, 0x0924, 0x0924, 0x0924, 0x0924, 0x0924, 0x0924, 0x0924, 0x0924, 
    0x0924, 0x0924, 0x0924, 0x0924, 0x0924, 0x0924, 0x0924, 0x0924, 0x0924, 0x0924, 0x0924, 0x0924, 
    0x0924, 0x0924, 0x0924, 0x0924, 0x0924, 0x0924, 0x0924, 0x0924, 0x0924, 0x0924, 0x0924, 0x0924, 
    0x0924, 0x0924, 0x0924, 0x0924, 0x0924, 0x0924, 0x0924, 0x0924, 0x0924, 0x0924, 0x0924, 0x0924, 
    0x0924, 0x0924, 0x0924, 0x0924, 0x0924, 0x0924, 0x0924, 0x0924, 0x0924, 0x0924, 0x0924, 0x0924, 
    0x0924, 0x0924, 0x0924, 0x0924, 0x0924, 0x0924, 0x0924, 0x0924, 0x0924, 0x0924, 0x0924, 0x0924, 
    0x0924, 0x0924, 0x0924, 0x0924, 0x0924, 0x0924, 0x0924, 0x0924, 0x0924, 0x0924, 0x0924, 0x0924, 
    0x0924, 0x0924, 0x0924, 0x0924, 0x0924, 0x0924, 0x0924, 0x0924, 0x0924, 0x0924, 0x0924, 0x0924, 
    0x0924, 0x0924, 0x0924, 0x0924, 0x0924, 0x0924, 0x0924, 0x0924, 0x0924, 0x0924, 0x0924, 0x0924, 
    0x0924, 0x0924, 0x0924, 0x0924, 0x0924, 0x0924, 0x0924, 0x0924, 0x0924, 0x0924, 0x0924, 0x0924, 
    0x0924, 0x0924, 0x0924, 0x0924, 0x0924, 0x0924, 0x0924, 0x0924, 0x0924, 0x0924, 0x0924, 0x0924, 
    0x0924, 0x0924, 0x0924, 0x0924, 0x0924, 0x0924, 0x0924, 0x0924, 0x0924, 0x0924, 0x0924, 0x0924, 
    0x0924, 0x0924, 0x0924, 0x0924, 0x0924, 0x0924, 0x0924, 0x0924, 0x0924, 0x0924, 0x0924, 0x0924, 
    0x0924, 0x0924, 0x0924, 0x0924, 0x0924, 0x0924, 0x0924, 0x0924, 0x0924, 0x0924, 0x0924, 0x0924, 
    0x0924, 0x0924, 0x0924, 0x0924, 0x0924, 0x0924, 0x0924, 0x0924, 0x0924, 0x0924, 0x0924, 0x0924, 
    0x0924, 0x0924, 0x0924, 0x0924, 0x0924, 0x0924, 0x0924, 0x0924, 0x0924, 0x0924, 0x0924, 0x0924, 
    0x0924, 0x0924, 0x0924, 0x0924, 0x0924, 0x0924, 0x0924, 0x0924, 0x0924, 0x0924, 0x0924, 0x0924, 
    0x0924, 0x0924, 0x0924, 0x0924, 0x0924, 0x0924, 0x0924, 0x0924, 0x0924, 0x0924, 0x0924, 0x0924, 
    0x0924, 0x0924, 0x0924, 0x0924, 0x0924, 0x0924, 0x0924, 0x0924, 0x0924, 0x0924, 0x0924, 0x0924, 
    0x0924, 0x0924, 0x0924, 0x0924, 0x0924, 0x0924, 0x0924, 0x0924, 0x0924, 0x0924, 0x0924, 0x0924, 
    0x0924, 0x0924, 0x0924, 0x0924, 0x0924, 0x0924, 0x0924, 0x0924, 0x0924, 0x0924, 0x0924, 0x0924, 
    0x0924, 0x0924, 0x0924, 0x0924, 0x0924, 0x0924, 0x0924, 0x0924, 0x0924, 0x0924, 0x0924, 0x0924, 
    0x0924, 0x0924, 0x0924, 0x0924, 0x0924, 0x0924, 0x0924, 0x0924, 0x0924, 0x0924, 0x0924, 0x0924, 
    0x0924, 0x0924, 0x0924, 0x0924, 0x0924, 0x0924, 0x0924, 0x0924, 0x0924, 0x0924, 0x0924, 0x0924, 
    0x0924, 0x0924, 0x0924, 0x0924, 0x0924, 0x0924, 0x0924, 0x0924, 0x0924, 0x0924, 0x0924, 0x0924, 
    0x0924, 0x0924, 0x0924, 0x0924, 0x0924, 0x0924, 0x0924, 0x0924, 0x0924, 0x0924, 0x0924, 0x0924, 
    0x0924, 0x0924, 0x0924, 0x0924, 0x0924, 0x0924, 0x0924, 0x0924, 0x0924, 0x0924, 0x0924, 0x0924, 
    0x0924, 0x0924, 0x0924, 0x0924, 0x0924, 0x0924, 0x0924, 0x0924, 0x0924, 0x0924, 0x0924, 0x0924, 
    0x0924, 0x0924, 0x0924, 0x0924, 0x0924, 0x0924, 0x0924, 0x0924, 0x0924, 0x0924, 0x0924, 0x0924, 
    0x0924, 0x0924, 0x0924, 0x0924, 0x0924, 0x0924, 0x0924, 0x0924, 0x0924, 0x0924, 0x0924, 0x0924, 
    0x0924, 0x0924, 0x0924, 0x0924, 0x0924, 0x0924, 0x0924, 0x0924, 0x0924, 0x0924, 0x0924, 0x0924, 
    0x0924, 0x0924, 0x0924, 0x0924, 0x0924, 0x0924, 0x0924, 0x0924, 0x0924, 0x0924, 0x0924, 0x0924, 
    0x0924, 0x0924, 0x0924, 0x0924, 0x0924, 0x0924, 0x0924, 0x0924, 0x0924, 0x0924, 0x0924, 0x0924, 
    0x0924, 0x0924, 0x0924, 0x0924, 0x0924, 0x0924, 0x0924, 0x0924, 0x0924, 0x0924, 0x0924, 0x0924, 
    0x0924, 0x0924, 0x0924, 0x0924, 0x0924, 0x0924, 0x0924, 0x0924, 0x0924, 0x0924, 0x0924, 0x0924, 
    0x0924, 0x0924, 0x0924, 0x0924, 0x0924, 0x0924, 0x0924, 0x0924, 0x0924, 0x0924, 0x0924, 0x0924, 
    0x0924, 0x0924, 0x0924, 0x0924, 0x0924, 0x0924, 0x0924, 0x0924, 0x0924, 0x0924, 0x0924, 0x0924, 
    0x0924, 0x0924, 0x0924, 0x0924, 0x0924, 0x0924, 0x0924, 0x0924, 0x0924, 0x0924, 0x0924, 0x0924, 
    0x0924, 0x0924, 0x0924, 0x0924, 0x0924, 0x0924, 0x0924, 0x0924, 0x0924, 0x0924, 0x0924, 0x0924, 
    0x0924, 0x0924, 0x0924, 0x0924, 0x0924, 0x0924, 0x0924, 0x0924, 0x0924, 0x0924, 0x0924, 0x0924, 
    0x0924, 0x0924, 0x0924, 0x0924, 0x0924, 0x0924, 0x0924, 0x0924, 0x0924, 0x0924, 0x0924, 0x0924, 
    0x0924, 0x0924, 0x0924, 0x0924, 0x0924, 0x0924, 0x0924, 0x0924, 0x0924, 0x0924, 0x0924, 0x0924, 
    0x0924, 0x0924, 0x0924, 0x0924, 0x0924, 0x0924, 0x0924, 0x0924, 0x0924, 0x0924, 0x0924, 0x0924, 
    0x0924, 0x0924, 0x0924, 0x0924, 0x0924, 0x0924, 0x0924, 0x0924, 0x0924, 0x0924, 0x0924, 0x0924, 
    0x0924, 0x0924, 0x0924, 0x0924, 0x0924, 0x0924, 0x0924, 0x0924, 0x0924, 0x0924, 0x0924, 0x0924, 
    0x0924, 0x0924, 0x0924, 0x0924, 0x0924, 0x0924, 0x0924, 0x0924, 0x0924, 0x0924, 0x0924, 0x0924, 
    0x0924, 0x0924, 0x0924, 0x0924, 0x0924, 0x0924, 0x0924, 0x0924, 0x0924, 0x0924, 0x0924, 0x0924, 
    0x0924, 0x0924, 0x0924, 0x0924, 0x0924, 0x0924, 0x0924, 0x0924, 0x0924, 0x0924, 0x0924, 0x0924, 
    0x0924, 0x0924, 0x0924, 0x0924, 0x0924, 0x0924, 0x0924, 0x0924, 0x0924, 0x0924, 0x0924, 0x0924, 
    0x0924, 0x0924, 0x0924, 0x0924, 0x0924, 0x0924, 0x0924, 0x0924, 0x0924, 0x0924, 0x0924, 0x0924, 
    0x0924, 0x0924, 0x0924, 0x0924, 0x0924, 0x0924, 0x0924, 0x0924, 0x0924, 0x0924, 0x0924, 0x0924, 
    0x0924, 0x0924, 0x0924, 0x0924, 0x0924, 0x0924, 0x0924, 0x0924, 0x0924, 0x0924, 0x0924, 0x0924, 
    0x0924, 0x0924, 0x0924, 0x0924, 0x0924, 0x0924, 0x0924, 0x0924, 0x0924, 0x0924, 0x0924, 0x0924, 
    0x0924, 0x0924, 0x0924, 0x0924, 0x0924, 0x0924, 0x0924, 0x0924, 0x0924, 0x0924, 0x0924, 0x0924, 
    0x0924, 0x0924, 0x0924, 0x0924, 0x0924, 0x0924, 0x0924, 0x0924, 0x0924, 0x0924, 0x0924, 0x0924, 
    0x0924, 0x0924, 0x0924, 0x0924, 0x0924, 0x0924, 0x0924, 0x0924, 0x0924, 0x0924, 0x0924, 0x0924, 
    0x0924, 0x0924, 0x0924, 0x0924, 0x0924, 0x0924, 0x0924, 0x0924, 0x0924, 0x0924, 0x0924, 0x0924, 
    0x0924, 0x0924, 0x0924, 0x0924, 0x0924, 0x0924, 0x0924, 0x0924, 0x0924, 0x0924, 0x0924, 0x0924, 
    0x0924, 0x0924, 0x0924, 0x0924, 0x0924, 0x0924, 0x0924, 0x0924, 0x0924, 0x0924, 0x0924, 0x0924, 
    0x0924, 0x0924, 0x0924, 0x0924, 0x0924, 0x0924, 0x0924, 0x0924, 0x0924, 0x0924, 0x0924, 0x0924, 
    0x0924, 0x0924, 0x0924, 0x0924, 0x0924, 0x0924, 0x0924, 0x0924, 0x0924, 0x0924, 0x0924, 0x0924, 
    0x0924, 0x0924, 0x0924, 0x0924, 0x0924, 0x0924, 0x0924, 0x0924, 0x0924, 0x0924, 0x0924, 0x0924, 
    0x0924, 0x0924, 0x0924, 0x0924, 0x0924, 0x0924, 0x0924, 0x0924, 0x0924, 0x0924, 0x0924, 0x0924, 
    0x0924, 0x0924, 0x0924, 0x0924, 0x0924, 0x0924, 0x0924, 0x0924, 0x0924, 0x0924, 0x0924, 0x0924, 
    0x0924, 0x0924, 0x0924, 0x0924, 0x0924, 0x0924, 0x0924, 0x0924, 0x0924, 0x0924, 0x0924, 0x0924, 
    0x0924, 0x0924, 0x0924, 0x0924, 0x0924, 0x0924, 0x0924, 0x0924, 0x0924, 0x0924, 0x0924, 0x0924, 
    0x0924, 0x0924, 0x0924, 0x0924, 0x0924, 0x0924, 0x0924, 0x0924, 0x0924, 0x0924, 0x0924, 0x0924, 
    0x0924, 0x0924, 0x0924, 0x0924, 0x0924, 0x0924, 0x0924, 0x0924, 0x0924, 0x0924, 0x0924, 0x0924, 
    0x0924, 0x0924, 0x0924, 0x0924, 0x0924, 0x0924, 0x0924, 0x0924, 0x0924, 0x0924, 0x0924, 0x0924, 
    0x0924, 0x0924, 0x0924, 0x0924, 0x0924, 0x0924, 0x0924, 0x0924, 0x0924, 0x0924, 0x0924, 0x0924, 
    0x0924, 0x0924, 0x0924, 0x0924, 0x0924, 0x0924, 0x0924, 0x0924, 0x0924, 0x0924, 0x0924, 0x0924, 
    0x0924, 0x0924, 0x0924, 0x0924, 0x0924, 0x0924, 0x0924, 0x0924, 0x0924, 0x0924, 0x0924, 0x0924, 
    0x0924, 0x0924, 0x0924, 0x0924, 0x0924, 0x0924, 0x0924, 0x0924, 0x0924, 0x0924, 0x0924, 0x0924, 
    0x0924, 0x0924, 0x0924, 0x0924, 0x0924, 0x0924, 0x0924, 0x0924, 0x0924, 0x0924, 0x0924, 0x0924, 
    0x0924, 0x0924, 0x0924, 0x0924, 0x0924, 0x0924, 0x0924, 0x0924, 0x0924, 0x0924, 0x0924, 0x0924, 
    0x0924, 0x0924, 0x0924, 0x0924, 0x0924, 0x0924, 0x0924, 0x0924, 0x0924, 0x0924, 0x0924, 0x0924, 
    0x0924, 0x0924, 0x0924, 0x0924, 0x0924, 0x0924, 0x0924, 0x0924, 0x0924, 0x0924, 0x0924, 0x0924, 
    0x0924, 0x0924, 0x0924, 0x0924, 0x0924, 0x0924, 0x0924, 0x0924, 0x0924, 0x0924, 0x0924, 0x0924, 
    0x0924, 0x0924, 0x0924, 0x0924, 0x0924, 0x0924, 0x0924, 0x0924, 0x0924, 0x0924, 0x0924, 0x0924, 
    0x0924, 0x0924, 0x0924, 0x0924, 0x0924, 0x0924, 0x0924, 0x0924, 0x0924, 0x0924, 0x0924, 0x0924, 
    0x0924, 0x0924, 0x0924, 0x0924, 0x0924, 0x0924, 0x0924, 0x0924, 0x0924, 0x0924, 0x0924, 0x0924, 
    0x0924, 0x0924, 0x0924, 0x0924, 0x0924, 0x0924, 0x0924, 0x0924, 0x0924, 0x0924, 0x0924, 0x0924, 
    0x0924, 0x0924, 0x0924, 0x0924, 0x0924, 0x0924, 0x0924, 0x0924, 0x0924, 0x0924, 0x0924, 0x0924, 
    0x0924, 0x0924, 0x0924, 0x0924, 0x0924, 0x0924, 0x0924, 0x0924, 0x0924, 0x0924, 0x0924, 0x0924, 
    0x0924, 0x0924, 0x0924, 0x0924, 0x0924, 0x0924, 0x0924, 0x0924, 0x0924, 0x0924, 0x0924, 0x0924, 
    0x0924, 0x0924, 0x0924, 0x0924, 0x0924, 0x0924, 0x0924, 0x0924, 0x0924, 0x0924, 0x0924, 0x0924, 
    0x0924, 0x0924, 0x0924, 0x0924, 0x0924, 0x0924, 0x0924, 0x0924, 0x0924, 0x0924, 0x0924, 0x0924, 
    0x0924, 0x0924, 0x0924, 0x0924, 0x0924, 0x0924, 0x0924, 0x0924, 0x0924, 0x0924, 0x0924, 0x0924, 
    0x0924, 0x0924, 0x0924, 0x0924, 0x0924, 0x0924, 0x0924, 0x0924, 0x0924, 0x0924, 0x0924, 0x0924, 
    0x0924, 0x0924, 0x0924, 0x0924, 0x0924, 0x0924, 0x0924, 0x0924, 0x0924, 0x0924, 0x0924, 0x0924, 
    0x0924, 0x0924, 0x0924, 0x0924, 0x0924, 0x0924, 0x0924, 0x0924, 0x0924, 0x0924, 0x0924, 0x0924, 
    0x0924, 0x0924, 0x0924, 0x0924, 0x0924, 0x0924, 0x0924, 0x0924, 0x0924, 0x0924, 0x0924, 0x0924, 
    0x0924, 0x0924, 0x0924, 0x0924, 0x0924, 0x0924, 0x0924, 0x0924, 0x0924, 0x0924, 0x0924, 0x0924, 
    0x0924, 0x0924, 0x0924, 0x0924, 0x0924, 0x0924, 0x0924, 0x0924, 0x0924, 0x0924, 0x0924, 0x0924, 
    0x0924, 0x0924, 0x0924, 0x0924, 0x0924, 0x0924, 0x0924, 0x0924, 0x0924, 0x0924, 0x0924, 0x0924, 
    0x0924, 0x0924, 0x0924, 0x0924, 0x0924, 0x0924, 0x0924, 0x0924, 0x0924, 0x0924, 0x0924, 0x0924, 
    0x0924, 0x0924, 0x0924, 0x0924, 0x0924, 0x0924, 0x0924, 0x0924, 0x0924, 0x0924, 0x0924, 0x0924, 
    0x0924, 0x0924, 0x0924, 0x0924, 0x0924, 0x0924, 0x0924, 0x0924, 0x0924, 0x0924, 0x0924, 0x0924, 
    0x0924, 0x0924, 0x0924, 0x0924, 0x0924, 0x0924, 0x0924, 0x0924, 0x0924, 0x0924, 0x0924, 0x0924, 
    0x0924, 0x0924, 0x0924, 0x0924, 0x0924, 0x0924, 0x0924, 0x0924, 0x0924, 0x0924, 0x0924, 0x0924, 
    0x0924, 0x0924, 0x0924, 0x0924, 0x0924, 0x0924, 0x0924, 0x0924, 0x0924, 0x0924, 0x0924, 0x0924, 
    0x0924, 0x0924, 0x0924, 0x0924, 0x0924, 0x0924, 0x0924, 0x0924, 0x0924, 0x0924, 0x0924, 0x0924, 
    0x0924, 0x0924, 0x0924, 0x0924, 0x0924, 0x0924, 0x0924, 0x0924, 0x0924, 0x0924, 0x0924, 0x0924, 
    0x0924, 0x0924, 0x0924, 0x0924, 0x0924, 0x0924, 0x0924, 0x0924, 0x0924, 0x0924, 0x0924, 0x0924, 
    0x0924, 0x0924, 0x0924, 0x0924, 0x0924, 0x0924, 0x0924, 0x0924, 0x0924, 0x0924, 0x0924, 0x0924, 
    0x0924, 0x0924, 0x0924, 0x0924, 0x0924, 0x0924, 0x0924, 0x0924, 0x0924, 0x0924, 0x0924, 0x0924, 
    0x0924, 0x0924, 0x0924, 0x0924, 0x0924, 0x0924, 0x0924, 0x0924, 0x0924, 0x0924, 0x0924, 0x0924, 
    0x0924, 0x0924, 0x0924, 0x0924, 0x0924, 0x0924, 0x0924, 0x0924, 0x0924, 0x0924, 0x0924, 0x0924, 
    0x0924, 0x0924, 0x0924, 0x0924, 0x0924, 0x0924, 0x0924, 0x0924, 0x0924, 0x0924, 0x0924, 0x0924, 
    0x0924, 0x0924, 0x0924, 0x0924, 0x0924, 0x0924, 0x0924, 0x0924, 0x0924, 0x0924, 0x0924, 0x0924, 
    0x0924, 0x0924, 0x0924, 0x0924, 0x0924, 0x0924, 0x0924, 0x0924, 0x0924, 0x0924, 0x0924, 0x0924, 
    0x0924, 0x0924, 0x0924, 0x0924, 0x0924, 0x0924, 0x0924, 0x0924, 0x0924, 0x0924, 0x0924, 0x0924, 
    0x0924, 0x0924, 0x0924, 0x0924, 0x0924, 0x0924, 0x0924, 0x0924, 0x0924, 0x0924, 0x0924, 0x0924, 
    0x0924, 0x0924, 0x0924, 0x0924, 0x0924, 0x0924, 0x0924, 0x0924, 0x0924, 0x0924, 0x0924, 0x0924, 
    0x0924, 0x0924, 0x0924, 0x0924, 0x0924, 0x0924, 0x0924, 0x0924, 0x0924, 0x0924, 0x0924, 0x0924, 
    0x0924, 0x0924, 0x0924, 0x0924, 0x0924, 0x0924, 0x0924, 0x0924, 0x0924, 0x0924, 0x0924, 0x0924, 
    0x0924, 0x0924, 0x0924, 0x0924, 0x0924, 0x0924, 0x0924, 0x0924, 0x0924, 0x0924, 0x0924, 0x0924, 
    0x0924, 0x0924, 0x0924, 0x0924, 0x0924, 0x0924, 0x0924, 0x0924, 0x0924, 0x0924, 0x0924, 0x0924, 
    0x0924, 0x0924, 0x0924, 0x0924, 0x0924, 0x0924, 0x0924, 0x0924, 0x0924, 0x0924, 0x0924, 0x0924, 
    0x0924, 0x0924, 0x0924, 0x0924, 0x0924, 0x0924, 0x0924, 0x0924, 0x0924, 0x0924, 0x0924, 0x0924, 
    0x0924, 0x0924, 0x0924, 0x0924, 0x0924, 0x0924, 0x0924, 0x0924, 0x0924, 0x0924, 0x0924, 0x0924, 
    0x0924, 0x0924, 0x0924, 0x0924, 0x0924, 0x0924, 0x0924, 0x0924, 0x0924, 0x0924, 0x0924, 0x0924, 
    0x0924, 0x0924, 0x0924, 0x0924, 0x0924, 0x0924, 0x0924, 0x0924, 0x0924, 0x0924, 0x0924, 0x0924, 
    0x0924, 0x0924, 0x0924, 0x0924, 0x0924, 0x0924, 0x0924, 0x0924, 0x0924, 0x0924, 0x0924, 0x0924, 
    0x0924, 0x0924, 0x0924, 0x0924, 0x0924, 0x0924, 0x0924, 0x0924, 0x0924, 0x0924, 0x0924, 0x0924, 
    0x0924, 0x0924, 0x0924, 0x0924, 0x0924, 0x0924, 0x0924, 0x0924, 0x0924, 0x0924, 0x0924, 0x0924, 
    0x0924, 0x0924, 0x0924, 0x0924, 0x0924, 0x0924, 0x0924, 0x0924, 0x0924, 0x0924, 0x0924, 0x0924, 
    0x0924, 0x0924, 0x0924, 0x0924, 0x0924, 0x0924, 0x0924, 0x0924, 0x0924, 0x0924, 0x0924, 0x0924, 
    0x0924, 0x0924, 0x0924, 0x0924, 0x0924, 0x0924, 0x0924, 0x0924, 0x0924, 0x0924, 0x0924, 0x0924, 
    0x0924, 0x0924, 0x0924, 0x0924, 0x0924, 0x0924, 0x0924, 0x0924, 0x0924, 0x0924, 0x0924, 0x0924, 
    0x0924, 0x0924, 0x0924, 0x0924, 0x0924, 0x0924, 0x0924, 0x0924, 0x0924, 0x0924, 0x0924, 0x0924, 
    0x0924, 0x0924, 0x0924, 0x0924, 0x0924, 0x0924, 0x0924, 0x0924, 0x0924, 0x0924, 0x0924, 0x0924, 
    0x0924, 0x0924, 0x0924, 0x0924, 0x0924, 0x0924, 0x0924, 0x0924, 0x0924, 0x0924, 0x0924, 0x0924, 
    0x0924, 0x0924, 0x0924, 0x0924, 0x0924, 0x0924, 0x0924, 0x0924, 0x0924, 0x0924, 0x0924, 0x0924, 
    0x0924, 0x0924, 0x0924, 0x0924, 0x0924, 0x0924, 0x0924, 0x0924, 0x0924, 0x0924, 0x0924, 0x0924, 
    0x0924, 0x0924, 0x0924, 0x0924, 0x0924, 0x0924, 0x0924, 0x0924, 0x0924, 0x0924, 0x0924, 0x0924, 
    0x0924, 0x0924, 0x0924, 0x0924, 0x0924, 0x0924, 0x0924, 0x0924, 0x0924, 0x0924, 0x0924, 0x0924, 
    0x0924, 0x0924, 0x0924, 0x0924, 0x0924, 0x0924, 0x0924, 0x0924, 0x0924, 0x0924, 0x0924, 0x0924, 
    0x0924, 0x0924, 0x0924, 0x0924, 0x0924, 0x0924, 0x0924, 0x0924, 0x0924, 0x0924, 0x0924, 0x0924, 
    0x0924, 0x0924, 0x0924, 0x0924, 0x0924, 0x0924, 0x0924, 0x0924, 0x0924, 0x0924, 0x0924, 0x0924, 
    0x0924, 0x0924, 0x0924, 0x0924, 0x0924, 0x0924, 0x0924, 0x0924, 0x0924, 0x0924, 0x0924, 0x0924, 
    0x0924, 0x0924, 0x0924, 0x0924, 0x0924, 0x0924, 0x0924, 0x0924, 0x0924, 0x0924, 0x0924, 0x0924, 
    0x0924, 0x0924, 0x0924, 0x0924, 0x0924, 0x0924, 0x0924, 0x0924, 0x0924, 0x0924, 0x0924, 0x0924, 
    0x0924, 0x0924, 0x0924, 0x0924, 0x0924, 0x0924, 0x0924, 0x0924, 0x0924, 0x0924, 0x0924, 0x0924, 
    0x0924, 0x0924, 0x0924, 0x0924, 0x0924, 0x0924, 0x0924, 0x0924, 0x0924, 0x0924, 0x0924, 0x0924, 
    0x0924, 0x0924, 0x0924, 0x0924, 0x0924, 0x0924, 0x0924, 0x0924, 0x0924, 0x0924, 0x0924, 0x0924, 
    0x0924, 0x0924, 0x0924, 0x0924, 0x0924, 0x0924, 0x0924, 0x0924, 0x0924, 0x0924, 0x0924, 0x0924, 
    0x0924, 0x0924, 0x0924, 0x0924, 0x0924, 0x0924, 0x0924, 0x0924, 0x0924, 0x0924, 0x0924, 0x0924, 
    0x0924, 0x0924, 0x0924, 0x0924, 0x0924, 0x0924, 0x0924, 0x0924, 0x0924, 0x0924, 0x0924, 0x0924, 
    0x0924, 0x0924, 0x0924, 0x0924, 0x0924, 0x0924, 0x0924, 0x0924, 0x0924, 0x0924, 0x0924, 0x0924, 
    0x0924, 0x0924, 0x0924, 0x0924, 0x0924, 0x0924, 0x0924, 0x0924, 0x0924, 0x0924, 0x0924, 0x0924, 
    0x0924, 0x0924, 0x0924, 0x0924, 0x0924, 0x0924, 0x0924, 0x0924, 0x0924, 0x0924, 0x0924, 0x0924, 
    0x0924, 0x0924, 0x0924, 0x0924, 0x0924, 0x0924, 0x0924, 0x0924, 0x0924, 0x0924, 0x0924, 0x0924, 
    0x0924, 0x0924, 0x0924, 0x0924, 0x0924, 0x0924, 0x0924, 0x0924, 0x0924, 0x0924, 0x0924, 0x0924, 
    0x0924, 0x0924, 0x0924, 0x0924, 0x0924, 0x0924, 0x0924, 0x0924, 0x0924, 0x0924, 0x0924, 0x0924, 
    0x0924, 0x0924, 0x0924, 0x0924, 0x0924, 0x0924, 0x0924, 0x0924, 0x0924, 0x0924, 0x0924, 0x0924, 
    0x0924, 0x0924, 0x0924, 0x0924, 0x0924, 0x0924, 0x0924, 0x0924, 0x0924, 0x0924, 0x0924, 0x0924, 
    0x0924, 0x0924, 0x0924, 0x0924, 0x0924, 0x0924, 0x0924, 0x0924, 0x0924, 0x0924, 0x0924, 0x0924, 
    0x0924, 0x0924, 0x0924, 0x0924, 0x0924, 0x0924, 0x0924, 0x0924, 0x0924, 0x0924, 0x0924, 0x0924, 
    0x0924, 0x0924, 0x0924, 0x0924, 0x0924, 0x0924, 0x0924, 0x0924, 0x0924, 0x0924, 0x0924, 0x0924, 
    0x0924, 0x0924, 0x0924, 0x0924, 0x0924, 0x0924, 0x0924, 0x0924, 0x0924, 0x0924, 0x0924, 0x0924, 
    0x0924, 0x0924, 0x0924, 0x0924, 0x0924, 0x0924, 0x0924, 0x0924, 0x0924, 0x0924, 0x0924, 0x0924, 
    0x0924, 0x0924, 0x0924, 0x0924, 0x0924, 0x0924, 0x0924, 0x0924, 0x0924, 0x0924, 0x0924, 0x0924, 
    0x0924, 0x0924, 0x0924, 0x0924, 0x0924, 0x0924, 0x0924, 0x0924, 0x0924, 0x0924, 0x0924, 0x0924, 
    0x0924, 0x0924, 0x0924, 0x0924, 0x0924, 0x0924, 0x0924, 0x0924, 0x0924, 0x0924, 0x0924, 0x0924, 
    0x0924, 0x0924, 0x0924, 0x0924, 0x0924, 0x0924, 0x0924, 0x0924, 0x0924, 0x0924, 0x0924, 0x0924, 
    0x0924, 0x0924, 0x0924, 0x0924, 0x0924, 0x0924, 0x0924, 0x0924, 0x0924, 0x0924, 0x0924, 0x0924, 
    0x0924, 0x0924, 0x0924, 0x0924, 0x0924, 0x0924, 0x0924, 0x0924, 0x0924, 0x0924, 0x0924, 0x0924, 
    0x0924, 0x0924, 0x0924, 0x0924, 0x0924, 0x0924, 0x0924, 0x0924, 0x0924, 0x0924, 0x0924, 0x0924, 
    0x0924, 0x0924, 0x0924, 0x0924, 0x0924, 0x0924, 0x0924, 0x0924, 0x0924, 0x0924, 0x0924, 0x0924, 
    0x0924, 0x0924, 0x0924, 0x0924, 0x0924, 0x0924, 0x0924, 0x0924, 0x0924, 0x0924, 0x0924, 0x0924, 
    0x0924, 0x0924, 0x0924, 0x0924, 0x0924, 0x0924, 0x0924, 0x0924, 0x0924, 0x0924, 0x0924, 0x0924, 
    0x0924, 0x0924, 0x0924, 0x0924, 0x0924, 0x0924, 0x0924, 0x0924, 0x0924, 0x0924, 0x0924, 0x0924, 
    0x0924, 0x0924, 0x0924, 0x0924, 0x0924, 0x0924, 0x0924, 0x0924, 0x0924, 0x0924, 0x0924, 0x0924, 
    0x0924, 0x0924, 0x0924, 0x0924, 0x0924, 0x0924, 0x0924, 0x0924, 0x0924, 0x0924, 0x0924, 0x0924, 
    0x0924, 0x0924, 0x0924, 0x0924, 0x0924, 0x0924, 0x0924, 0x0924, 0x0924, 0x0924, 0x0924, 0x0924, 
    0x0924, 0x0924, 0x0924, 0x0924, 0x0924, 0x0924, 0x0924, 0x0924, 0x0924, 0x0924, 0x0924, 0x0924, 
    0x0924, 0x0924, 0x0924, 0x0924, 0x0924, 0x0924, 0x0924, 0x0924, 0x0924, 0x0924, 0x0924, 0x0924, 
    0x0924, 0x0924, 0x0924, 0x0924, 0x0924, 0x0924, 0x0924, 0x0924, 0x0924, 0x0924, 0x0924, 0x0924, 
    0x0924, 0x0924, 0x0924, 0x0924, 0x0924, 0x0924, 0x0924, 0x0924, 0x0924, 0x0924, 0x0924, 0x0924, 
    0x0924, 0x0924, 0x0924, 0x0924, 0x0924, 0x0924, 0x0924, 0x0924, 0x0924, 0x0924, 0x0924, 0x0924, 
    0x0924, 0x0924, 0x0924, 0x0924, 0x0924, 0x0924, 0x0924, 0x0924, 0x0924, 0x0924, 0x0924, 0x0924, 
    0x0924, 0x0924, 0x0924, 0x0924, 0x0924, 0x0924, 0x0924, 0x0924, 0x0924, 0x0924, 0x0924, 0x0924, 
    0x0924, 0x0924, 0x0924, 0x0924, 0x0924, 0x0924, 0x0924, 0x0924, 0x0924, 0x0924, 0x0924, 0x0924, 
    0x0924, 0x0924, 0x0924, 0x0924, 0x0924, 0x0924, 0x0924, 0x0924, 0x0924, 0x0924, 0x0924, 0x0924, 
    0x0924, 0x0924, 0x0924, 0x0924, 0x0924, 0x0924, 0x0924, 0x0924, 0x0924, 0x0924, 0x0924, 0x0924, 
    0x0924, 0x0924, 0x0924, 0x0924, 0x0924, 0x0924, 0x0924, 0x0924, 0x0924, 0x0924, 0x0924, 0x0924, 
    0x0924, 0x0924, 0x0924, 0x0924, 0x0924, 0x0924, 0x0924, 0x0924, 0x0924, 0x0924, 0x0924, 0x0924, 
    0x0924, 0x0924, 0x0924, 0x0924, 0x0924, 0x0924, 0x0924, 0x0924, 0x0924, 0x0924, 0x0924, 0x0924, 
    0x0924, 0x0924, 0x0924, 0x0924, 0x0924, 0x0924, 0x0924, 0x0924, 0x0924, 0x0924, 0x0924, 0x0924, 
    0x0924, 0x0924, 0x0924, 0x0924, 0x0924, 0x0924, 0x0924, 0x0924, 0x0924, 0x0924, 0x0924, 0x0924, 
    0x0924, 0x0924, 0x0924, 0x0924, 0x0924, 0x0924, 0x0924, 0x0924, 0x0924, 0x0924, 0x0924, 0x0924, 
    0x0924, 0x0924, 0x0924, 0x0924, 0x0924, 0x0924, 0x0924, 0x0924, 0x0924, 0x0924, 0x0924, 0x0924, 
    0x0924, 0x0924, 0x0924, 0x0924, 0x0924, 0x0924, 0x0924, 0x0924, 0x0924, 0x0924, 0x0924, 0x0924, 
    0x0924, 0x0924, 0x0924, 0x0924, 0x0924, 0x0924, 0x0924, 0x0924, 0x0924, 0x0924, 0x0924, 0x0924, 
    0x0924, 0x0924, 0x0924, 0x0924, 0x0924, 0x0924, 0x0924, 0x0924, 0x0924, 0x0924, 0x0924, 0x0924, 
    0x0924, 0x0924, 0x0924, 0x0924, 0x0924, 0x0924, 0x0924, 0x0924, 0x0924, 0x0924, 0x0924, 0x0924, 
    
  },
  {
    0x0924, 0x0924, 0x0924, 0x0924, 0x0924, 0x0924, 0x0924, 0x0924, 0x0924, 0x0924, 0x0924, 0x0924, 
    0x0924, 0x0924, 0x0924, 0x0924, 0x0924, 0x0924, 0x0924, 0x0924, 0x0924, 0x0924, 0x0924, 0x0924, 
    0x0924, 0x0924, 0x0924, 0x0924, 0x0924, 0x0924, 0x0924, 0x0924, 0x0924, 0x0924, 0x0924, 0x0924, 
    0x0924, 0x0924, 0x0924, 0x0924, 0x0924, 0x0924, 0x0924, 0x0924, 0x0924, 0x0924, 0x0924, 0x0924, 
    0x0924, 0x0924, 0x0924, 0x0924, 0x0924, 0x0924, 0x0924, 0x0924, 0x0924, 0x0924, 0x0924, 0x0924, 
    0x0924, 0x0924, 0x0924, 0x0924, 0x0924, 0x0924, 0x0924, 0x0924, 0x0924, 0x0924, 0x0924, 0x0924, 
    0x0924, 0x0924, 0x0924, 0x0924, 0x0924, 0x0924, 0x0924, 0x0924, 0x0924, 0x0924, 0x0924, 0x0924, 
    0x0924, 0x0924, 0x0924, 0x0924, 0x0924, 0x0924, 0x0924, 0x0924, 0x0924, 0x0924, 0x0924, 0x0924, 
    0x0924, 0x0924, 0x0924, 0x0924, 0x0924, 0x0924, 0x0924, 0x0924, 0x0924, 0x0924, 0x0924, 0x0924, 
    0x0924, 0x0924, 0x0924, 0x0924, 0x0924, 0x0924, 0x0924, 0x0924, 0x0924, 0x0924, 0x0924, 0x0924, 
    0x0924, 0x0924, 0x0924, 0x0924, 0x0924, 0x0924, 0x0924, 0x0924, 0x0924, 0x0924, 0x0924, 0x0924, 
    0x0924, 0x0924, 0x0924, 0x0924, 0x0924, 0x0924, 0x0924, 0x0924, 0x0924, 0x0924, 0x0924, 0x0924, 
    0x0924, 0x0924, 0x0924, 0x0924, 0x0924, 0x0924, 0x0924, 0x0924, 0x0924, 0x0924, 0x0924, 0x0924, 
    0x0924, 0x0924, 0x0924, 0x0924, 0x0924, 0x0924, 0x0924, 0x0924, 0x0924, 0x0924, 0x0924, 0x0924, 
    0x0924, 0x0924, 0x0924, 0x0924, 0x0924, 0x0924, 0x0924, 0x0924, 0x0924, 0x0924, 0x0924, 0x0924, 
    0x0924, 0x0924, 0x0924, 0x0924, 0x0924, 0x0924, 0x0924, 0x0924, 0x0924, 0x0924, 0x0924, 0x0924, 
    0x0924, 0x0924, 0x0924, 0x0924, 0x0924, 0x0924, 0x0924, 0x0924, 0x0924, 0x0924, 0x0924, 0x0924, 
    0x0924, 0x0924, 0x0924, 0x0924, 0x0924, 0x0924, 0x0924, 0x0924, 0x0924, 0x0924, 0x0924, 0x0924, 
    0x0924, 0x0924, 0x0924, 0x0924, 0x0924, 0x0924, 0x0924, 0x0924, 0x0924, 0x0924, 0x0924, 0x0924, 
    0x0924, 0x0924, 0x0924, 0x0924, 0x0924, 0x0924, 0x0924, 0x0924, 0x0924, 0x0924, 0x0924, 0x0924, 
    0x0924, 0x0924, 0x0924, 0x0924, 0x0924, 0x0924, 0x0924, 0x0924, 0x0924, 0x0924, 0x0924, 0x0924, 
    0x0924, 0x0924, 0x0924, 0x0924, 0x0924, 0x0924, 0x0924, 0x0924, 0x0924, 0x0924, 0x0924, 0x0924, 
    0x0924, 0x0924, 0x0924, 0x0924, 0x0924, 0x0924, 0x0924, 0x0924, 0x0924, 0x0924, 0x0924, 0x0924, 
    0x0924, 0x0924, 0x0924, 0x0924, 0x0924, 0x0924, 0x0924, 0x0924, 0x0924, 0x0924, 0x0924, 0x0924, 
    0x0924, 0x0924, 0x0924, 0x0924, 0x0924, 0x0924, 0x0924, 0x0924, 0x0924, 0x0924, 0x0924, 0x0924, 
    0x0924, 0x0924, 0x0924, 0x0924, 0x0924, 0x0924, 0x0924, 0x0924, 0x0924, 0x0924, 0x0924, 0x0924, 
    0x0924, 0x0924, 0x0924, 0x0924, 0x0924, 0x0924, 0x0924, 0x0924, 0x0924, 0x0924, 0x0924, 0x0924, 
    0x0924, 0x0924, 0x0924, 0x0924, 0x0924, 0x0924, 0x0924, 0x0924, 0x0924, 0x0924, 0x0924, 0x0924, 
    0x0924, 0x0924, 0x0924, 0x0924, 0x0924, 0x0924, 0x0924, 0x0924, 0x0924, 0x0924, 0x0924, 0x0924, 
    0x0924, 0x0924, 0x0924, 0x0924, 0x0924, 0x0924, 0x0924, 0x0924, 0x0924, 0x0924, 0x0924, 0x0924, 
    0x0924, 0x0924, 0x0924, 0x0924, 0x0924, 0x0924, 0x0924, 0x0924, 0x0924, 0x0924, 0x0924, 0x0924, 
    0x0924, 0x0924, 0x0924, 0x0924, 0x0924, 0x0924, 0x0924, 0x0924, 0x0924, 0x0924, 0x0924, 0x0924, 
    0x0924, 0x0924, 0x0924, 0x0924, 0x0924, 0x0924, 0x0924, 0x0924, 0x0924, 0x0924, 0x0924, 0x0924, 
    0x0924, 0x0924, 0x0924, 0x0924, 0x0924, 0x0924, 0x0924, 0x0924, 0x0924, 0x0924, 0x0924, 0x0924, 
    0x0924, 0x0924, 0x0924, 0x0924, 0x0924, 0x0924, 0x0924, 0x0924, 0x0924, 0x0924, 0x0924, 0x0924, 
    0x0924, 0x0924, 0x0924, 0x0924, 0x0924, 0x0924, 0x0924, 0x0924, 0x0924, 0x0924, 0x0924, 0x0924, 
    0x0924, 0x0924, 0x0924, 0x0924, 0x0924, 0x0924, 0x0924, 0x0924, 0x0924, 0x0924, 0x0924, 0x0924, 
    0x0924, 0x0924, 0x0924, 0x0924, 0x0924, 0x0924, 0x0924, 0x0924, 0x0924, 0x0924, 0x0924, 0x0924, 
    0x0924, 0x0924, 0x0924, 0x0924, 0x0924, 0x0924, 0x0924, 0x0924, 0x0924, 0x0924, 0x0924, 0x0924, 
    0x0924, 0x0924, 0x0924, 0x0924, 0x0924, 0x0924, 0x0924, 0x0924, 0x0924, 0x0924, 0x0924, 0x0924, 
    0x0924, 0x0924, 0x0924, 0x0924, 0x0924, 0x0924, 0x0924, 0x0924, 0x0924, 0x0924, 0x0924, 0x0924, 
    0x0924, 0x0924, 0x0924, 0x0924, 0x0924, 0x0924, 0x0924, 0x0924, 0x0924, 0x0924, 0x0924, 0x0924, 
    0x0924, 0x0924, 0x0924, 0x0924, 0x0924, 0x0924, 0x0924, 0x0924, 0x0924, 0x0924, 0x0924, 0x0924, 
    0x0924, 0x0924, 0x0924, 0x0924, 0x0924, 0x0924, 0x0924, 0x0924, 0x0924, 0x0924, 0x0924, 0x0924, 
    0x0924, 0x0924, 0x0924, 0x0924, 0x0924, 0x0924, 0x0924, 0x0924, 0x0924, 0x0924, 0x0924, 0x0924, 
    0x0924, 0x0924, 0x0924, 0x0924, 0x0924, 0x0924, 0x0924, 0x0924, 0x0924, 0x0924, 0x0924, 0x0924, 
    0x0924, 0x0924, 0x0924, 0x0924, 0x0924, 0x0924, 0x0924, 0x0924, 0x0924, 0x0924, 0x0924, 0x0924, 
    0x0924, 0x0924, 0x0924, 0x0924, 0x0924, 0x0924, 0x0924, 0x0924, 0x0924, 0x0924, 0x0924, 0x0924, 
    0x0924, 0x0924, 0x0924, 0x0924, 0x0924, 0x0924, 0x0924, 0x0924, 0x0924, 0x0924, 0x0924, 0x0924, 
    0x0924, 0x0924, 0x0924, 0x0924, 0x0924, 0x0924, 0x0924, 0x0924, 0x0924, 0x0924, 0x0924, 0x0924, 
    0x0924, 0x0924, 0x0924, 0x0924, 0x0924, 0x0924, 0x0924, 0x0924, 0x0924, 0x0924, 0x0924, 0x0924, 
    0x0924, 0x0924, 0x0924, 0x0924, 0x0924, 0x0924, 0x0924, 0x0924, 0x0924, 0x0924, 0x0924, 0x0924, 
    0x0924, 0x0924, 0x0924, 0x0924, 0x0924, 0x0924, 0x0924, 0x0924, 0x0924, 0x0924, 0x0924, 0x0924, 
    0x0924, 0x0924, 0x0924, 0x0924, 0x0924, 0x0924, 0x0924, 0x0924, 0x0924, 0x0924, 0x0924, 0x0924, 
    0x0924, 0x0924, 0x0924, 0x0924, 0x0924, 0x0924, 0x0924, 0x0924, 0x0924, 0x0924, 0x0924, 0x0924, 
    0x0924, 0x0924, 0x0924, 0x0924, 0x0924, 0x0924, 0x0924, 0x0924, 0x0924, 0x0924, 0x0924, 0x0924, 
    0x0924, 0x0924, 0x0924, 0x0924, 0x0924, 0x0924, 0x0924, 0x0924, 0x0924, 0x0924, 0x0924, 0x0924, 
    0x0924, 0x0924, 0x0924, 0x0924, 0x0924, 0x0924, 0x0924, 0x0924, 0x0924, 0x0924, 0x0924, 0x0924, 
    0x0924, 0x0924, 0x0924, 0x0924, 0x0924, 0x0924, 0x0924, 0x0924, 0x0924, 0x0924, 0x0924, 0x0924, 
    0x0924, 0x0924, 0x0924, 0x0924, 0x0924, 0x0924, 0x0924, 0x0924, 0x0924, 0x0924, 0x0924, 0x0924, 
    0x0924, 0x0924, 0x0924, 0x0924, 0x0924, 0x0924, 0x0924, 0x0924, 0x0924, 0x0924, 0x0924, 0x0924, 
    0x0924, 0x0924, 0x0924, 0x0924, 0x0924, 0x0924, 0x0924, 0x0924, 0x0924, 0x0924, 0x0924, 0x0924, 
    0x0924, 0x0924, 0x0924, 0x0924, 0x0924, 0x0924, 0x0924, 0x0924, 0x0924, 0x0924, 0x0924, 0x0924, 
    0x0924, 0x0924, 0x0924, 0x0924, 0x0924, 0x0924, 0x0924, 0x0924, 0x0924, 0x0924, 0x0924, 0x0924, 
    0x0924, 0x0924, 0x0924, 0x0924, 0x0924, 0x0924, 0x0924, 0x0924, 0x0924, 0x0924, 0x0924, 0x0924, 
    0x0924, 0x0924, 0x0924, 0x0924, 0x0924, 0x0924, 0x0924, 0x0924, 0x0924, 0x0924, 0x0924, 0x0924, 
    0x0924, 0x0924, 0x0924, 0x0924, 0x0924, 0x0924, 0x0924, 0x0924, 0x0924, 0x0924, 0x0924, 0x0924, 
    0x0924, 0x0924, 0x0924, 0x0924, 0x0924, 0x0924, 0x0924, 0x0924, 0x0924, 0x0924, 0x0924, 0x0924, 
    0x0924, 0x0924, 0x0924, 0x0924, 0x0924, 0x0924, 0x0924, 0x0924, 0x0924, 0x0924, 0x0924, 0x0924, 
    0x0924, 0x0924, 0x0924, 0x0924, 0x0924, 0x0924, 0x0924, 0x0924, 0x0924, 0x0924, 0x0924, 0x0924, 
    0x0924, 0x0924, 0x0924, 0x0924, 0x0924, 0x0924, 0x0924, 0x0924, 0x0924, 0x0924, 0x0924, 0x0924, 
    0x0924, 0x0924, 0x0924, 0x0924, 0x0924, 0x0924, 0x0924, 0x0924, 0x0924, 0x0924, 0x0924, 0x0924, 
    0x0924, 0x0924, 0x0924, 0x0924, 0x0924, 0x0924, 0x0924, 0x0924, 0x0924, 0x0924, 0x0924, 0x0924, 
    0x0924, 0x0924, 0x0924, 0x0924, 0x0924, 0x0924, 0x0924, 0x0924, 0x0924, 0x0924, 0x0924, 0x0924, 
    0x0924, 0x0924, 0x0924, 0x0924, 0x0924, 0x0924, 0x0924, 0x0924, 0x0924, 0x0924, 0x0924, 0x0924, 
    0x0924, 0x0924, 0x0924, 0x0924, 0x0924, 0x0924, 0x0924, 0x0924, 0x0924, 0x0924, 0x0924, 0x0924, 
    0x0924, 0x0924, 0x0924, 0x0924, 0x0924, 0x0924, 0x0924, 0x0924, 0x0924, 0x0924, 0x0924, 0x0924, 
    0x0924, 0x0924, 0x0924, 0x0924, 0x0924, 0x0924, 0x0924, 0x0924, 0x0924, 0x0924, 0x0924, 0x0924, 
    0x0924, 0x0924, 0x0924, 0x0924, 0x0924, 0x0924, 0x0924, 0x0924, 0x0924, 0x0924, 0x0924, 0x0924, 
    0x0924, 0x0924, 0x0924, 0x0924, 0x0924, 0x0924, 0x0924, 0x0924, 0x0924, 0x0924, 0x0924, 0x0924, 
    0x0924, 0x0924, 0x0924, 0x0924, 0x0924, 0x0924, 0x0924, 0x0924, 0x0924, 0x0924, 0x0924, 0x0924, 
    0x0924, 0x0924, 0x0924, 0x0924, 0x0924, 0x0924, 0x0924, 0x0924, 0x0924, 0x0924, 0x0924, 0x0924, 
    0x0924, 0x0924, 0x0924, 0x0924, 0x0924, 0x0924, 0x0924, 0x0924, 0x0924, 0x0924, 0x0924, 0x0924, 
    0x0924, 0x0924, 0x0924, 0x0924, 0x0924, 0x0924, 0x0924, 0x0924, 0x0924, 0x0924, 0x0924, 0x0924, 
    0x0924, 0x0924, 0x0924, 0x0924, 0x0924, 0x0924, 0x0924, 0x0924, 0x0924, 0x0924, 0x0924, 0x0924, 
    0x0924, 0x0924, 0x0924, 0x0924, 0x0924, 0x0924, 0x0924, 0x0924, 0x0924, 0x0924, 0x0924, 0x0924, 
    0x0924, 0x0924, 0x0924, 0x0924, 0x0924, 0x0924, 0x0924, 0x0924, 0x0924, 0x0924, 0x0924, 0x0924, 
    0x0924, 0x0924, 0x0924, 0x0924, 0x0924, 0x0924, 0x0924, 0x0924, 0x0924, 0x0924, 0x0924, 0x0924, 
    0x0924, 0x0924, 0x0924, 0x0924, 0x0924, 0x0924, 0x0924, 0x0924, 0x0924, 0x0924, 0x0924, 0x0924, 
    0x0924, 0x0924, 0x0924, 0x0924, 0x0924, 0x0924, 0x0924, 0x0924, 0x0924, 0x0924, 0x0924, 0x0924, 
    0x0924, 0x0924, 0x0924, 0x0924, 0x0924, 0x0924, 0x0924, 0x0924, 0x0924, 0x0924, 0x0924, 0x0924, 
    0x0924, 0x0924, 0x0924, 0x0924, 0x0924, 0x0924, 0x0924, 0x0924, 0x0924, 0x0924, 0x0924, 0x0924, 
    0x0924, 0x0924, 0x0924, 0x0924, 0x0924, 0x0924, 0x0924, 0x0924, 0x0924, 0x0924, 0x0924, 0x0924, 
    0x0924, 0x0924, 0x0924, 0x0924, 0x0924, 0x0924, 0x0924, 0x0924, 0x0924, 0x0924, 0x0924, 0x0924, 
    0x0924, 0x0924, 0x0924, 0x0924, 0x0924, 0x0924, 0x0924, 0x0924, 0x0924, 0x0924, 0x0924, 0x0924, 
    0x0924, 0x0924, 0x0924, 0x0924, 0x0924, 0x0924, 0x0924, 0x0924, 0x0924, 0x0924, 0x0924, 0x0924, 
    0x0924, 0x0924, 0x0924, 0x0924, 0x0924, 0x0924, 0x0924, 0x0924, 0x0924, 0x0924, 0x0924, 0x0924, 
    0x0924, 0x0924, 0x0924, 0x0924, 0x0924, 0x0924, 0x0924, 0x0924, 0x0924, 0x0924, 0x0924, 0x0924, 
    0x0924, 0x0924, 0x0924, 0x0924, 0x0924, 0x0924, 0x0924, 0x0924, 0x0924, 0x0924, 0x0924, 0x0924, 
    0x0924, 0x0924, 0x0924, 0x0924, 0x0924, 0x0924, 0x0924, 0x0924, 0x0924, 0x0924, 0x0924, 0x0924, 
    0x0924, 0x0924, 0x0924, 0x0924, 0x0924, 0x0924, 0x0924, 0x0924, 0x0924, 0x0924, 0x0924, 0x0924, 
    0x0924, 0x0924, 0x0924, 0x0924, 0x0924, 0x0924, 0x0924, 0x0924, 0x0924, 0x0924, 0x0924, 0x0924, 
    0x0924, 0x0924, 0x0924, 0x0924, 0x0924, 0x0924, 0x0924, 0x0924, 0x0924, 0x0924, 0x0924, 0x0924, 
    0x0924, 0x0924, 0x0924, 0x0924, 0x0924, 0x0924, 0x0924, 0x0924, 0x0924, 0x0924, 0x0924, 0x0924, 
    0x0924, 0x0924, 0x0924, 0x0924, 0x0924, 0x0924, 0x0924, 0x0924, 0x0924, 0x0924, 0x0924, 0x0924, 
    0x0924, 0x0924, 0x0924, 0x0924, 0x0924, 0x0924, 0x0924, 0x0924, 0x0924, 0x0924, 0x0924, 0x0924, 
    0x0924, 0x0924, 0x0924, 0x0924, 0x0924, 0x0924, 0x0924, 0x0924, 0x0924, 0x0924, 0x0924, 0x0924, 
    0x0924, 0x0924, 0x0924, 0x0924, 0x0924, 0x0924, 0x0924, 0x0924, 0x0924, 0x0924, 0x0924, 0x0924, 
    0x0924, 0x0924, 0x0924, 0x0924, 0x0924, 0x0924, 0x0924, 0x0924, 0x0924, 0x0924, 0x0924, 0x0924, 
    0x0924, 0x0924, 0x0924, 0x0924, 0x0924, 0x0924, 0x0924, 0x0924, 0x0924, 0x0924, 0x0924, 0x0924, 
    0x0924, 0x0924, 0x0924, 0x0924, 0x0924, 0x0924, 0x0924, 0x0924, 0x0924, 0x0924, 0x0924, 0x0924, 
    0x0924, 0x0924, 0x0924, 0x0924, 0x0924, 0x0924, 0x0924, 0x0924, 0x0924, 0x0924, 0x0924, 0x0924, 
    0x0924, 0x0924, 0x0924, 0x0924, 0x0924, 0x0924, 0x0924, 0x0924, 0x0924, 0x0924, 0x0924, 0x0924, 
    0x0924, 0x0924, 0x0924, 0x0924, 0x0924, 0x0924, 0x0924, 0x0924, 0x0924, 0x0924, 0x0924, 0x0924, 
    0x0924, 0x0924, 0x0924, 0x0924, 0x0924, 0x0924, 0x0924, 0x0924, 0x0924, 0x0924, 0x0924, 0x0924, 
    0x0924, 0x0924, 0x0924, 0x0924, 0x0924, 0x0924, 0x0924, 0x0924, 0x0924, 0x0924, 0x0924, 0x0924, 
    0x0924, 0x0924, 0x0924, 0x0924, 0x0924, 0x0924, 0x0924, 0x0924, 0x0924, 0x0924, 0x0924, 0x0924, 
    0x0924, 0x0924, 0x0924, 0x0924, 0x0924, 0x0924, 0x0924, 0x0924, 0x0924, 0x0924, 0x0924, 0x0924, 
    0x0924, 0x0924, 0x0924, 0x0924, 0x0924, 0x0924, 0x0924, 0x0924, 0x0924, 0x0924, 0x0924, 0x0924, 
    0x0924, 0x0924, 0x0924, 0x0924, 0x0924, 0x0924, 0x0924, 0x0924, 0x0924, 0x0924, 0x0924, 0x0924, 
    0x0924, 0x0924, 0x0924, 0x0924, 0x0924, 0x0924, 0x0924, 0x0924, 0x0924, 0x0924, 0x0924, 0x0924, 
    0x0924, 0x0924, 0x0924, 0x0924, 0x0924, 0x0924, 0x0924, 0x0924, 0x0924, 0x0924, 0x0924, 0x0924, 
    0x0924, 0x0924, 0x0924, 0x0924, 0x0924, 0x0924, 0x0924, 0x0924, 0x0924, 0x0924, 0x0924, 0x0924, 
    0x0924, 0x0924, 0x0924, 0x0924, 0x0924, 0x0924, 0x0924, 0x0924, 0x0924, 0x0924, 0x0924, 0x0924, 
    0x0924, 0x0924, 0x0924, 0x0924, 0x0924, 0x0924, 0x0924, 0x0924, 0x0924, 0x0924, 0x0924, 0x0924, 
    0x0924, 0x0924, 0x0924, 0x0924, 0x0924, 0x0924, 0x0924, 0x0924, 0x0924, 0x0924, 0x0924, 0x0924, 
    0x0924, 0x0924, 0x0924, 0x0924, 0x0924, 0x0924, 0x0924, 0x0924, 0x0924, 0x0924, 0x0924, 0x0924, 
    0x0924, 0x0924, 0x0924, 0x0924, 0x0924, 0x0924, 0x0924, 0x0924, 0x0924, 0x0924, 0x0924, 0x0924, 
    0x0924, 0x0924, 0x0924, 0x0924, 0x0924, 0x0924, 0x0924, 0x0924, 0x0924, 0x0924, 0x0924, 0x0924, 
    0x0924, 0x0924, 0x0924, 0x0924, 0x0924, 0x0924, 0x0924, 0x0924, 0x0924, 0x0924, 0x0924, 0x0924, 
    0x0924, 0x0924, 0x0924, 0x0924, 0x0924, 0x0924, 0x0924, 0x0924, 0x0924, 0x0924, 0x0924, 0x0924, 
    0x0924, 0x0924, 0x0924, 0x0924, 0x0924, 0x0924, 0x0924, 0x0924, 0x0924, 0x0924, 0x0924, 0x0924, 
    0x0924, 0x0924, 0x0924, 0x0924, 0x0924, 0x0924, 0x0924, 0x0924, 0x0924, 0x0924, 0x0924, 0x0924, 
    0x0924, 0x0924, 0x0924, 0x0924, 0x0924, 0x0924, 0x0924, 0x0924, 0x0924, 0x0924, 0x0924, 0x0924, 
    0x0924, 0x0924, 0x0924, 0x0924, 0x0924, 0x0924, 0x0924, 0x0924, 0x0924, 0x0924, 0x0924, 0x0924, 
    0x0924, 0x0924, 0x0924, 0x0924, 0x0924, 0x0924, 0x0924, 0x0924, 0x0924, 0x0924, 0x0924, 0x0924, 
    0x0924, 0x0924, 0x0924, 0x0924, 0x0924, 0x0924, 0x0924, 0x0924, 0x0924, 0x0924, 0x0924, 0x0924, 
    0x0924, 0x0924, 0x0924, 0x0924, 0x0924, 0x0924, 0x0924, 0x0924, 0x0924, 0x0924, 0x0924, 0x0924, 
    0x0924, 0x0924, 0x0924, 0x0924, 0x0924, 0x0924, 0x0924, 0x0924, 0x0924, 0x0924, 0x0924, 0x0924, 
    0x0924, 0x0924, 0x0924, 0x0924, 0x0924, 0x0924, 0x0924, 0x0924, 0x0924, 0x0924, 0x0924, 0x0924, 
    0x0924, 0x0924, 0x0924, 0x0924, 0x0924, 0x0924, 0x0924, 0x0924, 0x0924, 0x0924, 0x0924, 0x0924, 
    0x0924, 0x0924, 0x0924, 0x0924, 0x0924, 0x0924, 0x0924, 0x0924, 0x0924, 0x0924, 0x0924, 0x0924, 
    0x0924, 0x0924, 0x0924, 0x0924, 0x0924, 0x0924, 0x0924, 0x0924, 0x0924, 0x0924, 0x0924, 0x0924, 
    0x0924, 0x0924, 0x0924, 0x0924, 0x0924, 0x0924, 0x0924, 0x0924, 0x0924, 0x0924, 0x0924, 0x0924, 
    0x0924, 0x0924, 0x0924, 0x0924, 0x0924, 0x0924, 0x0924, 0x0924, 0x0924, 0x0924, 0x0924, 0x0924, 
    0x0924, 0x0924, 0x0924, 0x0924, 0x0924, 0x0924, 0x0924, 0x0924, 0x0924, 0x0924, 0x0924, 0x0924, 
    0x0924, 0x0924, 0x0924, 0x0924, 0x0924, 0x0924, 0x0924, 0x0924, 0x0924, 0x0924, 0x0924, 0x0924, 
    0x0924, 0x0924, 0x0924, 0x0924, 0x0924, 0x0924, 0x0924, 0x0924, 0x0924, 0x0924, 0x0924, 0x0924, 
    0x0924, 0x0924, 0x0924, 0x0924, 0x0924, 0x0924, 0x0924, 0x0924, 0x0924, 0x0924, 0x0924, 0x0924, 
    0x0924, 0x0924, 0x0924, 0x0924, 0x0924, 0x0924, 0x0924, 0x0924, 0x0924, 0x0924, 0x0924, 0x0924, 
    0x0924, 0x0924, 0x0924, 0x0924, 0x0924, 0x0924, 0x0924, 0x0924, 0x0924, 0x0924, 0x0924, 0x0924, 
    0x0924, 0x0924, 0x0924, 0x0924, 0x0924, 0x0924, 0x0924, 0x0924, 0x0924, 0x0924, 0x0924, 0x0924, 
    0x0924, 0x0924, 0x0924, 0x0924, 0x0924, 0x0924, 0x0924, 0x0924, 0x0924, 0x0924, 0x0924, 0x0924, 
    0x0924, 0x0924, 0x0924, 0x0924, 0x0924, 0x0924, 0x0924, 0x0924, 0x0924, 0x0924, 0x0924, 0x0924, 
    0x0924, 0x0924, 0x0924, 0x0924, 0x0924, 0x0924, 0x0924, 0x0924, 0x0924, 0x0924, 0x0924, 0x0924, 
    0x0924, 0x0924, 0x0924, 0x0924, 0x0924, 0x0924, 0x0924, 0x0924, 0x0924, 0x0924, 0x0924, 0x0924, 
    0x0924, 0x0924, 0x0924, 0x0924, 0x0924, 0x0924, 0x0924, 0x0924, 0x0924, 0x0924, 0x0924, 0x0924, 
    0x0924, 0x0924, 0x0924, 0x0924, 0x0924, 0x0924, 0x0924, 0x0924, 0x0924, 0x0924, 0x0924, 0x0924, 
    0x0924, 0x0924, 0x0924, 0x0924, 0x0924, 0x0924, 0x0924, 0x0924, 0x0924, 0x0924, 0x0924, 0x0924, 
    0x0924, 0x0924, 0x0924, 0x0924, 0x0924, 0x0924, 0x0924, 0x0924, 0x0924, 0x0924, 0x0924, 0x0924, 
    0x0924, 0x0924, 0x0924, 0x0924, 0x0924, 0x0924, 0x0924, 0x0924, 0x0924, 0x0924, 0x0924, 0x0924, 
    0x0924, 0x0924, 0x0924, 0x0924, 0x0924, 0x0924, 0x0924, 0x0924, 0x0924, 0x0924, 0x0924, 0x0924, 
    0x0924, 0x0924, 0x0924, 0x0924, 0x0924, 0x0924, 0x0924, 0x0924, 0x0924, 0x0924, 0x0924, 0x0924, 
    0x0924, 0x0924, 0x0924, 0x0924, 0x0924, 0x0924, 0x0924, 0x0924, 0x0924, 0x0924, 0x0924, 0x0924, 
    0x0924, 0x0924, 0x0924, 0x0924, 0x0924, 0x0924, 0x0924, 0x0924, 0x0924, 0x0924, 0x0924, 0x0924, 
    0x0924, 0x0924, 0x0924, 0x0924, 0x0924, 0x0924, 0x0924, 0x0924, 0x0924, 0x0924, 0x0924, 0x0924, 
    0x0924, 0x0924, 0x0924, 0x0924, 0x0924, 0x0924, 0x0924, 0x0924, 0x0924, 0x0924, 0x0924, 0x0924, 
    0x0924, 0x0924, 0x0924, 0x0924, 0x0924, 0x0924, 0x0924, 0x0924, 0x0924, 0x0924, 0x0924, 0x0924, 
    0x0924, 0x0924, 0x0924, 0x0924, 0x0924, 0x0924, 0x0924, 0x0924, 0x0924, 0x0924, 0x0924, 0x0924, 
    0x0924, 0x0924, 0x0924, 0x0924, 0x0924, 0x0924, 0x0924, 0x0924, 0x0924, 0x0924, 0x0924, 0x0924, 
    0x0924, 0x0924, 0x0924, 0x0924, 0x0924, 0x0924, 0x0924, 0x0924, 0x0924, 0x0924, 0x0924, 0x0924, 
    0x0924, 0x0924, 0x0924, 0x0924, 0x0924, 0x0924, 0x0924, 0x0924, 0x0924, 0x0924, 0x0924, 0x0924, 
    0x0924, 0x0924, 0x0924, 0x0924, 0x0924, 0x0924, 0x0924, 0x0924, 0x0924, 0x0924, 0x0924, 0x0924, 
    0x0924, 0x0924, 0x0924, 0x0924, 0x0924, 0x0924, 0x0924, 0x0924, 0x0924, 0x0924, 0x0924, 0x0924, 
    0x0924, 0x0924, 0x0924, 0x0924, 0x0924, 0x0924, 0x0924, 0x0924, 0x0924, 0x0924, 0x0924, 0x0924, 
    0x0924, 0x0924, 0x0924, 0x0924, 0x0924, 0x0924, 0x0924, 0x0924, 0x0924, 0x0924, 0x0924, 0x0924, 
    0x0924, 0x0924, 0x0924, 0x0924, 0x0924, 0x0924, 0x0924, 0x0924, 0x0924, 0x0924, 0x0924, 0x0924, 
    0x0924, 0x0924, 0x0924, 0x0924, 0x0924, 0x0924, 0x0924, 0x0924, 0x0924, 0x0924, 0x0924, 0x0924, 
    0x0924, 0x0924, 0x0924, 0x0924, 0x0924, 0x0924, 0x0924, 0x0924, 0x0924, 0x0924, 0x0924, 0x0924, 
    0x0924, 0x0924, 0x0924, 0x0924, 0x0924, 0x0924, 0x0924, 0x0924, 0x0924, 0x0924, 0x0924, 0x0924, 
    0x0924, 0x0924, 0x0924, 0x0924, 0x0924, 0x0924, 0x0924, 0x0924, 0x0924, 0x0924, 0x0924, 0x0924, 
    0x0924, 0x0924, 0x0924, 0x0924, 0x0924, 0x0924, 0x0924, 0x0924, 0x0924, 0x0924, 0x0924, 0x0924, 
    0x0924, 0x0924, 0x0924, 0x0924, 0x0924, 0x0924, 0x0924, 0x0924, 0x0924, 0x0924, 0x0924, 0x0924, 
    0x0924, 0x0924, 0x0924, 0x0924, 0x0924, 0x0924, 0x0924, 0x0924, 0x0924, 0x0924, 0x0924, 0x0924, 
    0x0924, 0x0924, 0x0924, 0x0924, 0x0924, 0x0924, 0x0924, 0x0924, 0x0924, 0x0924, 0x0924, 0x0924, 
    0x0924, 0x0924, 0x0924, 0x0924, 0x0924, 0x0924, 0x0924, 0x0924, 0x0924, 0x0924, 0x0924, 0x0924, 
    0x0924, 0x0924, 0x0924, 0x0924, 0x0924, 0x0924, 0x0924, 0x0924, 0x0924, 0x0924, 0x0924, 0x0924, 
    0x0924, 0x0924, 0x0924, 0x0924, 0x0924, 0x0924, 0x0924, 0x0924, 0x0924, 0x0924, 0x0924, 0x0924, 
    0x0924, 0x0924, 0x0924, 0x0924, 0x0924, 0x0924, 0x0924, 0x0924, 0x0924, 0x0924, 0x0924, 0x0924, 
    0x0924, 0x0924, 0x0924, 0x0924, 0x0924, 0x0924, 0x0924, 0x0924, 0x0924, 0x0924, 0x0924, 0x0924, 
    0x0924, 0x0924, 0x0924, 0x0924, 0x0924, 0x0924, 0x0924, 0x0924, 0x0924, 0x0924, 0x0924, 0x0924, 
    0x0924, 0x0924, 0x0924, 0x0924, 0x0924, 0x0924, 0x0924, 0x0924, 0x0924, 0x0924, 0x0924, 0x0924, 
    0x0924, 0x0924, 0x0924, 0x0924, 0x0924, 0x0924, 0x0924, 0x0924, 0x0924, 0x0924, 0x0924, 0x0924, 
    0x0924, 0x0924, 0x0924, 0x0924, 0x0924, 0x0924, 0x0924, 0x0924, 0x0924, 0x0924, 0x0924, 0x0924, 
    0x0924, 0x0924, 0x0924, 0x0924, 0x0924, 0x0924, 0x0924, 0x0924, 0x0924, 0x0924, 0x0924, 0x0924, 
    0x0924, 0x0924, 0x0924, 0x0924, 0x0924, 0x0924, 0x0924, 0x0924, 0x0924, 0x0924, 0x0924, 0x0924, 
    0x0924, 0x0924, 0x0924, 0x0924, 0x0924, 0x0924, 0x0924, 0x0924, 0x0924, 0x0924, 0x0924, 0x0924, 
    0x0924, 0x0924, 0x0924, 0x0924, 0x0924, 0x0924, 0x0924, 0x0924, 0x0924, 0x0924, 0x0924, 0x0924, 
    0x0924, 0x0924, 0x0924, 0x0924, 0x0924, 0x0924, 0x0924, 0x0924, 0x0924, 0x0924, 0x0924, 0x0924, 
    0x0924, 0x0924, 0x0924, 0x0924, 0x0924, 0x0924, 0x0924, 0x0924, 0x0924, 0x0924, 0x0924, 0x0924, 
    0x0924, 0x0924, 0x0924, 0x0924, 0x0924, 0x0924, 0x0924, 0x0924, 0x0924, 0x0924, 0x0924, 0x0924, 
    0x0924, 0x0924, 0x0924, 0x0924, 0x0924, 0x0924, 0x0924, 0x0924, 0x0924, 0x0924, 0x0924, 0x0924, 
    0x0924, 0x0924, 0x0924, 0x0924, 0x0924, 0x0924, 0x0924, 0x0924, 0x0924, 0x0924, 0x0924, 0x0924, 
    0x0924, 0x0924, 0x0924, 0x0924, 0x0924, 0x0924, 0x0924, 0x0924, 0x0924, 0x0924, 0x0924, 0x0924, 
    0x0924, 0x0924, 0x0924, 0x0924, 0x0924, 0x0924, 0x0924, 0x0924, 0x0924, 0x0924, 0x0924, 0x0924, 
    0x0924, 0x0924, 0x0924, 0x0924, 0x0924, 0x0924, 0x0924, 0x0924, 0x0924, 0x0924, 0x0924, 0x0924, 
    0x0924, 0x0924, 0x0924, 0x0924, 0x0924, 0x0924, 0x0924, 0x0924, 0x0924, 0x0924, 0x0924, 0x0924, 
    0x0924, 0x0924, 0x0924, 0x0924, 0x0924, 0x0924, 0x0924, 0x0924, 0x0924, 0x0924, 0x0924, 0x0924, 
    0x0924, 0x0924, 0x0924, 0x0924, 0x0924, 0x0924, 0x0924, 0x0924, 0x0924, 0x0924, 0x0924, 0x0924, 
    0x0924, 0x0924, 0x0924, 0x0924, 0x0924, 0x0924, 0x0924, 0x0924, 0x0924, 0x0924, 0x0924, 0x0924, 
    0x0924, 0x0924, 0x0924, 0x0924, 0x0924, 0x0924, 0x0924, 0x0924, 0x0924, 0x0924, 0x0924, 0x0924, 
    0x0924, 0x0924, 0x0924, 0x0924, 0x0924, 0x0924, 0x0924, 0x0924, 0x0924, 0x0924, 0x0924, 0x0924, 
    0x0924, 0x0924, 0x0924, 0x0924, 0x0924, 0x0924, 0x0924, 0x0924, 0x0924, 0x0924, 0x0924, 0x0924, 
    0x0924, 0x0924, 0x0924, 0x0924, 0x0924, 0x0924, 0x0924, 0x0924, 0x0924, 0x0924, 0x0924, 0x0924, 
    0x0924, 0x0924, 0x0924, 0x0924, 0x0924, 0x0924, 0x0924, 0x0924, 0x0924, 0x0924, 0x0924, 0x0924, 
    0x0924, 0x0924, 0x0924, 0x0924, 0x0924, 0x0924, 0x0924, 0x0924, 0x0924, 0x0924, 0x0924, 0x0924, 
    0x0924, 0x0924, 0x0924, 0x0924, 0x0924, 0x0924, 0x0924, 0x0924, 0x0924, 0x0924, 0x0924, 0x0924, 
    0x0924, 0x0924, 0x0924, 0x0924, 0x0924, 0x0924, 0x0924, 0x0924, 0x0924, 0x0924, 0x0924, 0x0924, 
    0x0924, 0x0924, 0x0924, 0x0924, 0x0924, 0x0924, 0x0924, 0x0924, 0x0924, 0x0924, 0x0924, 0x0924, 
    0x0924, 0x0924, 0x0924, 0x0924, 0x0924, 0x0924, 0x0924, 0x0924, 0x0924, 0x0924, 0x0924, 0x0924, 
    0x0924, 0x0924, 0x0924, 0x0924, 0x0924, 0x0924, 0x0924, 0x0924, 0x0924, 0x0924, 0x0924, 0x0924, 
    0x0924, 0x0924, 0x0924, 0x0924, 0x0924, 0x0924, 0x0924, 0x0924, 0x0924, 0x0924, 0x0924, 0x0924, 
    0x0924, 0x0924, 0x0924, 0x0924, 0x0924, 0x0924, 0x0924, 0x0924, 0x0924, 0x0924, 0x0924, 0x0924, 
    0x0924, 0x0924, 0x0924, 0x0924, 0x0924, 0x0924, 0x0924, 0x0924, 0x0924, 0x0924, 0x0924, 0x0924, 
    0x0924, 0x0924, 0x0924, 0x0924, 0x0924, 0x0924, 0x0924, 0x0924, 0x0924, 0x0924, 0x0924, 0x0924, 
    0x0924, 0x0924, 0x0924, 0x0924, 0x0924, 0x0924, 0x0924, 0x0924, 0x0924, 0x0924, 0x0924, 0x0924, 
    0x0924, 0x0924, 0x0924, 0x0924, 0x0924, 0x0924, 0x0924, 0x0924, 0x0924, 0x0924, 0x0924, 0x0924, 
    0x0924, 0x0924, 0x0924, 0x0924, 0x0924, 0x0924, 0x0924, 0x0924, 0x0924, 0x0924, 0x0924, 0x0924, 
    0x0924, 0x0924, 0x0924, 0x0924, 0x0924, 0x0924, 0x0924, 0x0924, 0x0924, 0x0924, 0x0924, 0x0924, 
    0x0924, 0x0924, 0x0924, 0x0924, 0x0924, 0x0924, 0x0924, 0x0924, 0x0924, 0x0924, 0x0924, 0x0924, 
    0x0924, 0x0924, 0x0924, 0x0924, 0x0924, 0x0924, 0x0924, 0x0924, 0x0924, 0x0924, 0x0924, 0x0924, 
    0x0924, 0x0924, 0x0924, 0x0924, 0x0924, 0x0924, 0x0924, 0x0924, 0x0924, 0x0924, 0x0924, 0x0924, 
    0x0924, 0x0924, 0x0924, 0x0924, 0x0924, 0x0924, 0x0924, 0x0924, 0x0924, 0x0924, 0x0924, 0x0924, 
    0x0924, 0x0924, 0x0924, 0x0924, 0x0924, 0x0924, 0x0924, 0x0924, 0x0924, 0x0924, 0x0924, 0x0924, 
    0x0924, 0x0924, 0x0924, 0x0924, 0x0924, 0x0924, 0x0924, 0x0924, 0x0924, 0x0924, 0x0924, 0x0924, 
    0x0924, 0x0924, 0x0924, 0x0924, 0x0924, 0x0924, 0x0924, 0x0924, 0x0924, 0x0924, 0x0924, 0x0924, 
    0x0924, 0x0924, 0x0924, 0x0924, 0x0924, 0x0924, 0x0924, 0x0924, 0x0924, 0x0924, 0x0924, 0x0924, 
    0x0924, 0x0924, 0x0924, 0x0924, 0x0924, 0x0924, 0x0924, 0x0924, 0x0924, 0x0924, 0x0924, 0x0924, 
    0x0924, 0x0924, 0x0924, 0x0924, 0x0924, 0x0924, 0x0924, 0x0924, 0x0924, 0x0924, 0x0924, 0x0924, 
    0x0924, 0x0924, 0x0924, 0x0924, 0x0924, 0x0924, 0x0924, 0x0924, 0x0924, 0x0924, 0x0924, 0x0924, 
    0x0924, 0x0924, 0x0924, 0x0924, 0x0924, 0x0924, 0x0924, 0x0924, 0x0924, 0x0924, 0x0924, 0x0924, 
    0x0924, 0x0924, 0x0924, 0x0924, 0x0924, 0x0924, 0x0924, 0x0924, 0x0924, 0x0924, 0x0924, 0x0924, 
    0x0924, 0x0924, 0x0924, 0x0924, 0x0924, 0x0924, 0x0924, 0x0924, 0x0924, 0x0924, 0x0924, 0x0924, 
    0x0924, 0x0924, 0x0924, 0x0924, 0x0924, 0x0924, 0x0924, 0x0924, 0x0924, 0x0924, 0x0924, 0x0924, 
    0x0924, 0x0924, 0x0924, 0x0924, 0x0924, 0x0924, 0x0924, 0x0924, 0x0924, 0x0924, 0x0924, 0x0924, 
    0x0924, 0x0924, 0x0924, 0x0924, 0x0924, 0x0924, 0x0924, 0x0924, 0x0924, 0x0924, 0x0924, 0x0924, 
    0x0924, 0x0924, 0x0924, 0x0924, 0x0924, 0x0924, 0x0924, 0x0924, 0x0924, 0x0924, 0x0924, 0x0924, 
    0x0924, 0x0924, 0x0924, 0x0924, 0x0924, 0x0924, 0x0924, 0x0924, 0x0924, 0x0924, 0x0924, 0x0924, 
    0x0924, 0x0924, 0x0924, 0x0924, 0x0924, 0x0924, 0x0924, 0x0924, 0x0924, 0x0924, 0x0924, 0x0924, 
    0x0924, 0x0924, 0x0924, 0x0924, 0x0924, 0x0924, 0x0924, 0x0924, 0x0924, 0x0924, 0x0924, 0x0924, 
    0x0924, 0x0924, 0x0924, 0x0924, 0x0924, 0x0924, 0x0924, 0x0924, 0x0924, 0x0924, 0x0924, 0x0924, 
    0x0924, 0x0924, 0x0924, 0x0924, 0x0924, 0x0924, 0x0924, 0x0924, 0x0924, 0x0924, 0x0924, 0x0924, 
    0x0924, 0x0924, 0x0924, 0x0924, 0x0924, 0x0924, 0x0924, 0x0924, 0x0924, 0x0924, 0x0924, 0x0924, 
    0x0924, 0x0924, 0x0924, 0x0924, 0x0924, 0x0924, 0x0924, 0x0924, 0x0924, 0x0924, 0x0924, 0x0924, 
    0x0924, 0x0924, 0x0924, 0x0924, 0x0924, 0x0924, 0x0924, 0x0924, 0x0924, 0x0924, 0x0924, 0x0924, 
    0x0924, 0x0924, 0x0924, 0x0924, 0x0924, 0x0924, 0x0924, 0x0924, 0x0924, 0x0924, 0x0924, 0x0924, 
    0x0924, 0x0924, 0x0924, 0x0924, 0x0924, 0x0924, 0x0924, 0x0924, 0x0924, 0x0924, 0x0924, 0x0924, 
    0x0924, 0x0924, 0x0924, 0x0924, 0x0924, 0x0924, 0x0924, 0x0924, 0x0924, 0x0924, 0x0924, 0x0924, 
    0x0924, 0x0924, 0x0924, 0x0924, 0x0924, 0x0924, 0x0924, 0x0924, 0x0924, 0x0924, 0x0924, 0x0924, 
    0x0924, 0x0924, 0x0924, 0x0924, 0x0924, 0x0924, 0x0924, 0x0924, 0x0924, 0x0924, 0x0924, 0x0924, 
    0x0924, 0x0924, 0x0924, 0x0924, 0x0924, 0x0924, 0x0924, 0x0924, 0x0924, 0x0924, 0x0924, 0x0924, 
    0x0924, 0x0924, 0x0924, 0x0924, 0x0924, 0x0924, 0x0924, 0x0924, 0x0924, 0x0924, 0x0924, 0x0924, 
    0x0924, 0x0924, 0x0924, 0x0924, 0x0924, 0x0924, 0x0924, 0x0924, 0x0924, 0x0924, 0x0924, 0x0924, 
    0x0924, 0x0924, 0x0924, 0x0924, 0x0924, 0x0924, 0x0924, 0x0924, 0x0924, 0x0924, 0x0924, 0x0924, 
    0x0924, 0x0924, 0x0924, 0x0924, 0x0924, 0x0924, 0x0924, 0x0924, 0x0924, 0x0924, 0x0924, 0x0924, 
    0x0924, 0x0924, 0x0924, 0x0924, 0x0924, 0x0924, 0x0924, 0x0924, 0x0924, 0x0924, 0x0924, 0x0924, 
    0x0924, 0x0924, 0x0924, 0x0924, 0x0924, 0x0924, 0x0924, 0x0924, 0x0924, 0x0924, 0x0924, 0x0924, 
    0x0924, 0x0924, 0x0924, 0x0924, 0x0924, 0x0924, 0x0924, 0x0924, 0x0924, 0x0924, 0x0924, 0x0924, 
    0x0924, 0x0924, 0x0924, 0x0924, 0x0924, 0x0924, 0x0924, 0x0924, 0x0924, 0x0924, 0x0924, 0x0924, 
    0x0924, 0x0924, 0x0924, 0x0924, 0x0924, 0x0924, 0x0924, 0x0924, 0x0924, 0x0924, 0x0924, 0x0924, 
    0x0924, 0x0924, 0x0924, 0x0924, 0x0924, 0x0924, 0x0924, 0x0924, 0x0924, 0x0924, 0x0924, 0x0924, 
    0x0924, 0x0924, 0x0924, 0x0924, 0x0924, 0x0924, 0x0924, 0x0924, 0x0924, 0x0924, 0x0924, 0x0924, 
    0x0924, 0x0924, 0x0924, 0x0924, 0x0924, 0x0924, 0x0924, 0x0924, 0x0924, 0x0924, 0x0924, 0x0924, 
    0x0924, 0x0924, 0x0924, 0x0924, 0x0924, 0x0924, 0x0924, 0x0924, 0x0924, 0x0924, 0x0924, 0x0924, 
    0x0924, 0x0924, 0x0924, 0x0924, 0x0924, 0x0924, 0x0924, 0x0924, 0x0924, 0x0924, 0x0924, 0x0924, 
    0x0924, 0x0924, 0x0924, 0x0924, 0x0924, 0x0924, 0x0924, 0x0924, 0x0924, 0x0924, 0x0924, 0x0924, 
    0x0924, 0x0924, 0x0924, 0x0924, 0x0924, 0x0924, 0x0924, 0x0924, 0x0924, 0x0924, 0x0924, 0x0924, 
    0x0924, 0x0924, 0x0924, 0x0924, 0x0924, 0x0924, 0x0924, 0x0924, 0x0924, 0x0924, 0x0924, 0x0924, 
    0x0924, 0x0924, 0x0924, 0x0924, 0x0924, 0x0924, 0x0924, 0x0924, 0x0924, 0x0924, 0x0924, 0x0924, 
    0x0924, 0x0924, 0x0924, 0x0924, 0x0924, 0x0924, 0x0924, 0x0924, 0x0924, 0x0924, 0x0924, 0x0924, 
    0x0924, 0x0924, 0x0924, 0x0924, 0x0924, 0x0924, 0x0924, 0x0924, 0x0924, 0x0924, 0x0924, 0x0924, 
    0x0924, 0x0924, 0x0924, 0x0924, 0x0924, 0x0924, 0x0924, 0x0924, 0x0924, 0x0924, 0x0924, 0x0924, 
    0x0924, 0x0924, 0x0924, 0x0924, 0x0924, 0x0924, 0x0924, 0x0924, 0x0924, 0x0924, 0x0924, 0x0924, 
    0x0924, 0x0924, 0x0924, 0x0924, 0x0924, 0x0924, 0x0924, 0x0924, 0x0924, 0x0924, 0x0924, 0x0924, 
    0x0924, 0x0924, 0x0924, 0x0924, 0x0924, 0x0924, 0x0924, 0x0924, 0x0924, 0x0924, 0x0924, 0x0924, 
    0x0924, 0x0924, 0x0924, 0x0924, 0x0924, 0x0924, 0x0924, 0x0924, 0x0924, 0x0924, 0x0924, 0x0924, 
    0x0924, 0x0924, 0x0924, 0x0924, 0x0924, 0x0924, 0x0924, 0x0924, 0x0924, 0x0924, 0x0924, 0x0924, 
    0x0924, 0x0924, 0x0924, 0x0924, 0x0924, 0x0924, 0x0924, 0x0924, 0x0924, 0x0924, 0x0924, 0x0924, 
    0x0924, 0x0924, 0x0924, 0x0924, 0x0924, 0x0924, 0x0924, 0x0924, 0x0924, 0x0924, 0x0924, 0x0924, 
    0x0924, 0x0924, 0x0924, 0x0924, 0x0924, 0x0924, 0x0924, 0x0924, 0x0924, 0x0924, 0x0924, 0x0924, 
    0x0924, 0x0924, 0x0924, 0x0924, 0x0924, 0x0924, 0x0924, 0x0924, 0x0924, 0x0924, 0x0924, 0x0924, 
    0x0924, 0x0924, 0x0924, 0x0924, 0x0924, 0x0924, 0x0924, 0x0924, 0x0924, 0x0924, 0x0924, 0x0924, 
    0x0924, 0x0924, 0x0924, 0x0924, 0x0924, 0x0924, 0x0924, 0x0924, 0x0924, 0x0924, 0x0924, 0x0924, 
    0x0924, 0x0924, 0x0924, 0x0924, 0x0924, 0x0924, 0x0924, 0x0924, 0x0924, 0x0924, 0x0924, 0x0924, 
    0x0924, 0x0924, 0x0924, 0x0924, 0x0924, 0x0924, 0x0924, 0x0924, 0x0924, 0x0924, 0x0924, 0x0924, 
    0x0924, 0x0924, 0x0924, 0x0924, 0x0924, 0x0924, 0x0924, 0x0924, 0x0924, 0x0924, 0x0924, 0x0924, 
    0x0924, 0x0924, 0x0924, 0x0924, 0x0924, 0x0924, 0x0924, 0x0924, 0x0924, 0x0924, 0x0924, 0x0924, 
    0x0924, 0x0924, 0x0924, 0x0924, 0x0924, 0x0924, 0x0924, 0x0924, 0x0924, 0x0924, 0x0924, 0x0924, 
    0x0924, 0x0924, 0x0924, 0x0924, 0x0924, 0x0924, 0x0924, 0x0924, 0x0924, 0x0924, 0x0924, 0x0924, 
    0x0924, 0x0924, 0x0924, 0x0924, 0x0924, 0x0924, 0x0924, 0x0924, 0x0924, 0x0924, 0x0924, 0x0924, 
    0x0924, 0x0924, 0x0924, 0x0924, 0x0924, 0x0924, 0x0924, 0x0924, 0x0924, 0x0924, 0x0924, 0x0924, 
    0x0924, 0x0924, 0x0924, 0x0924, 0x0924, 0x0924, 0x0924, 0x0924, 0x0924, 0x0924, 0x0924, 0x0924, 
    0x0924, 0x0924, 0x0924, 0x0924, 0x0924, 0x0924, 0x0924, 0x0924, 0x0924, 0x0924, 0x0924, 0x0924, 
    0x0924, 0x0924, 0x0924, 0x0924, 0x0924, 0x0924, 0x0924, 0x0924, 0x0924, 0x0924, 0x0924, 0x0924, 
    0x0924, 0x0924, 0x0924, 0x0924, 0x0924, 0x0924, 0x0924, 0x0924, 0x0924, 0x0924, 0x0924, 0x0924, 
    0x0924, 0x0924, 0x0924, 0x0924, 0x0924, 0x0924, 0x0924, 0x0924, 0x0924, 0x0924, 0x0924, 0x0924, 
    0x0924, 0x0924, 0x0924, 0x0924, 0x0924, 0x0924, 0x0924, 0x0924, 0x0924, 0x0924, 0x0924, 0x0924, 
    0x0924, 0x0924, 0x0924, 0x0924, 0x0924, 0x0924, 0x0924, 0x0924, 0x0924, 0x0924, 0x0924, 0x0924, 
    0x0924, 0x0924, 0x0924, 0x0924, 0x0924, 0x0924, 0x0924, 0x0924, 0x0924, 0x0924, 0x0924, 0x0924, 
    0x0924, 0x0924, 0x0924, 0x0924, 0x0924, 0x0924, 0x0924, 0x0924, 0x0924, 0x0924, 0x0924, 0x0924, 
    0x0924, 0x0924, 0x0924, 0x0924, 0x0924, 0x0924, 0x0924, 0x0924, 0x0924, 0x0924, 0x0924, 0x0924, 
    0x0924, 0x0924, 0x0924, 0x0924, 0x0924, 0x0924, 0x0924, 0x0924, 0x0924, 0x0924, 0x0924, 0x0924, 
    0x0924, 0x0924, 0x0924, 0x0924, 0x0924, 0x0924, 0x0924, 0x0924, 0x0924, 0x0924, 0x0924, 0x0924, 
    0x0924, 0x0924, 0x0924, 0x0924, 0x0924, 0x0924, 0x0924, 0x0924, 0x0924, 0x0924, 0x0924, 0x0924, 
    0x0924, 0x0924, 0x0924, 0x0924, 0x0924, 0x0924, 0x0924, 0x0924, 0x0924, 0x0924, 0x0924, 0x0924, 
    0x0924, 0x0924, 0x0924, 0x0924, 0x0924, 0x0924, 0x0924, 0x0924, 0x0924, 0x0924, 0x0924, 0x0924, 
    0x0924, 0x0924, 0x0924, 0x0924, 0x0924, 0x0924, 0x0924, 0x0924, 0x0924, 0x0924, 0x0924, 0x0924, 
    0x0924, 0x0924, 0x0924, 0x0924, 0x0924, 0x0924, 0x0924, 0x0924, 0x0924, 0x0924, 0x0924, 0x0924, 
    0x0924, 0x0924, 0x0924, 0x0924, 0x0924, 0x0924, 0x0924, 0x0924, 0x0924, 0x0924, 0x0924, 0x0924, 
    0x0924, 0x0924, 0x0924, 0x0924, 0x0924, 0x0924, 0x0924, 0x0924, 0x0924, 0x0924, 0x0924, 0x0924, 
    0x0924, 0x0924, 0x0924, 0x0924, 0x0924, 0x0924, 0x0924, 0x0924, 0x0924, 0x0924, 0x0924, 0x0924, 
    0x0924, 0x0924, 0x0924, 0x0924, 0x0924, 0x0924, 0x0924, 0x0924, 0x0924, 0x0924, 0x0924, 0x0924, 
    0x0924, 0x0924, 0x0924, 0x0924, 0x0924, 0x0924, 0x0924, 0x0924, 0x0924, 0x0924, 0x0924, 0x0924, 
    0x0924, 0x0924, 0x0924, 0x0924, 0x0924, 0x0924, 0x0924, 0x0924, 0x0924, 0x0924, 0x0924, 0x0924, 
    0x0924, 0x0924, 0x0924, 0x0924, 0x0924, 0x0924, 0x0924, 0x0924, 0x0924, 0x0924, 0x0924, 0x0924, 
    0x0924, 0x0924, 0x0924, 0x0924, 0x0924, 0x0924, 0x0924, 0x0924, 0x0924, 0x0924, 0x0924, 0x0924, 
    0x0924, 0x0924, 0x0924, 0x0924, 0x0924, 0x0924, 0x0924, 0x0924, 0x0924, 0x0924, 0x0924, 0x0924, 
    0x0924, 0x0924, 0x0924, 0x0924, 0x0924, 0x0924, 0x0924, 0x0924, 0x0924, 0x0924, 0x0924, 0x0924, 
    0x0924, 0x0924, 0x0924, 0x0924, 0x0924, 0x0924, 0x0924, 0x0924, 0x0924, 0x0924, 0x0924, 0x0924, 
    0x0924, 0x0924, 0x0924, 0x0924, 0x0924, 0x0924, 0x0924, 0x0924, 0x0924, 0x0924, 0x0924, 0x0924, 
    0x0924, 0x0924, 0x0924, 0x0924, 0x0924, 0x0924, 0x0924, 0x0924, 0x0924, 0x0924, 0x0924, 0x0924, 
    0x0924, 0x0924, 0x0924, 0x0924, 0x0924, 0x0924, 0x0924, 0x0924, 0x0924, 0x0924, 0x0924, 0x0924, 
    0x0924, 0x0924, 0x0924, 0x0924, 0x0924, 0x0924, 0x0924, 0x0924, 0x0924, 0x0924, 0x0924, 0x0924, 
    0x0924, 0x0924, 0x0924, 0x0924, 0x0924, 0x0924, 0x0924, 0x0924, 0x0924, 0x0924, 0x0924, 0x0924, 
    0x0924, 0x0924, 0x0924, 0x0924, 0x0924, 0x0924, 0x0924, 0x0924, 0x0924, 0x0924, 0x0924, 0x0924, 
    0x0924, 0x0924, 0x0924, 0x0924, 0x0924, 0x0924, 0x0924, 0x0924, 0x0924, 0x0924, 0x0924, 0x0924, 
    0x0924, 0x0924, 0x0924, 0x0924, 0x0924, 0x0924, 0x0924, 0x0924, 0x0924, 0x0924, 0x0924, 0x0924, 
    0x0924, 0x0924, 0x0924, 0x0924, 0x0924, 0x0924, 0x0924, 0x0924, 0x0924, 0x0924, 0x0924, 0x0924, 
    0x0924, 0x0924, 0x0924, 0x0924, 0x0924, 0x0924, 0x0924, 0x0924, 0x0924, 0x0924, 0x0924, 0x0924, 
    0x0924, 0x0924, 0x0924, 0x0924, 0x0924, 0x0924, 0x0924, 0x0924, 0x0924, 0x0924, 0x0924, 0x0924, 
    0x0924, 0x0924, 0x0924, 0x0924, 0x0924, 0x0924, 0x0924, 0x0924, 0x0924, 0x0924, 0x0924, 0x0924, 
    0x0924, 0x0924, 0x0924, 0x0924, 0x0924, 0x0924, 0x0924, 0x0924, 0x0924, 0x0924, 0x0924, 0x0924, 
    0x0924, 0x0924, 0x0924, 0x0924, 0x0924, 0x0924, 0x0924, 0x0924, 0x0924, 0x0924, 0x0924, 0x0924, 
    0x0924, 0x0924, 0x0924, 0x0924, 0x0924, 0x0924, 0x0924, 0x0924, 0x0924, 0x0924, 0x0924, 0x0924, 
    0x0924, 0x0924, 0x0924, 0x0924, 0x0924, 0x0924, 0x0924, 0x0924, 0x0924, 0x0924, 0x0924, 0x0924, 
    0x0924, 0x0924, 0x0924, 0x0924, 0x0924, 0x0924, 0x0924, 0x0924, 0x0924, 0x0924, 0x0924, 0x0924, 
    0x0924, 0x0924, 0x0924, 0x0924, 0x0924, 0x0924, 0x0924, 0x0924, 0x0924, 0x0924, 0x0924, 0x0924, 
    0x0924, 0x0924, 0x0924, 0x0924, 0x0924, 0x0924, 0x0924, 0x0924, 0x0924, 0x0924, 0x0924, 0x0924, 
    0x0924, 0x0924, 0x0924, 0x0924, 0x0924, 0x0924, 0x0924, 0x0924, 0x0924, 0x0924, 0x0924, 0x0924, 
    0x0924, 0x0924, 0x0924, 0x0924, 0x0924, 0x0924, 0x0924, 0x0924, 0x0924, 0x0924, 0x0924, 0x0924, 
    0x0924, 0x0924, 0x0924, 0x0924, 0x0924, 0x0924, 0x0924, 0x0924, 0x0924, 0x0924, 0x0924, 0x0924, 
    0x0924, 0x0924, 0x0924, 0x0924, 0x0924, 0x0924, 0x0924, 0x0924, 0x0924, 0x0924, 0x0924, 0x0924, 
    0x0924, 0x0924, 0x0924, 0x0924, 0x0924, 0x0924, 0x0924, 0x0924, 0x0924, 0x0924, 0x0924, 0x0924, 
    0x0924, 0x0924, 0x0924, 0x0924, 0x0924, 0x0924, 0x0924, 0x0924, 0x0924, 0x0924, 0x0924, 0x0924, 
    0x0924, 0x0924, 0x0924, 0x0924, 0x0924, 0x18E3, 0x18E3, 0x0924, 0x0924, 0x0924, 0x0924, 0x0924, 
    0x0924, 0x0924, 0x0924, 0x0924, 0x0924, 0x0924, 0x0924, 0x0924, 0x0924, 0x0924, 0x0924, 0x0924, 
    0x0924, 0x0924, 0x0924, 0x0924, 0x0924, 0x0924, 0x0924, 0x0924, 0x0924, 0x0924, 0x0924, 0x0924, 
    0x0924, 0x0924, 0x0924, 0x0924, 0x0924, 0x0924, 0x0924, 0x0924, 0x0924, 0x0924, 0x0924, 0x0924, 
    0x0924, 0x0924, 0x0924, 0x0924, 0x0924, 0x0924, 0x0924, 0x0924, 0x0924, 0x0924, 0x0924, 0x0924, 
    0x0924, 0x0924, 0x0924, 0x0924, 0x0924, 0x0924, 0x0924, 0x0924, 0x0924, 0x0924, 0x0924, 0x0924, 
    0x0924, 0x0924, 0x0924, 0x0924, 0x0924, 0x0924, 0x0924, 0x0924, 0x0924, 0x0924, 0x0924, 0x0924, 
    0x0924, 0x0924, 0x0924, 0x0924, 0x0924, 0x0924, 0x0924, 0x0924, 0x0924, 0x0924, 0x0924, 0x0924, 
    0x0924, 0x0924, 0x0924, 0x0924, 0x0924, 0x0924, 0x0924, 0x0924, 0x0924, 0x0924, 0x0924, 0x0924, 
    0x0924, 0x0924, 0x0924, 0x0924, 0x0924, 0x0924, 0x0924, 0x0924, 0x0924, 0x0924, 0x0924, 0x0924, 
    0x0924, 0x0924, 0x0924, 0x9061, 0xE000, 0xF800, 0x1104, 0x0924, 0x0924, 0x0924, 0x0924, 0x0924, 
    0x0924, 0x0924, 0x0924, 0x0924, 0x0904, 0x6082, 0x0924, 0x0904, 0x0924, 0x0924, 0x0924, 0x0924, 
    0x0924, 0x0924, 0x0924, 0x0924, 0x0924, 0x0924, 0x0924, 0x0924, 0x0924, 0x0924, 0x0924, 0x0924, 
    0x0924, 0x0924, 0x0924, 0x0924, 0x0924, 0x0924, 0x0924, 0x0924, 0x0924, 0x0924, 0x0924, 0x0924, 
    0x0924, 0x0924, 0x0924, 0x0924, 0x0924, 0x0924, 0x0924, 0x0924, 0x0924, 0x0924, 0x0924, 0x0924, 
    0x0924, 0x0924, 0x0924, 0x0924, 0x0924, 0x0924, 0x0924, 0x0924, 0x0924, 0x0924, 0x0924, 0x0924, 
    0x0924, 0x0924, 0x0924, 0x0924, 0x0924, 0x0924, 0x0924, 0x0924, 0x0924, 0x0924, 0x0924, 0x0924, 
    0x0924, 0x0924, 0x0924, 0x0924, 0x0924, 0x0924, 0x0924, 0x0924, 0x0924, 0x0924, 0x0924, 0x0924, 
    0x0924, 0x0924, 0x0924, 0x0924, 0x0924, 0x0924, 0x0924, 0x0924, 0x0924, 0x0924, 0x0924, 0x0924, 
    0x0924, 0x0924, 0x0924, 0x0924, 0x0924, 0x0924, 0x0924, 0x0924, 0x0924, 0x0924, 0x0924, 0x0924, 
    0xF800, 0xF800, 0xF800, 0xF800, 0xF800, 0xF800, 0x40A2, 0x0924, 0x0924, 0x0924, 0x0924, 0x0924, 
    0x0924, 0x0924, 0x0924, 0x0924, 0x0924, 0xF800, 0xF800, 0xF800, 0xF800, 0xF800, 0xF800, 0x0924, 
    0x0924, 0x0924, 0x0924, 0x0924, 0x0924, 0x0924, 0x0924, 0x0924, 0x0924, 0x0924, 0x0924, 0x0924, 
    0x0924, 0x0924, 0x0924, 0x0924, 0x0924, 0x0924, 0x0924, 0x0924, 0x0924, 0x0924, 0x0924, 0x0924, 
    0x0924, 0x0924, 0x0924, 0x0924, 0x0924, 0x0924, 0x0924, 0x0924, 0x0924, 0x0924, 0x0924, 0x0924, 
    0x0924, 0x0924, 0x0924, 0x0924, 0x0924, 0x0924, 0x0924, 0x0924, 0x0924, 0x0924, 0x0924, 0x0924, 
    0x0924, 0x0924, 0x0924, 0x0924, 0x0924, 0x0924, 0x0924, 0x0924, 0x0924, 0x0924, 0x0924, 0x0924, 
    0x0924, 0x0924, 0x0924, 0x0924, 0x0924, 0x0924, 0x0924, 0x0924, 0x0924, 0x0924, 0x0924, 0x0924, 
    0x0924, 0x0924, 0x0924, 0x0924, 0x0924, 0x0924, 0x0924, 0x0924, 0x0924, 0x0924, 0x0924, 0x0924, 
    0x0924, 0x0924, 0x0924, 0x0924, 0x0924, 0x0924, 0x0924, 0x0924, 0x0924, 0x0924, 0x0924, 0x0924, 
    0xF800, 0xF000, 0xF000, 0xF800, 0xF800, 0xF000, 0xF800, 0x0904, 0x0924, 0x0924, 0x0924, 0x0924, 
    0x0924, 0x0924, 0x0924, 0x0924, 0x0924, 0xF800, 0xE800, 0xF000, 0xF000, 0xE800, 0xF800, 0x0924, 
    0x0924, 0x0924, 0x0924, 0x0924, 0x0924, 0x0924, 0x0924, 0x0924, 0x0924, 0x0924, 0x0924, 0x0924, 
    0x0924, 0x0924, 0x0924, 0x0924, 0x0924, 0x0924, 0x0924, 0x0924, 0x0924, 0x0924, 0x0924, 0x0924, 
    0x0924, 0x0924, 0x0924, 0x0924, 0x0924, 0x0924, 0x0924, 0x0924, 0x0924, 0x0924, 0x0924, 0x0924, 
    0x0924, 0x0924, 0x0924, 0x0924, 0x0924, 0x0924, 0x0924, 0x0924, 0x0924, 0x0924, 0x0924, 0x0924, 
    0x0924, 0x0924, 0x0924, 0x0924, 0x0924, 0x0924, 0x0924, 0x0924, 0x0924, 0x0924, 0x0924, 0x0924, 
    0x0924, 0x0924, 0x0924, 0x0924, 0x0924, 0x0924, 0x0924, 0x0924, 0x0924, 0x0924, 0x0924, 0x0924, 
    0x0924, 0x0924, 0x0924, 0x0924, 0x0924, 0x0924, 0x0924, 0x0924, 0x0924, 0x0924, 0x0924, 0x0924, 
    0x0924, 0x0924, 0x0924, 0x0924, 0x0924, 0x0924, 0x0924, 0x0924, 0x0924, 0x0924, 0x0924, 0x0924, 
    0x1104, 0xF800, 0xF000, 0xF800, 0xF800, 0xF000, 0xF000, 0x0924, 0x0924, 0x0924, 0x0924, 0x0924, 
    0x0924, 0x0924, 0x0924, 0x0924, 0x9061, 0xF800, 0xF800, 0xF800, 0xF000, 0xF800, 0x20E3, 0x0924, 
    0x0924, 0x0924, 0x0924, 0x0924, 0x0924, 0x0924, 0x0924, 0x0924, 0x0924, 0x0924, 0x0924, 0x0924, 
    0x0924, 0x0924, 0x0924, 0x0924, 0x0924, 0x0924, 0x0924, 0x0924, 0x0924, 0x0924, 0x0924, 0x0924, 
    0x0924, 0x0924, 0x0924, 0x0924, 0x0924, 0x0924, 0x0924, 0x0924, 0x0924, 0x0924, 0x0924, 0x0924, 
    0x0924, 0x0924, 0x0924, 0x0924, 0x0924, 0x0924, 0x0924, 0x0924, 0x0924, 0x0924, 0x0924, 0x0924, 
    0x0924, 0x0924, 0x0924, 0x0924, 0x0924, 0x0924, 0x0924, 0x0924, 0x0924, 0x0924, 0x0924, 0x0924, 
    0x0924, 0x0924, 0x0924, 0x0924, 0x0924, 0x0924, 0x0924, 0x0924, 0x0924, 0x0924, 0x0924, 0x0924, 
    0x0924, 0x0924, 0x0924, 0x0924, 0x0924, 0x0924, 0x0924, 0x0924, 0x0924, 0x0924, 0x0924, 0x0924, 
    0x0924, 0x0924, 0x0924, 0x0924, 0x0924, 0x0924, 0x0924, 0x0924, 0x0924, 0x0924, 0x0924, 0x0924, 
    0x0924, 0xF800, 0xF000, 0xF800, 0xF800, 0xF000, 0xF800, 0x0904, 0x0924, 0x0924, 0x0924, 0x0924, 
    0x0924, 0x0924, 0x0924, 0x0924, 0xF800, 0xF800, 0xF800, 0xF800, 0xE800, 0xF800, 0x1104, 0x0924, 
    0x0924, 0x0924, 0x0924, 0x0924, 0x0924, 0x0924, 0x0924, 0x0924, 0x0924, 0x0924, 0x0924, 0x0924, 
    0x0924, 0x0924, 0x0924, 0x0924, 0x0924, 0x0924, 0x0924, 0x0924, 0x0924, 0x0924, 0x0924, 0x0924, 
    0x0924, 0x0924, 0x0924, 0x0924, 0x0924, 0x0924, 0x0924, 0x0924, 0x0924, 0x0924, 0x0924, 0x0924, 
    0x0924, 0x0924, 0x0924, 0x0924, 0x0924, 0x0924, 0x0924, 0x0924, 0x0924, 0x0924, 0x0924, 0x0924, 
    0x0924, 0x0924, 0x0924, 0x0924, 0x0924, 0x0924, 0x0924, 0x0924, 0x0924, 0x0924, 0x0924, 0x0924, 
    0x0924, 0x0924, 0x0924, 0x0924, 0x0924, 0x0924, 0x0924, 0x0924, 0x0924, 0x0924, 0x0924, 0x0924, 
    0x0924, 0x0924, 0x0924, 0x0924, 0x0924, 0x0924, 0x0924, 0x0924, 0x0924, 0x0924, 0x0924, 0x0924, 
    0x0924, 0x0924, 0x0924, 0x0924, 0x0924, 0x0924, 0x0924, 0x0924, 0x0924, 0x0924, 0x0924, 0x0924, 
    0x0924, 0xF800, 0xF000, 0xF800, 0xF800, 0xF000, 0xF800, 0x0924, 0x0924, 0x0924, 0x0924, 0x0924, 
    0x0924, 0x0924, 0x0924, 0x0924, 0xE000, 0xF800, 0xF800, 0xF800, 0xE800, 0xF800, 0x10E3, 0x0924, 
    0x0924, 0x0924, 0x0924, 0x0924, 0x0924, 0x0924, 0x0924, 0x0924, 0x0924, 0x0924, 0x0924, 0x0924, 
    0x0924, 0x0924, 0x0924, 0x0924, 0x0924, 0x0924, 0x0924, 0x0924, 0x0924, 0x0924, 0x0924, 0x0924, 
    0x0924, 0x0924, 0x0924, 0x0924, 0x0924, 0x0924, 0x0924, 0x0924, 0x0924, 0x0924, 0x0924, 0x0924, 
    0x0924, 0x0924, 0x0924, 0x0924, 0x0924, 0x0924, 0x0924, 0x0924, 0x0924, 0x0924, 0x0924, 0x0924, 
    0x0924, 0x0924, 0x0924, 0x0924, 0x0924, 0x0924, 0x0924, 0x0924, 0x0924, 0x0924, 0x0924, 0x0924, 
    0x0924, 0x0924, 0x0924, 0x0924, 0x0924, 0x0924, 0x0924, 0x0924, 0x0924, 0x0924, 0x0924, 0x0924, 
    0x0924, 0x0924, 0x0924, 0x0924, 0x0924, 0x0924, 0x0924, 0x0924, 0x0924, 0x0924, 0x0924, 0x0924, 
    0x0924, 0x0924, 0x0924, 0x0924, 0x0924, 0x0924, 0x0924, 0x0924, 0x0924, 0x0924, 0x0924, 0x0924, 
    0x0924, 0xF800, 0xF000, 0xF800, 0xF800, 0xF800, 0xF800, 0x50A2, 0x0924, 0x0924, 0x0924, 0x0924, 
    0x0924, 0x0924, 0x0924, 0x0924, 0xE800, 0xF800, 0xF800, 0xF800, 0xE800, 0xF800, 0x10E3, 0x0924, 
    0x0924, 0x0924, 0x0924, 0x0924, 0x0924, 0x0924, 0x0924, 0x0924, 0x0924, 0x0924, 0x0924, 0x0924, 
    0x0924, 0x0924, 0x0924, 0x0924, 0x0924, 0x0924, 0x0924, 0x0924, 0x0924, 0x0924, 0x0924, 0x0924, 
    0x0924, 0x0924, 0x0924, 0x0924, 0x0924, 0x0924, 0x0924, 0x0924, 0x0924, 0x0924, 0x0924, 0x0924, 
    0x0924, 0x0924, 0x0924, 0x0924, 0x0924, 0x0924, 0x0924, 0x0924, 0x0924, 0x0924, 0x0924, 0x0924, 
    0x0924, 0x0924, 0x0924, 0x0924, 0x0924, 0x0924, 0x0924, 0x0924, 0x0924, 0x0924, 0x0924, 0x0924, 
    0x0924, 0x0924, 0x0924, 0x0924, 0x0924, 0x0924, 0x0924, 0x0924, 0x0924, 0x0924, 0x0924, 0x0924, 
    0x0924, 0x0924, 0x0924, 0x0924, 0x0924, 0x0924, 0x0924, 0x0924, 0x0924, 0x0924, 0x0924, 0x0924, 
    0x0924, 0x0924, 0x0924, 0x0924, 0x0924, 0x0924, 0x0924, 0x0924, 0x0924, 0x0924, 0x0924, 0x0924, 
    0x0924, 0xF000, 0xF000, 0xF800, 0xF800, 0xF800, 0xF800, 0xF800, 0x0924, 0x0924, 0x0924, 0x0924, 
    0x0924, 0x0924, 0x0924, 0x0924, 0xE800, 0xF800, 0xF800, 0xF800, 0xE800, 0xF000, 0x1104, 0x0924, 
    0x0924, 0x0924, 0x0924, 0x0924, 0x0924, 0x0924, 0x0924, 0x0924, 0x0924, 0x0924, 0x0924, 0x0924, 
    0x0924, 0x0924, 0x0924, 0x0924, 0x0924, 0x0924, 0x0924, 0x0924, 0x0924, 0x0924, 0x0924, 0x0924, 
    0x0924, 0x0924, 0x0924, 0x0924, 0x0924, 0x0924, 0x0924, 0x0924, 0x0924, 0x0924, 0x0924, 0x0924, 
    0x0924, 0x0924, 0x0924, 0x0924, 0x0924, 0x0924, 0x0924, 0x0924, 0x0924, 0x0924, 0x0924, 0x0924, 
    0x0924, 0x0924, 0x0924, 0x0924, 0x0924, 0x0924, 0x0924, 0x0924, 0x0924, 0x0924, 0x0924, 0x0924, 
    0x0924, 0x0924, 0x0924, 0x0924, 0x0924, 0x0924, 0x0924, 0x0924, 0x0924, 0x0924, 0x0924, 0x0924, 
    0x0924, 0x0924, 0x0924, 0x0924, 0x0924, 0x0924, 0x0924, 0x0924, 0x0924, 0x0924, 0x0924, 0x0924, 
    0x0924, 0x0924, 0x0924, 0x0924, 0x0924, 0x0924, 0x0924, 0x0924, 0x0924, 0x0924, 0x0924, 0x0924, 
    0x0924, 0x18E3, 0xF800, 0xE800, 0xF800, 0xF800, 0xF800, 0xE000, 0x0924, 0x0924, 0x0924, 0x0924, 
    0x0924, 0x0924, 0x0924, 0x8061, 0xF800, 0xF800, 0xF800, 0xF000, 0xF800, 0x40A2, 0x0924, 0x0924, 
    0x0924, 0x0924, 0x0924, 0x0924, 0x0924, 0x0924, 0x0924, 0x0924, 0x0924, 0x0924, 0x0924, 0x0924, 
    0x0924, 0x0924, 0x0924, 0x0924, 0x0924, 0x0924, 0x0924, 0x0924, 0x0924, 0x0924, 0x0924, 0x0924, 
    0x0924, 0x0924, 0x0924, 0x0924, 0x0924, 0x0924, 0x0924, 0x0924, 0x0924, 0x0924, 0x0924, 0x0924, 
    0x0924, 0x0924, 0x0924, 0x0924, 0x0924, 0x0924, 0x0924, 0x0924, 0x0924, 0x0924, 0x0924, 0x0924, 
    0x0924, 0x0924, 0x0924, 0x0924, 0x0924, 0x0924, 0x0924, 0x0924, 0x0924, 0x0924, 0x0924, 0x0924, 
    0x0924, 0x0924, 0x0924, 0x0924, 0x0924, 0x0924, 0x0924, 0x0924, 0x0924, 0x0924, 0x0924, 0x0924, 
    0x0924, 0x0924, 0x0924, 0x0924, 0x0924, 0x0924, 0x0924, 0x0924, 0x0924, 0x0924, 0x0924, 0x0924, 
    0x0924, 0x0924, 0x0924, 0x0924, 0x0924, 0x0924, 0x0924, 0x0924, 0x0924, 0x0924, 0x0924, 0x0924, 
    0x0924, 0x1104, 0xF800, 0xE800, 0xF800, 0xF800, 0xF800, 0xE800, 0x0924, 0x0924, 0x0924, 0x0924, 
    0x0924, 0x0924, 0x0924, 0x9061, 0xF800, 0xF800, 0xF800, 0xF000, 0xF800, 0x38A2, 0x0924, 0x0924, 
    0x0924, 0x0924, 0x0924, 0x0924, 0x0924, 0x0924, 0x0924, 0x0924, 0x0924, 0x0924, 0x0924, 0x0924, 
    0x0924, 0x0924, 0x0924, 0x0924, 0x0924, 0x0924, 0x0924, 0x0924, 0x0924, 0x0924, 0x0924, 0x0924, 
    0x0924, 0x0924, 0x0924, 0x0924, 0x0924, 0x0924, 0x0924, 0x0924, 0x0924, 0x0924, 0x0924, 0x0924, 
    0x0924, 0x0924, 0x0924, 0x0924, 0x0924, 0x0924, 0x0924, 0x0924, 0x0924, 0x0924, 0x0924, 0x0924, 
    0x0924, 0x0924, 0x0924, 0x0924, 0x0924, 0x0924, 0x0924, 0x0924, 0x0924, 0x0924, 0x0924, 0x0924, 
    0x0924, 0x0924, 0x0924, 0x0924, 0x0924, 0x0924, 0x0924, 0x0924, 0x0924, 0x0924, 0x0924, 0x0924, 
    0x0924, 0x0924, 0x0924, 0x0924, 0x0924, 0x0924, 0x0924, 0x0924, 0x0924, 0x0924, 0x0924, 0x0924, 
    0x0924, 0x0924, 0x0924, 0x0924, 0x0924, 0x0924, 0x0924, 0x0924, 0x0924, 0x0924, 0x0924, 0x0924, 
    0x0924, 0x10E3, 0xF800, 0xE800, 0xF800, 0xF800, 0xF800, 0xF000, 0x28C3, 0x0924, 0x0924, 0x0924, 
    0x0924, 0x0924, 0x0924, 0x8861, 0xF800, 0xF800, 0xF800, 0xF000, 0xF800, 0x38A2, 0x0924, 0x0924, 
    0x0924, 0x0924, 0x0924, 0x0924, 0x0924, 0x0924, 0x0924, 0x0924, 0x0924, 0x0924, 0x0924, 0x0924, 
    0x0924, 0x0924, 0x0924, 0x0924, 0x0924, 0x0924, 0x0924, 0x0924, 0x0924, 0x0924, 0x0924, 0x0924, 
    0x0924, 0x0924, 0x0924, 0x0924, 0x0924, 0x0924, 0x0924, 0x0924, 0x0924, 0x0924, 0x0924, 0x0924, 
    0x0924, 0x0924, 0x0924, 0x0924, 0x0924, 0x0924, 0x0924, 0x0924, 0x0924, 0x0924, 0x0924, 0x0924, 
    0x0924, 0x0924, 0x0924, 0x0924, 0x0924, 0x0924, 0x0924, 0x0924, 0x0924, 0x0924, 0x0924, 0x0924, 
    0x0924, 0x0924, 0x0924, 0x0924, 0x0924, 0x0924, 0x0924, 0x0924, 0x0924, 0x0924, 0x0924, 0x0924, 
    0x0924, 0x0924, 0x0924, 0x0924, 0x0924, 0x0924, 0x0924, 0x0924, 0x0924, 0x0924, 0x0924, 0x0924, 
    0x0924, 0x0924, 0x0924, 0x0924, 0x0924, 0x18E3, 0x18E3, 0x0924, 0x0924, 0x0924, 0x0924, 0x0924, 
    0x0924, 0x1104, 0xF000, 0xE800, 0xF800, 0xF800, 0xF800, 0xF800, 0xB041, 0x0924, 0x0924, 0x0924, 
    0x0924, 0x0924, 0x0924, 0x8861, 0xF800, 0xF800, 0xF800, 0xF000, 0xF800, 0x40A2, 0x0924, 0x0924, 
    0x0924, 0x0924, 0x0924, 0x0924, 0x0924, 0x0924, 0x0924, 0x0924, 0x0924, 0x0924, 0x0924, 0x0924, 
    0x0924, 0x0924, 0x0924, 0x0924, 0x0924, 0x0924, 0x0924, 0x0924, 0x0924, 0x0924, 0x0924, 0x0924, 
    0x0924, 0x0924, 0x0924, 0x0924, 0x0924, 0x0924, 0x0924, 0x0924, 0x0924, 0x0924, 0x0924, 0x0924, 
    0x0924, 0x0924, 0x0924, 0x0924, 0x0924, 0x0924, 0x0924, 0x0924, 0x0924, 0x0924, 0x0924, 0x0924, 
    0x0924, 0x0924, 0x0924, 0x0924, 0x0924, 0x0924, 0x0924, 0x0924, 0x0924, 0x0924, 0x0924, 0x0924, 
    0x0924, 0x0924, 0x0924, 0x0924, 0x0924, 0x0924, 0x0924, 0x0924, 0x0924, 0x0924, 0x0924, 0x0924, 
    0x0924, 0x0924, 0x0924, 0x0924, 0x0924, 0x0924, 0x0924, 0x0924, 0x0924, 0x0924, 0x0924, 0x0924, 
    0x0924, 0x0924, 0x0924, 0x0924, 0x1104, 0xF800, 0xF800, 0x0924, 0x0924, 0x0924, 0x0924, 0x0924, 
    0x0924, 0x0924, 0x40A2, 0xF800, 0xF000, 0xF800, 0xF800, 0xF800, 0x8061, 0x0924, 0x0924, 0x0924, 
    0x0924, 0x0924, 0x0924, 0xA041, 0xF800, 0xF800, 0xF800, 0xF000, 0xE000, 0x20E3, 0x0924, 0x0924, 
    0x0924, 0x0924, 0x0924, 0x0924, 0x0924, 0x30C3, 0x30C3, 0x0924, 0x0924, 0x0924, 0x0924, 0x0924, 
    0x0924, 0x0924, 0x0924, 0x0924, 0x0924, 0x0924, 0x0924, 0x0924, 0x0924, 0x0924, 0x0924, 0x0924, 
    0x0924, 0x0924, 0x0924, 0x0924, 0x0924, 0x0924, 0x0924, 0x0924, 0x0924, 0x0924, 0x0924, 0x0924, 
    0x0924, 0x0924, 0x0924, 0x0924, 0x0924, 0x0924, 0x0924, 0x0924, 0x0924, 0x0924, 0x0924, 0x0924, 
    0x0924, 0x0924, 0x0924, 0x0924, 0x0924, 0x0924, 0x0924, 0x0924, 0x0924, 0x0924, 0x0924, 0x0924, 
    0x0924, 0x0924, 0x0924, 0x0924, 0x0924, 0x0924, 0x0924, 0x0924, 0x0924, 0x0924, 0x0924, 0x0924, 
    0x0924, 0x0924, 0x0924, 0x0924, 0x0924, 0x0924, 0x0924, 0x0924, 0x0924, 0x0924, 0x0924, 0x0924, 
    0x0924, 0x0924, 0x0924, 0xD020, 0xF800, 0xF000, 0xF800, 0x20E3, 0x0924, 0x0924, 0x0924, 0x0924, 
    0x0924, 0x0924, 0x38A2, 0xF800, 0xF000, 0xF800, 0xF800, 0xF800, 0x8861, 0x0924, 0x0924, 0x0924, 
    0x0924, 0x0924, 0x48A2, 0xF800, 0xF000, 0xF800, 0xF800, 0xF800, 0x8061, 0x0924, 0x0924, 0x0924, 
    0x0924, 0x0924, 0x0924, 0x0924, 0x0924, 0xF800, 0xF800, 0xF800, 0x18E3, 0x0924, 0x0924, 0x0924, 
    0x0924, 0x0924, 0x0924, 0x0924, 0x0924, 0x0924, 0x0924, 0x0924, 0x0924, 0x0924, 0x0924, 0x0924, 
    0x0924, 0x0924, 0x0924, 0x0924, 0x0924, 0x0924, 0x0924, 0x0924, 0x0924, 0x0924, 0x0924, 0x0924, 
    0x0924, 0x0924, 0x0924, 0x0924, 0x0924, 0x0924, 0x0924, 0x0924, 0x0924, 0x0924, 0x0924, 0x0924, 
    0x0924, 0x0924, 0x0924, 0x0924, 0x0924, 0x0924, 0x0924, 0x0924, 0x0924, 0x0924, 0x0924, 0x0924, 
    0x0924, 0x0924, 0x0924, 0x0924, 0x0924, 0x0924, 0x0924, 0x0924, 0x0924, 0x0924, 0x0924, 0x0924, 
    0x0924, 0x0924, 0x0924, 0x0924, 0x0924, 0x0924, 0x0924, 0x0924, 0x0924, 0x0924, 0x0924, 0x0924, 
    0x0924, 0x48A2, 0xB820, 0xF800, 0xE800, 0xF800, 0xF800, 0xF800, 0x0924, 0x0924, 0x0924, 0x0924, 
    0x0924, 0x0924, 0x38A2, 0xF800, 0xF000, 0xF800, 0xF800, 0xF800, 0x8061, 0x0924, 0x0924, 0x0924, 
    0x0924, 0x0924, 0x38C3, 0xF800, 0xF000, 0xF800, 0xF800, 0xF800, 0x8861, 0x0924, 0x0924, 0x0924, 
    0x0924, 0x0924, 0x0924, 0x0924, 0x48A2, 0xF800, 0xF000, 0xF000, 0xF800, 0xB820, 0x48A2, 0x0924, 
    0x0924, 0x0924, 0x0924, 0x0924, 0x0924, 0x0924, 0x0924, 0x0924, 0x0924, 0x0924, 0x0924, 0x0924, 
    0x0924, 0x0924, 0x0924, 0x0924, 0x0924, 0x0924, 0x0924, 0x0924, 0x0924, 0x0924, 0x0924, 0x0924, 
    0x0924, 0x0924, 0x0924, 0x0924, 0x0924, 0x0924, 0x0924, 0x0924, 0x0924, 0x0924, 0x0924, 0x0924, 
    0x0924, 0x0924, 0x0924, 0x0924, 0x0924, 0x0924, 0x0924, 0x0924, 0x0924, 0x0924, 0x0924, 0x0924, 
    0x0924, 0x0924, 0x0924, 0x0924, 0x0924, 0x0924, 0x0924, 0x0924, 0x0924, 0x0924, 0x0924, 0x0924, 
    0x0924, 0x0924, 0x0924, 0x0924, 0x0924, 0x0924, 0x0924, 0x0924, 0x0924, 0x0924, 0x0924, 0x0924, 
    0x0924, 0x38C3, 0xF800, 0xE800, 0xF800, 0xF800, 0xF800, 0xE800, 0x50A2, 0x0924, 0x0924, 0x0924, 
    0x0924, 0x0924, 0x40A2, 0xF800, 0xF000, 0xF800, 0xF800, 0xF000, 0xE000, 0x20E3, 0x0924, 0x0924, 
    0x0924, 0x0924, 0x40A2, 0xF800, 0xF000, 0xF800, 0xF800, 0xF800, 0x8061, 0x0924, 0x0924, 0x0924, 
    0x0924, 0x0924, 0x0924, 0x0924, 0xF800, 0xF800, 0xF800, 0xF800, 0xE000, 0xF800, 0x38C3, 0x0924, 
    0x0924, 0x0924, 0x0924, 0x0924, 0x0924, 0x0924, 0x0924, 0x0924, 0x0924, 0x0924, 0x0924, 0x0924, 
    0x0924, 0x0924, 0x0924, 0x0924, 0x0924, 0x0924, 0x0924, 0x0924, 0x0924, 0x0924, 0x0924, 0x0924, 
    0x0924, 0x0924, 0x0924, 0x0924, 0x0924, 0x0924, 0x0924, 0x0924, 0x0924, 0x0924, 0x0924, 0x0924, 
    0x0924, 0x0924, 0x0924, 0x0924, 0x0924, 0x0924, 0x0924, 0x0924, 0x0924, 0x0924, 0x0924, 0x0924, 
    0x0924, 0x0924, 0x0924, 0x0924, 0x0924, 0x0924, 0x0924, 0x0924, 0x0924, 0x0924, 0x0924, 0x0924, 
    0x0924, 0x0924, 0x0924, 0x0924, 0x0924, 0x0924, 0x0924, 0x0924, 0x0924, 0x0924, 0x0924, 0x0924, 
    0x0924, 0x0904, 0xB820, 0xE800, 0xF800, 0xF800, 0xF800, 0xF000, 0xF800, 0x30C3, 0x0924, 0x0924, 
    0x0924, 0x0924, 0x20E3, 0xE000, 0xF000, 0xF800, 0xF800, 0xF000, 0xF800, 0x40A2, 0x0924, 0x0924, 
    0x0924, 0x0924, 0x30C3, 0xF800, 0xF000, 0xF800, 0xF800, 0xF800, 0xB041, 0x0924, 0x0924, 0x0924, 
    0x0924, 0x0924, 0x0924, 0x7861, 0xF000, 0xF800, 0xF800, 0xF800, 0xE800, 0xB820, 0x0904, 0x0924, 
    0x0924, 0x0924, 0x0924, 0x0924, 0x0924, 0x0924, 0x0924, 0x0924, 0x0924, 0x0924, 0x0924, 0x0924, 
    0x0924, 0x0924, 0x0924, 0x0924, 0x0924, 0x0924, 0x0924, 0x0924, 0x0924, 0x0924, 0x0924, 0x0924, 
    0x0924, 0x0924, 0x0924, 0x0924, 0x0924, 0x0924, 0x0924, 0x0924, 0x0924, 0x0924, 0x0924, 0x0924, 
    0x0924, 0x0924, 0x0924, 0x0924, 0x0924, 0x0924, 0x0924, 0x0924, 0x0924, 0x0924, 0x0924, 0x0924, 
    0x0924, 0x0924, 0x0924, 0x0924, 0x0924, 0x0924, 0x0924, 0x0924, 0x0924, 0x0924, 0x0924, 0x0924, 
    0x0924, 0x0924, 0x0924, 0x0924, 0x0924, 0x0924, 0x0924, 0x0924, 0x0924, 0x0924, 0x0924, 0x0924, 
    0x0924, 0x0924, 0x48A2, 0xF800, 0xE800, 0xF800, 0xF800, 0xF000, 0xF000, 0x7061, 0x0924, 0x0924, 
    0x0924, 0x0924, 0x0924, 0x8061, 0xF800, 0xF800, 0xF800, 0xF000, 0xF800, 0x38A2, 0x0924, 0x0924, 
    0x0924, 0x0924, 0x7061, 0xF800, 0xF000, 0xF800, 0xF800, 0xF000, 0x28C3, 0x0924, 0x0924, 0x0924, 
    0x0924, 0x0924, 0x0924, 0xB820, 0xF800, 0xF800, 0xF800, 0xE800, 0xF800, 0x48A2, 0x0924, 0x0924, 
    0x0924, 0x0924, 0x0924, 0x0924, 0x0924, 0x0924, 0x0924, 0x0924, 0x0924, 0x0924, 0x0924, 0x0924, 
    0x0924, 0x0924, 0x0924, 0x0924, 0x0924, 0x0924, 0x0924, 0x0924, 0x0924, 0x0924, 0x0924, 0x0924, 
    0x0924, 0x0924, 0x0924, 0x0924, 0x0924, 0x0924, 0x0924, 0x0924, 0x0924, 0x0924, 0x0924, 0x0924, 
    0x0924, 0x0924, 0x0924, 0x0924, 0x0924, 0x0924, 0x0924, 0x0924, 0x0924, 0x0924, 0x0924, 0x0924, 
    0x0924, 0x0924, 0x0924, 0x0924, 0x0924, 0x0924, 0x0924, 0x0924, 0x0924, 0x0924, 0x0924, 0x0924, 
    0x0924, 0x0924, 0x0924, 0x0924, 0x0924, 0x0924, 0x0924, 0x0924, 0x0924, 0x0924, 0x0924, 0x0924, 
    0x0924, 0x0924, 0x0904, 0xD020, 0xF000, 0xF800, 0xF800, 0xF800, 0xE800, 0xF800, 0x10E3, 0x0924, 
    0x0924, 0x0924, 0x0924, 0x8861, 0xF800, 0xF800, 0xF800, 0xF000, 0xF800, 0x38C3, 0x0924, 0x0924, 
    0x0924, 0x18E3, 0xF800, 0xE800, 0xF800, 0xF800, 0xF800, 0xE800, 0x0924, 0x0924, 0x0924, 0x0924, 
    0x0924, 0x0904, 0xC020, 0xF800, 0xF800, 0xF800, 0xF800, 0xF000, 0xB820, 0x0904, 0x0924, 0x0924, 
    0x0924, 0x0924, 0x0924, 0x0924, 0x0924, 0x0924, 0x0924, 0x0924, 0x0924, 0x0924, 0x0924, 0x0924, 
    0x0924, 0x0924, 0x0924, 0x0924, 0x0924, 0x0924, 0x0924, 0x0924, 0x0924, 0x0924, 0x0924, 0x0924, 
    0x0924, 0x0924, 0x0924, 0x0924, 0x0924, 0x0924, 0x0924, 0x0924, 0x0924, 0x0924, 0x0924, 0x0924, 
    0x0924, 0x0924, 0x0924, 0x0924, 0x0924, 0x0924, 0x0924, 0x0924, 0x0924, 0x0924, 0x0924, 0x0924, 
    0x0924, 0x0924, 0x0924, 0x0924, 0x0924, 0x0924, 0x0924, 0x0924, 0x0924, 0x0924, 0x0924, 0x0924, 
    0x0924, 0x0924, 0x0924, 0x0924, 0x0924, 0x0924, 0x0924, 0x0924, 0x0924, 0x0924, 0x0924, 0x0924, 
    0x0924, 0x0924, 0x0924, 0x0924, 0xF800, 0xF800, 0xF800, 0xF800, 0xF800, 0xE800, 0xA841, 0x0924, 
    0x0924, 0x0924, 0x0924, 0xA041, 0xF800, 0xF800, 0xF800, 0xF800, 0xF000, 0xC820, 0x0904, 0x0924, 
    0x0924, 0x1104, 0xF800, 0xE800, 0xF800, 0xF800, 0xF800, 0xE800, 0x0924, 0x0924, 0x0924, 0x0924, 
    0x0924, 0x18E3, 0xF800, 0xE800, 0xF800, 0xF800, 0xF800, 0xF800, 0x7861, 0x0924, 0x0924, 0x0924, 
    0x0924, 0x0924, 0x0924, 0x0924, 0x0924, 0x0924, 0x0924, 0x0924, 0x0924, 0x0924, 0x0924, 0x0924, 
    0x0924, 0x0924, 0x0924, 0x0924, 0x0924, 0x0924, 0x0924, 0x0924, 0x0924, 0x0924, 0x0924, 0x0924, 
    0x0924, 0x0924, 0x0924, 0x0924, 0x0924, 0x0924, 0x0924, 0x0924, 0x0924, 0x0924, 0x0924, 0x0924, 
    0x0924, 0x0924, 0x0924, 0x0924, 0x0924, 0x0924, 0x0924, 0x0924, 0x0924, 0x0924, 0x0924, 0x0924, 
    0x0924, 0x0924, 0x0924, 0x0924, 0x0924, 0x0924, 0x0924, 0x0924, 0x0924, 0x0924, 0x0924, 0x0924, 
    0x0924, 0x0924, 0x0924, 0x0924, 0x0924, 0x0924, 0x0924, 0x0924, 0x0924, 0x0924, 0x0924, 0x0924, 
    0x0924, 0x0924, 0x0924, 0x0924, 0x8861, 0xF000, 0xF800, 0xF800, 0xF800, 0xF000, 0xF800, 0x1104, 
    0x0924, 0x0924, 0x0924, 0x50A2, 0xF800, 0xF800, 0xF800, 0xF800, 0xE800, 0xF800, 0x18E3, 0x0924, 
    0x0924, 0x18E3, 0xF800, 0xE800, 0xF800, 0xF800, 0xF800, 0xD800, 0x0924, 0x0924, 0x0924, 0x0924, 
    0x0924, 0xE800, 0xE800, 0xF800, 0xF800, 0xF800, 0xF000, 0x9061, 0x0924, 0x0924, 0x0924, 0x0924, 
    0x0924, 0x0924, 0x0924, 0x0924, 0x0924, 0x0924, 0x0924, 0x0924, 0x0924, 0x0924, 0x0924, 0x0924, 
    0x0924, 0x0924, 0x0924, 0x0924, 0x0924, 0x0924, 0x0924, 0x0924, 0x0924, 0x0924, 0x0924, 0x0924, 
    0x0924, 0x0924, 0x0924, 0x0924, 0x0924, 0x0924, 0x0924, 0x0924, 0x0924, 0x0924, 0x0924, 0x0924, 
    0x0924, 0x0924, 0x0924, 0x0924, 0x0924, 0x0924, 0x0924, 0x0924, 0x0924, 0x0924, 0x0924, 0x0924, 
    0x0924, 0x0924, 0x0924, 0x0924, 0x0924, 0x0924, 0x0924, 0x0924, 0x0924, 0x0924, 0x0924, 0x0924, 
    0x0924, 0x0924, 0x0924, 0x0924, 0x0924, 0x0924, 0x0924, 0x0924, 0x0924, 0x0924, 0x0924, 0x0924, 
    0x0924, 0x0924, 0x0924, 0x0924, 0x0924, 0xF800, 0xE800, 0xF800, 0xF800, 0xF800, 0xF800, 0xF800, 
    0x1104, 0x0924, 0x0924, 0x0924, 0xE800, 0xF800, 0xF800, 0xF800, 0xE800, 0xF800, 0x10E3, 0x0924, 
    0x0924, 0x1104, 0xF800, 0xE800, 0xF800, 0xF800, 0xF800, 0xF800, 0x0924, 0x0924, 0x0924, 0x0924, 
    0x20E3, 0xF800, 0xF800, 0xF800, 0xF800, 0xF000, 0xF800, 0x0924, 0x0924, 0x0924, 0x0924, 0x0924, 
    0x0924, 0x0924, 0x0924, 0x0924, 0x0924, 0x0924, 0x0924, 0x0924, 0x0924, 0x0924, 0x0924, 0x0924, 
    0x0924, 0x0924, 0x0924, 0x0924, 0x0924, 0x0924, 0x0924, 0x0924, 0x0924, 0x0924, 0x0924, 0x0924, 
    0x0924, 0x0924, 0x0924, 0x0924, 0x0924, 0x0924, 0x0924, 0x0924, 0x0924, 0x0924, 0x0924, 0x0924, 
    0x0924, 0x0924, 0x0924, 0x0924, 0x0924, 0x0924, 0x0924, 0x0924, 0x0924, 0x0924, 0x0924, 0x0924, 
    0x0924, 0x0924, 0x0924, 0x0924, 0x0924, 0x0924, 0x0924, 0x0924, 0x0924, 0x0924, 0x0924, 0x0924, 
    0x0924, 0x0924, 0x0924, 0x0924, 0x0924, 0x0924, 0x0924, 0x0924, 0x0924, 0x0924, 0x0924, 0x0924, 
    0x0924, 0x0924, 0x0924, 0x0924, 0x0924, 0x48A2, 0xF800, 0xF000, 0xF800, 0xF800, 0xF800, 0xF800, 
    0xB041, 0x0924, 0x0924, 0x0924, 0xE000, 0xF800, 0xF800, 0xF800, 0xE800, 0xF800, 0x10E3, 0x0924, 
    0x0924, 0x7082, 0xF800, 0xF800, 0xF800, 0xF800, 0xF800, 0x20E3, 0x0924, 0x0924, 0x0924, 0x0924, 
    0xF800, 0xF800, 0xF800, 0xF800, 0xF000, 0xF800, 0x40A2, 0x0924, 0x0924, 0x0924, 0x0924, 0x0924, 
    0x0924, 0x0924, 0x0924, 0x0924, 0x0924, 0x0924, 0x0924, 0x0924, 0x0924, 0x0924, 0x0924, 0x0924, 
    0x0924, 0x0924, 0x0924, 0x0924, 0x0924, 0x0924, 0x0924, 0x0924, 0x0924, 0x0924, 0x0924, 0x0924, 
    0x0924, 0x0924, 0x0924, 0x0924, 0x0924, 0x0924, 0x0924, 0x0924, 0x0924, 0x0924, 0x0924, 0x0924, 
    0x0924, 0x0924, 0x0924, 0x0924, 0x0924, 0x0924, 0x0924, 0x0924, 0x0924, 0x0924, 0x0924, 0x0924, 
    0x0924, 0x0924, 0x0924, 0x0924, 0x0924, 0x0924, 0x0924, 0x0924, 0x0924, 0x0924, 0x0924, 0x0924, 
    0x0924, 0x0924, 0x0924, 0x0924, 0x0924, 0x0924, 0x0924, 0x0924, 0x0924, 0x0924, 0x0924, 0x0924, 
    0x0924, 0x0924, 0x0924, 0x0924, 0x0924, 0x0924, 0x6082, 0xF800, 0xF000, 0xF800, 0xF800, 0xF000, 
    0xD820, 0x20E3, 0x0924, 0x0924, 0xF800, 0xF800, 0xF800, 0xF800, 0xE800, 0xF800, 0x18E3, 0x0924, 
    0x0904, 0xF800, 0xF000, 0xF800, 0xF800, 0xF000, 0xF800, 0x0924, 0x0924, 0x0924, 0x0924, 0x50A2, 
    0xE800, 0xF800, 0xF800, 0xF800, 0xE800, 0xF000, 0x1104, 0x0924, 0x0924, 0x0924, 0x0924, 0x0924, 
    0x0924, 0x0924, 0x0924, 0x0924, 0x0924, 0x0924, 0x0924, 0x0924, 0x0924, 0x0924, 0x0924, 0x0924, 
    0x0924, 0x0924, 0x0924, 0x0924, 0x0924, 0x0924, 0x0924, 0x0924, 0x0924, 0x0924, 0x0924, 0x0924, 
    0x0924, 0x0924, 0x0924, 0x0924, 0x0924, 0x0924, 0x0924, 0x0924, 0x0924, 0x0924, 0x0924, 0x0924, 
    0x0924, 0x0924, 0x0924, 0x0924, 0x0924, 0x0924, 0x0924, 0x0924, 0x0924, 0x0924, 0x0924, 0x0924, 
    0x0924, 0x0924, 0x0924, 0x0924, 0x0924, 0x0924, 0x0924, 0x0924, 0x0924, 0x0924, 0x0924, 0x0924, 
    0x0924, 0x0924, 0x0924, 0x0924, 0x0924, 0x0924, 0x0924, 0x0924, 0x0924, 0x0924, 0x0924, 0x0924, 
    0x0924, 0x0924, 0x0924, 0x0924, 0x0924, 0x0924, 0x20E3, 0xD820, 0xF000, 0xF800, 0xF800, 0xF000, 
    0xF800, 0x6082, 0x0924, 0x0924, 0x9041, 0xF800, 0xF800, 0xF800, 0xF800, 0xF000, 0xF000, 0x0924, 
    0x0924, 0xF000, 0xF000, 0xF800, 0xF800, 0xF000, 0xF800, 0x0924, 0x0924, 0x0924, 0x30C3, 0xF800, 
    0xF000, 0xF800, 0xF800, 0xF000, 0xF800, 0x50A2, 0x0924, 0x0924, 0x0924, 0x0924, 0x0924, 0x0924, 
    0x0924, 0x0924, 0x0924, 0x0924, 0x0924, 0x0924, 0x0924, 0x0924, 0x0924, 0x0924, 0x0924, 0x0924, 
    0x0924, 0x0924, 0x0924, 0x0924, 0x0924, 0x0924, 0x0924, 0x0924, 0x0924, 0x0924, 0x0924, 0x0924, 
    0x0924, 0x0924, 0x0924, 0x0924, 0x0924, 0x0924, 0x0924, 0x0924, 0x0924, 0x0924, 0x0924, 0x0924, 
    0x0924, 0x0924, 0x0924, 0x0924, 0x0924, 0x0924, 0x0924, 0x0924, 0x0924, 0x0924, 0x0924, 0x0924, 
    0x0924, 0x0924, 0x0924, 0x0924, 0x0924, 0x0924, 0x0924, 0x0924, 0x0924, 0x0924, 0x0924, 0x0924, 
    0x0924, 0x0924, 0x0924, 0x0924, 0x0924, 0x0924, 0x0924, 0x0924, 0x0924, 0x0924, 0x0924, 0x0924, 
    0x30C3, 0xA041, 0x0924, 0x0924, 0x0924, 0x0924, 0x0924, 0xB041, 0xF800, 0xF800, 0xF800, 0xF800, 
    0xF000, 0xF800, 0x48A2, 0x0924, 0x0924, 0xF800, 0xF000, 0xF800, 0xF800, 0xF000, 0xF800, 0x0924, 
    0x0924, 0xF800, 0xF000, 0xF800, 0xF800, 0xF000, 0xF800, 0x0924, 0x0924, 0x0924, 0x7061, 0xF000, 
    0xF000, 0xF800, 0xF800, 0xF000, 0xF800, 0x1104, 0x0924, 0x0924, 0x0924, 0x0924, 0x0924, 0x0924, 
    0x0924, 0x0924, 0x0924, 0x0924, 0x0924, 0x0924, 0x0924, 0x0924, 0x0924, 0x0924, 0x0924, 0x0924, 
    0x0924, 0x0924, 0x0924, 0x0924, 0x0924, 0x0924, 0x0924, 0x0924, 0x0924, 0x0924, 0x0924, 0x0924, 
    0x0924, 0x0924, 0x0924, 0x0924, 0x0924, 0x0924, 0x0924, 0x0924, 0x0924, 0x0924, 0x0924, 0x0924, 
    0x0924, 0x0924, 0x0924, 0x0924, 0x0924, 0x0924, 0x0924, 0x0924, 0x0924, 0x0924, 0x0924, 0x0924, 
    0x0924, 0x0924, 0x0924, 0x0924, 0x0924, 0x0924, 0x0924, 0x0924, 0x0924, 0x0924, 0x0924, 0x0924, 
    0x0924, 0x0924, 0x0924, 0x0924, 0x0924, 0x0924, 0x0924, 0x0924, 0x0924, 0x0924, 0x0924, 0x20E3, 
    0xF800, 0xF800, 0x8061, 0x0924, 0x0924, 0x0924, 0x0924, 0x1104, 0xF000, 0xF800, 0xF800, 0xF800, 
    0xF800, 0xE800, 0xF800, 0x0924, 0x0924, 0xF800, 0xF000, 0xF800, 0xF800, 0xF000, 0xF800, 0x0924, 
    0x0924, 0xF800, 0xF000, 0xF800, 0xF800, 0xF000, 0xF800, 0x0904, 0x0924, 0x10E3, 0xF800, 0xE800, 
    0xF800, 0xF800, 0xF800, 0xF800, 0x0904, 0x0924, 0x0924, 0x0924, 0x0924, 0xA041, 0xA041, 0x0924, 
    0x0924, 0x0924, 0x0924, 0x0924, 0x0924, 0x0924, 0x0924, 0x0924, 0x0924, 0x0924, 0x0924, 0x0924, 
    0x0924, 0x0924, 0x0924, 0x0924, 0x0924, 0x0924, 0x0924, 0x0924, 0x0924, 0x0924, 0x0924, 0x0924, 
    0x0924, 0x0924, 0x0924, 0x0924, 0x0924, 0x0924, 0x0924, 0x0924, 0x0924, 0x0924, 0x0924, 0x0924, 
    0x0924, 0x0924, 0x0924, 0x0924, 0x0924, 0x0924, 0x0924, 0x0924, 0x0924, 0x0924, 0x0924, 0x0924, 
    0x0924, 0x0924, 0x0924, 0x0924, 0x0924, 0x0924, 0x0924, 0x0924, 0x0924, 0x0924, 0x0924, 0x0924, 
    0x0924, 0x0924, 0x0924, 0x0924, 0x0924, 0x0924, 0x0924, 0x0924, 0x0924, 0x0924, 0x28C3, 0xF800, 
    0xE800, 0xF000, 0xF800, 0xA041, 0x50A2, 0x0924, 0x0924, 0x0924, 0xE000, 0xF800, 0xF800, 0xF800, 
    0xF800, 0xF800, 0xF000, 0x7861, 0x0924, 0xF800, 0xF000, 0xF800, 0xF800, 0xF000, 0xF800, 0x0904, 
    0x7861, 0xF800, 0xF800, 0xF800, 0xF000, 0xF800, 0x28C3, 0x0924, 0x0924, 0xA841, 0xE800, 0xF800, 
    0xF800, 0xF800, 0xF000, 0xD020, 0x0924, 0x0924, 0x0924, 0x0924, 0x9841, 0xF800, 0xF800, 0x9841, 
    0x0924, 0x0924, 0x0924, 0x0924, 0x0924, 0x0924, 0x0924, 0x0924, 0x0924, 0x0924, 0x0924, 0x0924, 
    0x0924, 0x0924, 0x0924, 0x0924, 0x0924, 0x0924, 0x0924, 0x0924, 0x0924, 0x0924, 0x0924, 0x0924, 
    0x0924, 0x0924, 0x0924, 0x0924, 0x0924, 0x0924, 0x0924, 0x0924, 0x0924, 0x0924, 0x0924, 0x0924, 
    0x0924, 0x0924, 0x0924, 0x0924, 0x0924, 0x0924, 0x0924, 0x0924, 0x0924, 0x0924, 0x0924, 0x0924, 
    0x0924, 0x0924, 0x0924, 0x0924, 0x0924, 0x0924, 0x0924, 0x0924, 0x0924, 0x0924, 0x0924, 0x0924, 
    0x0924, 0x0924, 0x0924, 0x0924, 0x0924, 0x0924, 0x0924, 0x0924, 0x0924, 0x28C3, 0xF800, 0xE800, 
    0xF800, 0xF800, 0xF000, 0xF800, 0xF800, 0x50A2, 0x0924, 0x0924, 0x0924, 0xA841, 0xE800, 0xF800, 
    0xF800, 0xF800, 0xF800, 0xE800, 0x1104, 0xF800, 0xF000, 0xF800, 0xF800, 0xF800, 0xF800, 0xF000, 
    0xF800, 0xF800, 0xF800, 0xF800, 0xE800, 0xF800, 0x1104, 0x0924, 0x1104, 0xF800, 0xF000, 0xF800, 
    0xF800, 0xF000, 0xF800, 0x0904, 0x0924, 0x0924, 0x0924, 0x9061, 0xF800, 0xF000, 0xF000, 0xF800, 
    0x9041, 0x0924, 0x0924, 0x0924, 0x0924, 0x0924, 0x0924, 0x0924, 0x0924, 0x0924, 0x0924, 0x0924, 
    0x0924, 0x0924, 0x0924, 0x0924, 0x0924, 0x0924, 0x0924, 0x0924, 0x0924, 0x0924, 0x0924, 0x0924, 
    0x0924, 0x0924, 0x0924, 0x0924, 0x0924, 0x0924, 0x0924, 0x0924, 0x0924, 0x0924, 0x0924, 0x0924, 
    0x0924, 0x0924, 0x0924, 0x0924, 0x0924, 0x0924, 0x0924, 0x0924, 0x0924, 0x0924, 0x0924, 0x0924, 
    0x0924, 0x0924, 0x0924, 0x0924, 0x0924, 0x0924, 0x0924, 0x0924, 0x0924, 0x0924, 0x0924, 0x0924, 
    0x0924, 0x0924, 0x0924, 0x0924, 0x0924, 0x0924, 0x0924, 0x0924, 0x0924, 0x9841, 0xF800, 0xE800, 
    0xF800, 0xF800, 0xF800, 0xF800, 0xF000, 0xF800, 0x48A2, 0x0924, 0x0924, 0x10E3, 0xF800, 0xE800, 
    0xF800, 0xF800, 0xF800, 0xF800, 0xF800, 0xF800, 0xF800, 0xF800, 0xF800, 0xF800, 0xF800, 0xF800, 
    0xF800, 0xF800, 0xF800, 0xF800, 0xE800, 0xF800, 0x10E3, 0x0924, 0xF800, 0xF800, 0xF800, 0xF800, 
    0xF800, 0xF000, 0x7082, 0x0924, 0x0924, 0x48A2, 0xF800, 0xF800, 0xF800, 0xF800, 0xF800, 0xF000, 
    0xF800, 0x9041, 0x0924, 0x0924, 0x0924, 0x0924, 0x0924, 0x0924, 0x0924, 0x0924, 0x0924, 0x0924, 
    0x0924, 0x0924, 0x0924, 0x0924, 0x0924, 0x0924, 0x0924, 0x0924, 0x0924, 0x0924, 0x0924, 0x0924, 
    0x0924, 0x0924, 0x0924, 0x0924, 0x0924, 0x0924, 0x0924, 0x0924, 0x0924, 0x0924, 0x0924, 0x0924, 
    0x0924, 0x0924, 0x0924, 0x0924, 0x0924, 0x0924, 0x0924, 0x0924, 0x0924, 0x0924, 0x0924, 0x0924, 
    0x0924, 0x0924, 0x0924, 0x0924, 0x0924, 0x0924, 0x0924, 0x0924, 0x0924, 0x0924, 0x0924, 0x0924, 
    0x0924, 0x0924, 0x0924, 0x0924, 0x0924, 0x0924, 0x0924, 0x0924, 0x0924, 0x0924, 0x8061, 0xF800, 
    0xF800, 0xF800, 0xF800, 0xF800, 0xF800, 0xF000, 0xF800, 0x5882, 0x0924, 0x0924, 0x7861, 0xF000, 
    0xF000, 0xF800, 0xF800, 0xF800, 0xF000, 0xF800, 0xF800, 0xF800, 0xF800, 0xF800, 0xF800, 0xF800, 
    0xF800, 0xF800, 0xF800, 0xF800, 0xE800, 0xF800, 0x0904, 0x18E3, 0xF000, 0xF800, 0xF800, 0xF800, 
    0xE800, 0xF800, 0x1104, 0x0924, 0x5882, 0xF800, 0xE800, 0xF800, 0xF800, 0xF800, 0xF800, 0xF000, 
    0xF800, 0x9041, 0x0924, 0x0924, 0x0924, 0x0924, 0x0924, 0x0924, 0x0924, 0x0924, 0x0924, 0x0924, 
    0x0924, 0x0924, 0x0924, 0x0924, 0x0924, 0x0924, 0x0924, 0x0924, 0x0924, 0x0924, 0x0924, 0x0924, 
    0x0924, 0x0924, 0x0924, 0x0924, 0x0924, 0x0924, 0x0924, 0x0924, 0x0924, 0x0924, 0x0924, 0x0924, 
    0x0924, 0x0924, 0x0924, 0x0924, 0x0924, 0x0924, 0x0924, 0x0924, 0x0924, 0x0924, 0x0924, 0x0924, 
    0x0924, 0x0924, 0x0924, 0x0924, 0x0924, 0x0924, 0x0924, 0x0924, 0x0924, 0x0924, 0x0924, 0x0924, 
    0x0924, 0x0924, 0x0924, 0x0924, 0x0924, 0x0924, 0x0924, 0x0924, 0x0924, 0x0924, 0x0924, 0x0904, 
    0xE000, 0xF800, 0xF800, 0xF800, 0xF800, 0xF800, 0xF000, 0xF800, 0x9061, 0x10E3, 0x18E3, 0xF800, 
    0xF000, 0xF800, 0xF800, 0xF800, 0xF800, 0xF800, 0xF800, 0xF800, 0xF800, 0xF800, 0xF800, 0xF800, 
    0xF800, 0xF800, 0xF800, 0xF800, 0xF800, 0xE000, 0x9041, 0xF800, 0xF800, 0xF800, 0xF800, 0xF000, 
    0xF800, 0x50A2, 0x0924, 0x5882, 0xF800, 0xF000, 0xF800, 0xF800, 0xF800, 0xF800, 0xF800, 0xF800, 
    0x9041, 0x0924, 0x0924, 0x0924, 0x0924, 0x0924, 0x0924, 0x0924, 0x0924, 0x0924, 0x0924, 0x0924, 
    0x0924, 0x0924, 0x0924, 0x0924, 0x0924, 0x0924, 0x0924, 0x0924, 0x0924, 0x0924, 0x0924, 0x0924, 
    0x0924, 0x0924, 0x0924, 0x0924, 0x0924, 0x0924, 0x0924, 0x0924, 0x0924, 0x0924, 0x0924, 0x0924, 
    0x0924, 0x0924, 0x0924, 0x0924, 0x0924, 0x0924, 0x0924, 0x0924, 0x0924, 0x0924, 0x0924, 0x0924, 
    0x0924, 0x0924, 0x0924, 0x0924, 0x0924, 0x0924, 0x0924, 0x0924, 0x0924, 0x0924, 0x0924, 0x0924, 
    0x0924, 0x0924, 0x0924, 0x0924, 0x0924, 0x0924, 0x0924, 0x0924, 0x0924, 0x0924, 0x0924, 0x0924, 
    0x0924, 0xC020, 0xF800, 0xF000, 0xF800, 0xF800, 0xF800, 0xF000, 0xF800, 0xF800, 0x18E3, 0x30C3, 
    0xF000, 0xF800, 0xF800, 0xF800, 0xF800, 0xF800, 0xF800, 0xF800, 0xF800, 0xF800, 0xF800, 0xF800, 
    0xF800, 0xF800, 0xF800, 0xF000, 0xF800, 0x40A2, 0x48A2, 0xF800, 0xF000, 0xF800, 0xF800, 0xF800, 
    0x8061, 0x0924, 0x48A2, 0xF800, 0xE800, 0xF800, 0xF800, 0xF800, 0xF000, 0xF800, 0xC020, 0x8061, 
    0x0924, 0x0924, 0x0924, 0x0924, 0x0924, 0x0924, 0x0924, 0x0924, 0x0924, 0x0924, 0x0924, 0x0924, 
    0x0924, 0x0924, 0x0924, 0x0924, 0x0924, 0x0924, 0x0924, 0x0924, 0x0924, 0x0924, 0x0924, 0x0924, 
    0x0924, 0x0924, 0x0924, 0x0924, 0x0924, 0x0924, 0x0924, 0x0924, 0x0924, 0x0924, 0x0924, 0x0924, 
    0x0924, 0x0924, 0x0924, 0x0924, 0x0924, 0x0924, 0x0924, 0x0924, 0x0924, 0x0924, 0x0924, 0x0924, 
    0x0924, 0x0924, 0x0924, 0x0924, 0x0924, 0x0924, 0x0924, 0x0924, 0x0924, 0x0924, 0x0924, 0x0924, 
    0x0924, 0x0924, 0x0924, 0x0924, 0x0924, 0x0924, 0x0904, 0x0924, 0x0924, 0x0924, 0x0924, 0x0924, 
    0x0924, 0x0924, 0xC020, 0xF800, 0xE800, 0xF800, 0xF800, 0xF800, 0xF800, 0xF800, 0xF800, 0x20E3, 
    0xD820, 0xF800, 0xF800, 0xF800, 0xF800, 0xF800, 0xF800, 0xF800, 0xF800, 0xF800, 0xF800, 0xF800, 
    0xF800, 0xF800, 0xF800, 0xF800, 0xF800, 0xF800, 0xF800, 0xF800, 0xF800, 0xF800, 0xF800, 0xF800, 
    0x9061, 0x38C3, 0xF800, 0xF000, 0xF800, 0xF800, 0xF800, 0xF000, 0xF800, 0xC020, 0x0924, 0x0924, 
    0x0924, 0x0924, 0x0924, 0x0924, 0x0924, 0x0924, 0x0924, 0x0924, 0x0924, 0x0924, 0x0924, 0x0924, 
    0x0924, 0x0924, 0x0924, 0x0924, 0x0924, 0x0924, 0x0924, 0x0924, 0x0924, 0x0924, 0x0924, 0x0924, 
    0x0924, 0x0924, 0x0924, 0x0924, 0x0924, 0x0924, 0x0924, 0x0924, 0x0924, 0x0924, 0x0924, 0x0924, 
    0x0924, 0x0924, 0x0924, 0x0924, 0x0924, 0x0924, 0x0924, 0x0924, 0x0924, 0x0924, 0x0924, 0x0924, 
    0x0924, 0x0924, 0x0924, 0x0924, 0x0924, 0x0924, 0x0924, 0x0924, 0x0924, 0x0924, 0x0924, 0x0924, 
    0x0924, 0x0924, 0x0924, 0x0924, 0x0924, 0x0924, 0x50A2, 0x6882, 0x38A2, 0x1104, 0x0924, 0x0924, 
    0x0924, 0x0924, 0x0904, 0xD800, 0xF800, 0xF800, 0xF800, 0xF800, 0xF800, 0xF800, 0xF000, 0xF800, 
    0xF800, 0xF800, 0xF800, 0xF800, 0xF800, 0xF800, 0xF800, 0xF800, 0xF800, 0xF800, 0xF800, 0xF800, 
    0xF800, 0xF800, 0xF800, 0xF800, 0xF800, 0xF800, 0xF800, 0xF800, 0xF800, 0xF800, 0xF800, 0xF800, 
    0xF800, 0xF800, 0xF800, 0xF800, 0xF800, 0xF800, 0xF000, 0xF800, 0xD820, 0x0924, 0x0924, 0x0924, 
    0x0924, 0x0924, 0x0924, 0x0924, 0x0924, 0x18E3, 0x0924, 0x0924, 0x0924, 0x0924, 0x0924, 0x0924, 
    0x0924, 0x0924, 0x0924, 0x0924, 0x0924, 0x0924, 0x0924, 0x0924, 0x0924, 0x0924, 0x0924, 0x0924, 
    0x0924, 0x0924, 0x0924, 0x0924, 0x0924, 0x0924, 0x0924, 0x0924, 0x0924, 0x0924, 0x0924, 0x0924, 
    0x0924, 0x0924, 0x0924, 0x0924, 0x0924, 0x0924, 0x0924, 0x0924, 0x0924, 0x0924, 0x0924, 0x0924, 
    0x0924, 0x0924, 0x0924, 0x0924, 0x0924, 0x0924, 0x0924, 0x0924, 0x0924, 0x0924, 0x0924, 0x0924, 
    0x0924, 0x0924, 0x0924, 0x0924, 0x0924, 0x0904, 0xB820, 0xF800, 0xF800, 0xE000, 0x8861, 0x0924, 
    0x0924, 0x0924, 0x0924, 0x0924, 0x1104, 0xF800, 0xF800, 0xF800, 0xF800, 0xF800, 0xF800, 0xF000, 
    0xF800, 0xF800, 0xF800, 0xF800, 0xF800, 0xF800, 0xF800, 0xF800, 0xF800, 0xF800, 0xF800, 0xF800, 
    0xF800, 0xF800, 0xF800, 0xF800, 0xF800, 0xF800, 0xF800, 0xF800, 0xF800, 0xF800, 0xF800, 0xF800, 
    0xF800, 0xF000, 0xF800, 0xF800, 0xF800, 0xF000, 0xF800, 0xE800, 0x0924, 0x0924, 0x0924, 0x0924, 
    0x0924, 0x0924, 0x28C3, 0x8861, 0xB041, 0x5882, 0x0924, 0x0924, 0x0924, 0x0924, 0x0924, 0x0924, 
    0x0924, 0x0924, 0x0924, 0x0924, 0x0924, 0x0924, 0x0924, 0x0924, 0x0924, 0x0924, 0x0924, 0x0924, 
    0x0924, 0x0924, 0x0924, 0x0924, 0x0924, 0x0924, 0x0924, 0x0924, 0x0924, 0x0924, 0x0924, 0x0924, 
    0x0924, 0x0924, 0x0924, 0x0924, 0x0924, 0x0924, 0x0924, 0x0924, 0x0924, 0x0924, 0x0924, 0x0924, 
    0x0924, 0x0924, 0x0924, 0x0924, 0x0924, 0x0924, 0x0924, 0x0924, 0x0924, 0x0924, 0x0924, 0x0924, 
    0x0924, 0x0924, 0x0924, 0x0924, 0x0924, 0x18E3, 0xF800, 0xE000, 0xF000, 0xF800, 0xF800, 0xE800, 
    0xE800, 0x50A2, 0x0924, 0x0924, 0x0924, 0x0904, 0xE800, 0xF800, 0xF800, 0xF800, 0xF800, 0xF800, 
    0xF800, 0xF800, 0xF800, 0xF800, 0xF800, 0xF800, 0xF800, 0xF800, 0xF800, 0xF800, 0xF800, 0xF800, 
    0xF800, 0xF800, 0xF800, 0xF800, 0xF800, 0xF800, 0xF800, 0xF800, 0xF800, 0xF800, 0xF800, 0xF800, 
    0xF800, 0xF800, 0xF800, 0xF800, 0xF000, 0xF800, 0xD020, 0x0924, 0x0924, 0x0924, 0x0924, 0x0924, 
    0x1104, 0xE800, 0xF800, 0xF800, 0xF800, 0xE800, 0x1104, 0x0924, 0x0924, 0x0924, 0x0924, 0x0924, 
    0x0924, 0x0924, 0x0924, 0x0924, 0x0924, 0x0924, 0x0924, 0x0924, 0x0924, 0x0924, 0x0924, 0x0924, 
    0x0924, 0x0924, 0x0924, 0x0924, 0x0924, 0x0924, 0x0924, 0x0924, 0x0924, 0x0924, 0x0924, 0x0924, 
    0x0924, 0x0924, 0x0924, 0x0924, 0x0924, 0x0924, 0x0924, 0x0924, 0x0924, 0x0924, 0x0924, 0x0924, 
    0x0924, 0x0924, 0x0924, 0x0924, 0x0924, 0x0924, 0x0924, 0x0924, 0x0924, 0x0924, 0x0924, 0x0924, 
    0x0924, 0x0924, 0x0924, 0x0924, 0x0924, 0x1104, 0xF800, 0xE800, 0xF800, 0xF800, 0xF800, 0xF800, 
    0xF800, 0xF800, 0xF800, 0xF800, 0x18E3, 0x1104, 0x18E3, 0xA841, 0xF000, 0xF800, 0xF800, 0xF800, 
    0xF800, 0xF800, 0xF800, 0xF800, 0xF800, 0xF800, 0xF800, 0xF800, 0xF800, 0xF800, 0xF800, 0xF800, 
    0xF800, 0xF800, 0xF800, 0xF800, 0xF800, 0xF800, 0xF800, 0xF800, 0xF800, 0xF800, 0xF800, 0xF800, 
    0xF800, 0xF800, 0xF800, 0xF800, 0xF800, 0x40A2, 0x0924, 0x0924, 0x18E3, 0x10E3, 0x8061, 0xF800, 
    0xF800, 0xF800, 0xF800, 0xF800, 0xE800, 0xF800, 0x10E3, 0x0924, 0x0924, 0x0924, 0x0924, 0x0924, 
    0x0924, 0x0924, 0x0924, 0x0924, 0x0924, 0x0924, 0x0924, 0x0924, 0x0924, 0x0924, 0x0924, 0x0924, 
    0x0924, 0x0924, 0x0924, 0x0924, 0x0924, 0x0924, 0x0924, 0x0924, 0x0924, 0x0924, 0x0924, 0x0924, 
    0x0924, 0x0924, 0x0924, 0x0924, 0x0924, 0x0924, 0x0924, 0x0924, 0x0924, 0x0924, 0x0924, 0x0924, 
    0x0924, 0x0924, 0x0924, 0x0924, 0x0924, 0x0924, 0x0924, 0x0924, 0x0924, 0x0924, 0x0924, 0x0924, 
    0x0924, 0x0924, 0x0924, 0x0924, 0x0924, 0x7861, 0xF800, 0xF000, 0xF800, 0xF800, 0xF800, 0xF800, 
    0xF800, 0xF800, 0xF000, 0xF000, 0xF800, 0xF800, 0x6082, 0xA841, 0xF800, 0xF800, 0xF800, 0xF800, 
    0xF800, 0xF800, 0xF800, 0xF800, 0xF800, 0xF800, 0xF800, 0xF800, 0xF800, 0xF800, 0xF800, 0xF800, 
    0xF800, 0xF800, 0xF800, 0xF800, 0xF800, 0xF800, 0xF800, 0xF800, 0xF800, 0xF800, 0xF800, 0xF800, 
    0xF800, 0xF800, 0xF800, 0xF800, 0x0904, 0x0924, 0x1104, 0x40A2, 0xF800, 0xF800, 0xF800, 0xF000, 
    0xF000, 0xF800, 0xF800, 0xF800, 0xE800, 0xF800, 0x1104, 0x0924, 0x0924, 0x0924, 0x0924, 0x0924, 
    0x0924, 0x0924, 0x0924, 0x0924, 0x0924, 0x0924, 0x0924, 0x0924, 0x0924, 0x0924, 0x0924, 0x0924, 
    0x0924, 0x0924, 0x0924, 0x0924, 0x0924, 0x0924, 0x0924, 0x0924, 0x0924, 0x0924, 0x0924, 0x0924, 
    0x0924, 0x0924, 0x0924, 0x0924, 0x0924, 0x0924, 0x0924, 0x0924, 0x0924, 0x0924, 0x0924, 0x0924, 
    0x0924, 0x0924, 0x0924, 0x0924, 0x0924, 0x0924, 0x0924, 0x0924, 0x0924, 0x0924, 0x0924, 0x0924, 
    0x0924, 0x0924, 0x0924, 0x0924, 0x0924, 0xF800, 0xE000, 0xF800, 0xF800, 0xF000, 0xF000, 0xF800, 
    0xF800, 0xF800, 0xF800, 0xF800, 0xF000, 0xE800, 0xF800, 0xF800, 0xF800, 0xF800, 0xF800, 0xF800, 
    0xF800, 0xF800, 0xF800, 0xF800, 0xF800, 0xF800, 0xF800, 0xF800, 0xF800, 0xF800, 0xF800, 0xF800, 
    0xF800, 0xF800, 0xF800, 0xF800, 0xF800, 0xF800, 0xF800, 0xF800, 0xF800, 0xF800, 0xF800, 0xF800, 
    0xF800, 0xF000, 0xF800, 0x1104, 0x5882, 0x9841, 0xF000, 0xF800, 0xE800, 0xE800, 0xF800, 0xF800, 
    0xF800, 0xF800, 0xF800, 0xF000, 0xF000, 0xF800, 0xD020, 0x0924, 0x0924, 0x0924, 0x0924, 0x0924, 
    0x0924, 0x0924, 0x0924, 0x0924, 0x0924, 0x0924, 0x0924, 0x0924, 0x0924, 0x0924, 0x0924, 0x0924, 
    0x0924, 0x0924, 0x0924, 0x0924, 0x0924, 0x0924, 0x0924, 0x0924, 0x0924, 0x0924, 0x0924, 0x0924, 
    0x0924, 0x0924, 0x0924, 0x0924, 0x0924, 0x0924, 0x0924, 0x0924, 0x0924, 0x0924, 0x0924, 0x0924, 
    0x0924, 0x0924, 0x0924, 0x0924, 0x0924, 0x0924, 0x0924, 0x0924, 0x0924, 0x0924, 0x0924, 0x0924, 
    0x0924, 0x0924, 0x0924, 0x0924, 0x0924, 0x0924, 0x0924, 0x50A2, 0xA041, 0xF800, 0xF800, 0xF800, 
    0xE800, 0xF000, 0xF800, 0xF800, 0xF800, 0xF800, 0xF000, 0xF800, 0xF800, 0xF800, 0xF800, 0xF800, 
    0xF800, 0xF800, 0xF800, 0xF800, 0xF800, 0xF800, 0xF800, 0xF800, 0xF800, 0xF800, 0xF800, 0xF800, 
    0xF800, 0xF800, 0xF800, 0xF800, 0xF800, 0xF800, 0xF800, 0xF800, 0xF800, 0xF800, 0xF800, 0xF800, 
    0xF800, 0xF800, 0xF800, 0xD020, 0xF800, 0xF800, 0xF800, 0xF000, 0xF800, 0xF800, 0xF800, 0xF800, 
    0xF800, 0xE800, 0xE800, 0xF800, 0xF800, 0x8061, 0x9841, 0x0924, 0x0924, 0x0924, 0x0924, 0x0924, 
    0x0924, 0x0924, 0x0924, 0x0924, 0x0924, 0x0924, 0x0924, 0x0924, 0x0924, 0x0924, 0x0924, 0x0924, 
    0x0924, 0x0924, 0x0924, 0x0924, 0x0924, 0x0924, 0x0924, 0x0924, 0x0924, 0x0924, 0x0924, 0x0924, 
    0x0924, 0x0924, 0x0924, 0x0924, 0x0924, 0x0924, 0x0924, 0x0924, 0x0924, 0x0924, 0x0924, 0x0924, 
    0x0924, 0x0924, 0x0924, 0x0924, 0x0924, 0x0924, 0x0924, 0x0924, 0x0924, 0x0924, 0x0924, 0x0924, 
    0x0924, 0x0924, 0x0924, 0x0924, 0x0924, 0x0924, 0x0924, 0x0924, 0x0924, 0x40A2, 0x38C3, 0xF800, 
    0xF800, 0xF800, 0xF000, 0xF000, 0xF800, 0xF800, 0xF800, 0xF800, 0xF800, 0xF800, 0xF800, 0xF800, 
    0xF800, 0xF800, 0xF800, 0xF800, 0xF800, 0xF800, 0xF800, 0xF800, 0xF800, 0xF800, 0xF800, 0xF800, 
    0xF800, 0xF800, 0xF800, 0xF800, 0xF800, 0xF800, 0xF800, 0xF800, 0xF800, 0xF800, 0xF800, 0xF800, 
    0xF800, 0xF800, 0xF800, 0xF800, 0xF800, 0xF800, 0xF800, 0xF800, 0xF800, 0xF800, 0xF800, 0xF000, 
    0xF800, 0xF800, 0xF800, 0x5882, 0x20E3, 0x0924, 0x0924, 0x0924, 0x0924, 0x0924, 0x0924, 0x0924, 
    0x0924, 0x0924, 0x0924, 0x0924, 0x0924, 0x0924, 0x0924, 0x0924, 0x0924, 0x0924, 0x0924, 0x0924, 
    0x0924, 0x0924, 0x0924, 0x0924, 0x0924, 0x0924, 0x0924, 0x0924, 0x0924, 0x0924, 0x0924, 0x0924, 
    0x0924, 0x0924, 0x0924, 0x0924, 0x0924, 0x0924, 0x0924, 0x0924, 0x0924, 0x0924, 0x0924, 0x0924, 
    0x0924, 0x0924, 0x0924, 0x0924, 0x0924, 0x0924, 0x0924, 0x0924, 0x0924, 0x0924, 0x0924, 0x0924, 
    0x0924, 0x0924, 0x0924, 0x0924, 0x0924, 0x0924, 0x0924, 0x0924, 0x0924, 0x0924, 0x0924, 0x0904, 
    0x10E3, 0x48A2, 0xF800, 0xF800, 0xF800, 0xF800, 0xF800, 0xF800, 0xF800, 0xF800, 0xF800, 0xF800, 
    0xF800, 0xF800, 0xF800, 0xF800, 0xF800, 0xF800, 0xF800, 0xF800, 0xF800, 0xF800, 0xF800, 0xF800, 
    0xF800, 0xF800, 0xF800, 0xF800, 0xF800, 0xF800, 0xF800, 0xF800, 0xF800, 0xF800, 0xF800, 0xF800, 
    0xF800, 0xF800, 0xF800, 0xF800, 0xF800, 0xF800, 0xF800, 0xF800, 0xF800, 0xF800, 0xF800, 0xF800, 
    0xD020, 0x1104, 0x10E3, 0x0924, 0x0924, 0x0924, 0x0924, 0x0924, 0x0924, 0x0924, 0x0924, 0x0924, 
    0x0924, 0x0924, 0x0924, 0x0924, 0x0924, 0x0924, 0x0924, 0x0924, 0x0924, 0x0924, 0x0924, 0x0924, 
    0x0924, 0x0924, 0x0924, 0x0924, 0x0924, 0x0924, 0x0924, 0x0924, 0x0924, 0x0924, 0x0924, 0x0924, 
    0x0924, 0x0924, 0x0924, 0x0924, 0x0924, 0x0924, 0x0924, 0x0924, 0x0924, 0x0924, 0x0924, 0x0924, 
    0x0924, 0x0924, 0x0924, 0x0924, 0x0924, 0x0924, 0x0924, 0x0924, 0x0924, 0x0924, 0x0924, 0x0924, 
    0x0924, 0x0924, 0x0924, 0x0924, 0x0924, 0x0924, 0x0924, 0x0924, 0x0924, 0x0924, 0x0924, 0x0924, 
    0x0924, 0x0924, 0x0924, 0x0904, 0xD820, 0xF800, 0xF800, 0xF800, 0xF000, 0xF000, 0xF800, 0xF800, 
    0xF800, 0xF800, 0xF800, 0xF800, 0xF800, 0xF800, 0xF800, 0xF800, 0xF800, 0xF800, 0xF800, 0xF800, 
    0xF800, 0xF800, 0xF800, 0xF800, 0xF800, 0xF800, 0xF800, 0xF800, 0xF800, 0xF800, 0xF800, 0xF800, 
    0xF800, 0xF800, 0xF800, 0xF800, 0xF000, 0xF000, 0xF800, 0xF800, 0xF800, 0xE800, 0x20E3, 0x0924, 
    0x0924, 0x0924, 0x0924, 0x0924, 0x0924, 0x0924, 0x0924, 0x0924, 0x0924, 0x0924, 0x0924, 0x0924, 
    0x0924, 0x0924, 0x0924, 0x0924, 0x0924, 0x0924, 0x0924, 0x0924, 0x0924, 0x0924, 0x0924, 0x0924, 
    0x0924, 0x0924, 0x0924, 0x0924, 0x0924, 0x0924, 0x0924, 0x0924, 0x0924, 0x0924, 0x0924, 0x0924, 
    0x0924, 0x0924, 0x0924, 0x0924, 0x0924, 0x0924, 0x0924, 0x0924, 0x0924, 0x0924, 0x0924, 0x0924, 
    0x0924, 0x0924, 0x0924, 0x0924, 0x0924, 0x0924, 0x0924, 0x0924, 0x0924, 0x0924, 0x0924, 0x0924, 
    0x0924, 0x0924, 0x0924, 0x0924, 0x0924, 0x0924, 0x0924, 0x0924, 0x0924, 0x0924, 0x0924, 0x0924, 
    0x0924, 0x0924, 0x0924, 0x0924, 0x0924, 0x1104, 0x8861, 0x8061, 0xF800, 0xF800, 0xF800, 0xE800, 
    0xF800, 0xF800, 0xF800, 0xF800, 0xF800, 0xF800, 0xF800, 0xF800, 0xF800, 0xF800, 0xF800, 0xF800, 
    0xF800, 0xF800, 0xF800, 0xF800, 0xF800, 0xF800, 0xF800, 0xF800, 0xF800, 0xF800, 0xF800, 0xF800, 
    0xF800, 0xF800, 0xF000, 0xE800, 0xF800, 0xF800, 0xC020, 0x8861, 0x50A2, 0x0924, 0x0924, 0x0924, 
    0x0924, 0x0924, 0x0924, 0x0924, 0x0924, 0x0924, 0x0924, 0x0924, 0x0924, 0x0924, 0x0924, 0x0924, 
    0x0924, 0x0924, 0x0924, 0x0924, 0x0924, 0x0924, 0x0924, 0x0924, 0x0924, 0x0924, 0x0924, 0x0924, 
    0x0924, 0x0924, 0x0924, 0x0924, 0x0924, 0x0924, 0x0924, 0x0924, 0x0924, 0x0924, 0x0924, 0x0924, 
    0x0924, 0x0924, 0x0924, 0x0924, 0x0924, 0x0924, 0x0924, 0x0924, 0x0924, 0x0924, 0x0924, 0x0924, 
    0x0924, 0x0924, 0x0924, 0x0924, 0x0924, 0x0924, 0x0924, 0x0924, 0x0924, 0x0924, 0x0924, 0x0924, 
    0x0924, 0x0924, 0x0924, 0x0924, 0x0924, 0x0924, 0x0924, 0x0924, 0x0924, 0x0924, 0x0924, 0x0924, 
    0x0924, 0x0924, 0x0924, 0x0924, 0x0924, 0x0924, 0x0924, 0x0924, 0x38C3, 0x38A2, 0xC020, 0xF800, 
    0xF000, 0xF000, 0xF800, 0xF800, 0xF800, 0xF800, 0xF800, 0xF800, 0xF800, 0xF800, 0xF800, 0xF800, 
    0xF800, 0xF800, 0xF800, 0xF800, 0xF800, 0xF800, 0xF800, 0xF800, 0xF800, 0xF800, 0xF800, 0xF800, 
    0xF000, 0xF000, 0xF800, 0xF800, 0x38A2, 0x38A2, 0x0924, 0x0924, 0x0924, 0x0924, 0x0924, 0x0924, 
    0x0924, 0x0924, 0x0924, 0x0924, 0x0924, 0x0924, 0x0924, 0x0924, 0x0924, 0x0924, 0x0924, 0x0924, 
    0x0924, 0x0924, 0x0924, 0x0924, 0x0924, 0x0924, 0x0924, 0x0924, 0x0924, 0x0924, 0x0924, 0x0924, 
    0x0924, 0x0924, 0x0924, 0x0924, 0x0924, 0x0924, 0x0924, 0x0924, 0x0924, 0x0924, 0x0924, 0x0924, 
    0x0924, 0x0924, 0x0924, 0x0924, 0x0924, 0x0924, 0x0924, 0x0924, 0x0924, 0x0924, 0x0924, 0x0924, 
    0x0924, 0x0924, 0x0924, 0x0924, 0x0924, 0x0924, 0x0924, 0x0924, 0x0924, 0x0924, 0x0924, 0x0924, 
    0x0924, 0x0924, 0x0924, 0x0924, 0x0924, 0x0924, 0x0924, 0x0924, 0x0924, 0x0924, 0x0924, 0x0924, 
    0x0924, 0x0924, 0x0924, 0x0924, 0x0924, 0x0924, 0x0924, 0x0924, 0x0924, 0x0924, 0x0924, 0x18E3, 
    0xF800, 0xF800, 0xF800, 0xF800, 0xF800, 0xF800, 0xF800, 0xF800, 0xF800, 0xF800, 0xF800, 0xF800, 
    0xF800, 0xF800, 0xF800, 0xF800, 0xF800, 0xF800, 0xF800, 0xF800, 0xF800, 0xF800, 0xF800, 0xF800, 
    0xF800, 0xF800, 0x48A2, 0x1104, 0x0924, 0x0924, 0x0924, 0x0924, 0x0924, 0x0924, 0x0924, 0x0924, 
    0x0924, 0x0924, 0x0924, 0x0924, 0x0924, 0x0924, 0x0924, 0x0924, 0x0924, 0x0924, 0x0924, 0x0924, 
    0x0924, 0x0924, 0x0924, 0x0924, 0x0924, 0x0924, 0x0924, 0x0924, 0x0924, 0x0924, 0x0924, 0x0924, 
    0x0924, 0x0924, 0x0924, 0x0924, 0x0924, 0x0924, 0x0924, 0x0924, 0x0924, 0x0924, 0x0924, 0x0924, 
    0x0924, 0x0924, 0x0924, 0x0924, 0x0924, 0x0924, 0x0924, 0x0924, 0x0924, 0x0924, 0x0924, 0x0924, 
    0x0924, 0x0924, 0x0924, 0x0924, 0x0924, 0x0924, 0x0924, 0x0924, 0x0924, 0x0924, 0x0924, 0x0924, 
    0x0924, 0x0924, 0x0924, 0x0924, 0x0924, 0x0924, 0x0924, 0x0924, 0x0924, 0x0924, 0x0924, 0x0924, 
    0x0924, 0x0924, 0x0924, 0x0924, 0x0924, 0x0924, 0x0924, 0x0924, 0x0924, 0x0924, 0x0924, 0x0924, 
    0x0924, 0x0924, 0x50A2, 0xE800, 0xE800, 0xF800, 0xF800, 0xF800, 0xF000, 0xF800, 0xF800, 0xF800, 
    0xF800, 0xF800, 0xF800, 0xF800, 0xF800, 0xF800, 0xF000, 0xF000, 0xF800, 0xF800, 0xF800, 0xD820, 
    0x0904, 0x0924, 0x0924, 0x0924, 0x0924, 0x0924, 0x0924, 0x0924, 0x0924, 0x0924, 0x0924, 0x0924, 
    0x0924, 0x0924, 0x0924, 0x0924, 0x0924, 0x0924, 0x0924, 0x0924, 0x0924, 0x0924, 0x0924, 0x0924, 
    0x0924, 0x0924, 0x0924, 0x0924, 0x0924, 0x0924, 0x0924, 0x0924, 0x0924, 0x0924, 0x0924, 0x0924, 
    0x0924, 0x0924, 0x0924, 0x0924, 0x0924, 0x0924, 0x0924, 0x0924, 0x0924, 0x0924, 0x0924, 0x0924, 
    0x0924, 0x0924, 0x0924, 0x0924, 0x0924, 0x0924, 0x0924, 0x0924, 0x0924, 0x0924, 0x0924, 0x0924, 
    0x0924, 0x0924, 0x0924, 0x0924, 0x0924, 0x0924, 0x0924, 0x0924, 0x0924, 0x0924, 0x0924, 0x0924, 
    0x0924, 0x0924, 0x0924, 0x0924, 0x0924, 0x0924, 0x0924, 0x0924, 0x0924, 0x0924, 0x0924, 0x0924, 
    0x0924, 0x0924, 0x0924, 0x0924, 0x0924, 0x0924, 0x0924, 0x0924, 0x0924, 0x0924, 0x0924, 0x0924, 
    0x0924, 0x0924, 0x0924, 0x0924, 0x0924, 0x8861, 0x8061, 0xF800, 0xF800, 0xE800, 0xE800, 0xF800, 
    0xF000, 0xF800, 0xF800, 0xF800, 0xE800, 0xF800, 0xF800, 0xF800, 0x8061, 0x8861, 0x1104, 0x0924, 
    0x0924, 0x0924, 0x0924, 0x0924, 0x0924, 0x0924, 0x0924, 0x0924, 0x0924, 0x0924, 0x0924, 0x0924, 
    0x0924, 0x0924, 0x0924, 0x0924, 0x0924, 0x0924, 0x0924, 0x0924, 0x0924, 0x0924, 0x0924, 0x0924, 
    0x0924, 0x0924, 0x0924, 0x0924, 0x0924, 0x0924, 0x0924, 0x0924, 0x0924, 0x0924, 0x0924, 0x0924, 
    0x0924, 0x0924, 0x0924, 0x0924, 0x0924, 0x0924, 0x0924, 0x0924, 0x0924, 0x0924, 0x0924, 0x0924, 
    0x0924, 0x0924, 0x0924, 0x0924, 0x0924, 0x0924, 0x0924, 0x0924, 0x0924, 0x0924, 0x0924, 0x0924, 
    0x0924, 0x0924, 0x0924, 0x0924, 0x0924, 0x0924, 0x0924, 0x0924, 0x0924, 0x0924, 0x0924, 0x0924, 
    0x0924, 0x0924, 0x0924, 0x0924, 0x0924, 0x0924, 0x0924, 0x0924, 0x0924, 0x0924, 0x0924, 0x0924, 
    0x0924, 0x0924, 0x0924, 0x0924, 0x0924, 0x0924, 0x0924, 0x0924, 0x0924, 0x0924, 0x0924, 0x0924, 
    0x0924, 0x0924, 0x0924, 0x0924, 0x0924, 0x0924, 0x0924, 0x20E3, 0x5882, 0xF800, 0xF800, 0xF800, 
    0xF800, 0xF800, 0xF000, 0xF000, 0xF800, 0xC020, 0x38A2, 0x38C3, 0x0924, 0x0924, 0x0924, 0x0924, 
    0x0924, 0x0924, 0x0924, 0x0924, 0x0924, 0x0924, 0x0924, 0x0924, 0x0924, 0x0924, 0x0924, 0x0924, 
    0x0924, 0x0924, 0x0924, 0x0924, 0x0924, 0x0924, 0x0924, 0x0924, 0x0924, 0x0924, 0x0924, 0x0924, 
    0x0924, 0x0924, 0x0924, 0x0924, 0x0924, 0x0924, 0x0924, 0x0924, 0x0924, 0x0924, 0x0924, 0x0924, 
    0x0924, 0x0924, 0x0924, 0x0924, 0x0924, 0x0924, 0x0924, 0x0924, 0x0924, 0x0924, 0x0924, 0x0924, 
    0x0924, 0x0924, 0x0924, 0x0924, 0x0924, 0x0924, 0x0924, 0x0924, 0x0924, 0x0924, 0x0924, 0x0924, 
    0x0924, 0x0924, 0x0924, 0x0924, 0x0924, 0x0924, 0x0924, 0x0924, 0x0924, 0x0924, 0x0924, 0x0924, 
    0x0924, 0x0924, 0x0924, 0x0924, 0x0924, 0x0924, 0x0924, 0x0924, 0x0924, 0x0924, 0x0924, 0x0924, 
    0x0924, 0x0924, 0x0924, 0x0924, 0x0924, 0x0924, 0x0924, 0x0924, 0x0924, 0x0924, 0x0924, 0x0924, 
    0x0924, 0x0924, 0x0924, 0x0924, 0x0924, 0x0924, 0x0924, 0x0924, 0x0924, 0x10E3, 0x1104, 0xB041, 
    0x30C3, 0xF800, 0xF800, 0xF800, 0x18E3, 0x0924, 0x0924, 0x0924, 0x0924, 0x0924, 0x0924, 0x0924, 
    0x0924, 0x0924, 0x0924, 0x0924, 0x0924, 0x0924, 0x0924, 0x0924, 0x0924, 0x0924, 0x0924, 0x0924, 
    0x0924, 0x0924, 0x0924, 0x0924, 0x0924, 0x0924, 0x0924, 0x0924, 0x0924, 0x0924, 0x0924, 0x0924, 
    0x0924, 0x0924, 0x0924, 0x0924, 0x0924, 0x0924, 0x0924, 0x0924, 0x0924, 0x0924, 0x0924, 0x0924, 
    0x0924, 0x0924, 0x0924, 0x0924, 0x0924, 0x0924, 0x0924, 0x0924, 0x0924, 0x0924, 0x0924, 0x0924, 
    0x0924, 0x0924, 0x0924, 0x0924, 0x0924, 0x0924, 0x0924, 0x0924, 0x0924, 0x0924, 0x0924, 0x0924, 
    0x0924, 0x0924, 0x0924, 0x0924, 0x0924, 0x0924, 0x0924, 0x0924, 0x0924, 0x0924, 0x0924, 0x0924, 
    0x0924, 0x0924, 0x0924, 0x0924, 0x0924, 0x0924, 0x0924, 0x0924, 0x0924, 0x0924, 0x0924, 0x0924, 
    0x0924, 0x0924, 0x0924, 0x0924, 0x0924, 0x0924, 0x0924, 0x0924, 0x0924, 0x0924, 0x0924, 0x0924, 
    0x0924, 0x0924, 0x0924, 0x0924, 0x0924, 0x0924, 0x0924, 0x0924, 0x0924, 0x0924, 0x0924, 0x0924, 
    0x0924, 0x6082, 0x0924, 0x0924, 0x0924, 0x0924, 0x0924, 0x0924, 0x0924, 0x0924, 0x0924, 0x0924, 
    0x0924, 0x0924, 0x0924, 0x0924, 0x0924, 0x0924, 0x0924, 0x0924, 0x0924, 0x0924, 0x0924, 0x0924, 
    0x0924, 0x0924, 0x0924, 0x0924, 0x0924, 0x0924, 0x0924, 0x0924, 0x0924, 0x0924, 0x0924, 0x0924, 
    0x0924, 0x0924, 0x0924, 0x0924, 0x0924, 0x0924, 0x0924, 0x0924, 0x0924, 0x0924, 0x0924, 0x0924, 
    0x0924, 0x0924, 0x0924, 0x0924, 0x0924, 0x0924, 0x0924, 0x0924, 0x0924, 0x0924, 0x0924, 0x0924, 
    0x0924, 0x0924, 0x0924, 0x0924, 0x0924, 0x0924, 0x0924, 0x0924, 0x0924, 0x0924, 0x0924, 0x0924, 
    0x0924, 0x0924, 0x0924, 0x0924, 0x0924, 0x0924, 0x0924, 0x0924, 0x0924, 0x0924, 0x0924, 0x0924, 
    0x0924, 0x0924, 0x0924, 0x0924, 0x0924, 0x0924, 0x0924, 0x0924, 0x0924, 0x0924, 0x0924, 0x0924, 
    0x0924, 0x0924, 0x0924, 0x0924, 0x0924, 0x0924, 0x0924, 0x0924, 0x0924, 0x0924, 0x0924, 0x0924, 
    0x0924, 0x0924, 0x0924, 0x0924, 0x0924, 0x0924, 0x0924, 0x0924, 0x0924, 0x0924, 0x0924, 0x0924, 
    0x0924, 0x0924, 0x0924, 0x0924, 0x0924, 0x0924, 0x0924, 0x0924, 0x0924, 0x0924, 0x0924, 0x0924, 
    0x0924, 0x0924, 0x0924, 0x0924, 0x0924, 0x0924, 0x0924, 0x0924, 0x0924, 0x0924, 0x0924, 0x0924, 
    0x0924, 0x0924, 0x0924, 0x0924, 0x0924, 0x0924, 0x0924, 0x0924, 0x0924, 0x0924, 0x0924, 0x0924, 
    0x0924, 0x0924, 0x0924, 0x0924, 0x0924, 0x0924, 0x0924, 0x0924, 0x0924, 0x0924, 0x0924, 0x0924, 
    0x0924, 0x0924, 0x0924, 0x0924, 0x0924, 0x0924, 0x0924, 0x0924, 0x0924, 0x0924, 0x0924, 0x0924, 
    0x0924, 0x0924, 0x0924, 0x0924, 0x0924, 0x0924, 0x0924, 0x0924, 0x0924, 0x0924, 0x0924, 0x0924, 
    0x0924, 0x0924, 0x0924, 0x0924, 0x0924, 0x0924, 0x0924, 0x0924, 0x0924, 0x0924, 0x0924, 0x0924, 
    0x0924, 0x0924, 0x0924, 0x0924, 0x0924, 0x0924, 0x0924, 0x0924, 0x0924, 0x0924, 0x0924, 0x0924, 
    0x0924, 0x0924, 0x0924, 0x0924, 0x0924, 0x0924, 0x0924, 0x0924, 0x0924, 0x0924, 0x0924, 0x0924, 
    0x0924, 0x0924, 0x0924, 0x0924, 0x0924, 0x0924, 0x0924, 0x0924, 0x0924, 0x0924, 0x0924, 0x0924, 
    0x0924, 0x0924, 0x0924, 0x0924, 0x0924, 0x0924, 0x0924, 0x0924, 0x0924, 0x0924, 0x0924, 0x0924, 
    0x0924, 0x0924, 0x0924, 0x0924, 0x0924, 0x0924, 0x0924, 0x0924, 0x0924, 0x0924, 0x0924, 0x0924, 
    0x0924, 0x0924, 0x0924, 0x0924, 0x0924, 0x0924, 0x0924, 0x0924, 0x0924, 0x0924, 0x0924, 0x0924, 
    0x0924, 0x0924, 0x0924, 0x0924, 0x0924, 0x0924, 0x0924, 0x0924, 0x0924, 0x0924, 0x0924, 0x0924, 
    0x0924, 0x0924, 0x0924, 0x0924, 0x0924, 0x0924, 0x0924, 0x0924, 0x0924, 0x0924, 0x0924, 0x0924, 
    0x0924, 0x0924, 0x0924, 0x0924, 0x0924, 0x0924, 0x0924, 0x0924, 0x0924, 0x0924, 0x0924, 0x0924, 
    0x0924, 0x0924, 0x0924, 0x0924, 0x0924, 0x0924, 0x0924, 0x0924, 0x0924, 0x0924, 0x0924, 0x0924, 
    0x0924, 0x0924, 0x0924, 0x0924, 0x0924, 0x0924, 0x0924, 0x0924, 0x0924, 0x0924, 0x0924, 0x0924, 
    0x0924, 0x0924, 0x0924, 0x0924, 0x0924, 0x0924, 0x0924, 0x0924, 0x0924, 0x0924, 0x0924, 0x0924, 
    0x0924, 0x0924, 0x0924, 0x0924, 0x0924, 0x0924, 0x0924, 0x0924, 0x0924, 0x0924, 0x0924, 0x0924, 
    0x0924, 0x0924, 0x0924, 0x0924, 0x0924, 0x0924, 0x0924, 0x0924, 0x0924, 0x0924, 0x0924, 0x0924, 
    0x0924, 0x0924, 0x0924, 0x0924, 0x0924, 0x0924, 0x0924, 0x0924, 0x0924, 0x0924, 0x0924, 0x0924, 
    0x0924, 0x0924, 0x0924, 0x0924, 0x0924, 0x0924, 0x0924, 0x0924, 0x0924, 0x0924, 0x0924, 0x0924, 
    0x0924, 0x0924, 0x0924, 0x0924, 0x0924, 0x0924, 0x0924, 0x0924, 0x0924, 0x0924, 0x0924, 0x0924, 
    0x0924, 0x0924, 0x0924, 0x0924, 0x0924, 0x0924, 0x0924, 0x0924, 0x0924, 0x0924, 0x0924, 0x0924, 
    0x0924, 0x0924, 0x0924, 0x0924, 0x0924, 0x0924, 0x0924, 0x0924, 0x0924, 0x0924, 0x0924, 0x0924, 
    0x0924, 0x0924, 0x0924, 0x0924, 0x0924, 0x0924, 0x0924, 0x0924, 0x0924, 0x0924, 0x0924, 0x0924, 
    0x0924, 0x0924, 0x0924, 0x0924, 0x0924, 0x0924, 0x0924, 0x0924, 0x0924, 0x0924, 0x0924, 0x0924, 
    0x0924, 0x0924, 0x0924, 0x0924, 0x0924, 0x0924, 0x0924, 0x0924, 0x0924, 0x0924, 0x0924, 0x0924, 
    0x0924, 0x0924, 0x0924, 0x0924, 0x0924, 0x0924, 0x0924, 0x0924, 0x0924, 0x0924, 0x0924, 0x0924, 
    0x0924, 0x0924, 0x0924, 0x0924, 0x0924, 0x0924, 0x0924, 0x0924, 0x0924, 0x0924, 0x0924, 0x0924, 
    0x0924, 0x0924, 0x0924, 0x0924, 0x0924, 0x0924, 0x0924, 0x0924, 0x0924, 0x0924, 0x0924, 0x0924, 
    0x0924, 0x0924, 0x0924, 0x0924, 0x0924, 0x0924, 0x0924, 0x0924, 0x0924, 0x0924, 0x0924, 0x0924, 
    0x0924, 0x0924, 0x0924, 0x0924, 0x0924, 0x0924, 0x0924, 0x0924, 0x0924, 0x0924, 0x0924, 0x0924, 
    0x0924, 0x0924, 0x0924, 0x0924, 0x0924, 0x0924, 0x0924, 0x0924, 0x0924, 0x0924, 0x0924, 0x0924, 
    0x0924, 0x0924, 0x0924, 0x0924, 0x0924, 0x0924, 0x0924, 0x0924, 0x0924, 0x0924, 0x0924, 0x0924, 
    0x0924, 0x0924, 0x0924, 0x0924, 0x0924, 0x0924, 0x0924, 0x0924, 0x0924, 0x0924, 0x0924, 0x0924, 
    0x0924, 0x0924, 0x0924, 0x0924, 0x0924, 0x0924, 0x0924, 0x0924, 0x0924, 0x0924, 0x0924, 0x0924, 
    0x0924, 0x0924, 0x0924, 0x0924, 0x0924, 0x0924, 0x0924, 0x0924, 0x0924, 0x0924, 0x0924, 0x0924, 
    0x0924, 0x0924, 0x0924, 0x0924, 0x0924, 0x0924, 0x0924, 0x0924, 0x0924, 0x0924, 0x0924, 0x0924, 
    0x0924, 0x0924, 0x0924, 0x0924, 0x0924, 0x0924, 0x0924, 0x0924, 0x0924, 0x0924, 0x0924, 0x0924, 
    0x0924, 0x0924, 0x0924, 0x0924, 0x0924, 0x0924, 0x0924, 0x0924, 0x0924, 0x0924, 0x0924, 0x0924, 
    0x0924, 0x0924, 0x0924, 0x0924, 0x0924, 0x0924, 0x0924, 0x0924, 0x0924, 0x0924, 0x0924, 0x0924, 
    0x0924, 0x0924, 0x0924, 0x0924, 0x0924, 0x0924, 0x0924, 0x0924, 0x0924, 0x0924, 0x0924, 0x0924, 
    0x0924, 0x0924, 0x0924, 0x0924, 0x0924, 0x0924, 0x0924, 0x0924, 0x0924, 0x0924, 0x0924, 0x0924, 
    0x0924, 0x0924, 0x0924, 0x0924, 0x0924, 0x0924, 0x0924, 0x0924, 0x0924, 0x0924, 0x0924, 0x0924, 
    0x0924, 0x0924, 0x0924, 0x0924, 0x0924, 0x0924, 0x0924, 0x0924, 0x0924, 0x0924, 0x0924, 0x0924, 
    0x0924, 0x0924, 0x0924, 0x0924, 0x0924, 0x0924, 0x0924, 0x0924, 0x0924, 0x0924, 0x0924, 0x0924, 
    0x0924, 0x0924, 0x0924, 0x0924, 0x0924, 0x0924, 0x0924, 0x0924, 0x0924, 0x0924, 0x0924, 0x0924, 
    0x0924, 0x0924, 0x0924, 0x0924, 0x0924, 0x0924, 0x0924, 0x0924, 0x0924, 0x0924, 0x0924, 0x0924, 
    0x0924, 0x0924, 0x0924, 0x0924, 0x0924, 0x0924, 0x0924, 0x0924, 0x0924, 0x0924, 0x0924, 0x0924, 
    0x0924, 0x0924, 0x0924, 0x0924, 0x0924, 0x0924, 0x0924, 0x0924, 0x0924, 0x0924, 0x0924, 0x0924, 
    0x0924, 0x0924, 0x0924, 0x0924, 0x0924, 0x0924, 0x0924, 0x0924, 0x0924, 0x0924, 0x0924, 0x0924, 
    0x0924, 0x0924, 0x0924, 0x0924, 0x0924, 0x0924, 0x0924, 0x0924, 0x0924, 0x0924, 0x0924, 0x0924, 
    0x0924, 0x0924, 0x0924, 0x0924, 0x0924, 0x0924, 0x0924, 0x0924, 0x0924, 0x0924, 0x0924, 0x0924, 
    0x0924, 0x0924, 0x0924, 0x0924, 0x0924, 0x0924, 0x0924, 0x0924, 0x0924, 0x0924, 0x0924, 0x0924, 
    0x0924, 0x0924, 0x0924, 0x0924, 0x0924, 0x0924, 0x0924, 0x0924, 0x0924, 0x0924, 0x0924, 0x0924, 
    0x0924, 0x0924, 0x0924, 0x0924, 0x0924, 0x0924, 0x0924, 0x0924, 0x0924, 0x0924, 0x0924, 0x0924, 
    0x0924, 0x0924, 0x0924, 0x0924, 0x0924, 0x0924, 0x0924, 0x0924, 0x0924, 0x0924, 0x0924, 0x0924, 
    0x0924, 0x0924, 0x0924, 0x0924, 0x0924, 0x0924, 0x0924, 0x0924, 0x0924, 0x0924, 0x0924, 0x0924, 
    0x0924, 0x0924, 0x0924, 0x0924, 0x0924, 0x0924, 0x0924, 0x0924, 0x0924, 0x0924, 0x0924, 0x0924, 
    0x0924, 0x0924, 0x0924, 0x0924, 0x0924, 0x0924, 0x0924, 0x0924, 0x0924, 0x0924, 0x0924, 0x0924, 
    0x0924, 0x0924, 0x0924, 0x0924, 0x0924, 0x0924, 0x0924, 0x0924, 0x0924, 0x0924, 0x0924, 0x0924, 
    0x0924, 0x0924, 0x0924, 0x0924, 0x0924, 0x0924, 0x0924, 0x0924, 0x0924, 0x0924, 0x0924, 0x0924, 
    0x0924, 0x0924, 0x0924, 0x0924, 0x0924, 0x0924, 0x0924, 0x0924, 0x0924, 0x0924, 0x0924, 0x0924, 
    0x0924, 0x0924, 0x0924, 0x0924, 0x0924, 0x0924, 0x0924, 0x0924, 0x0924, 0x0924, 0x0924, 0x0924, 
    0x0924, 0x0924, 0x0924, 0x0924, 0x0924, 0x0924, 0x0924, 0x0924, 0x0924, 0x0924, 0x0924, 0x0924, 
    0x0924, 0x0924, 0x0924, 0x0924, 0x0924, 0x0924, 0x0924, 0x0924, 0x0924, 0x0924, 0x0924, 0x0924, 
    0x0924, 0x0924, 0x0924, 0x0924, 0x0924, 0x0924, 0x0924, 0x0924, 0x0924, 0x0924, 0x0924, 0x0924, 
    0x0924, 0x0924, 0x0924, 0x0924, 0x0924, 0x0924, 0x0924, 0x0924, 0x0924, 0x0924, 0x0924, 0x0924, 
    0x0924, 0x0924, 0x0924, 0x0924, 0x0924, 0x0924, 0x0924, 0x0924, 0x0924, 0x0924, 0x0924, 0x0924, 
    0x0924, 0x0924, 0x0924, 0x0924, 0x0924, 0x0924, 0x0924, 0x0924, 0x0924, 0x0924, 0x0924, 0x0924, 
    0x0924, 0x0924, 0x0924, 0x0924, 0x0924, 0x0924, 0x0924, 0x0924, 0x0924, 0x0924, 0x0924, 0x0924, 
    0x0924, 0x0924, 0x0924, 0x0924, 0x0924, 0x0924, 0x0924, 0x0924, 0x0924, 0x0924, 0x0924, 0x0924, 
    0x0924, 0x0924, 0x0924, 0x0924, 0x0924, 0x0924, 0x0924, 0x0924, 0x0924, 0x0924, 0x0924, 0x0924, 
    0x0924, 0x0924, 0x0924, 0x0924, 0x0924, 0x0924, 0x0924, 0x0924, 0x0924, 0x0924, 0x0924, 0x0924, 
    0x0924, 0x0924, 0x0924, 0x0924, 0x0924, 0x0924, 0x0924, 0x0924, 0x0924, 0x0924, 0x0924, 0x0924, 
    0x0924, 0x0924, 0x0924, 0x0924, 0x0924, 0x0924, 0x0924, 0x0924, 0x0924, 0x0924, 0x0924, 0x0924, 
    0x0924, 0x0924, 0x0924, 0x0924, 0x0924, 0x0924, 0x0924, 0x0924, 0x0924, 0x0924, 0x0924, 0x0924, 
    0x0924, 0x0924, 0x0924, 0x0924, 0x0924, 0x0924, 0x0924, 0x0924, 0x0924, 0x0924, 0x0924, 0x0924, 
    0x0924, 0x0924, 0x0924, 0x0924, 0x0924, 0x0924, 0x0924, 0x0924, 0x0924, 0x0924, 0x0924, 0x0924, 
    0x0924, 0x0924, 0x0924, 0x0924, 0x0924, 0x0924, 0x0924, 0x0924, 0x0924, 0x0924, 0x0924, 0x0924, 
    0x0924, 0x0924, 0x0924, 0x0924, 0x0924, 0x0924, 0x0924, 0x0924, 0x0924, 0x0924, 0x0924, 0x0924, 
    0x0924, 0x0924, 0x0924, 0x0924, 0x0924, 0x0924, 0x0924, 0x0924, 0x0924, 0x0924, 0x0924, 0x0924, 
    0x0924, 0x0924, 0x0924, 0x0924, 0x0924, 0x0924, 0x0924, 0x0924, 0x0924, 0x0924, 0x0924, 0x0924, 
    0x0924, 0x0924, 0x0924, 0x0924, 0x0924, 0x0924, 0x0924, 0x0924, 0x0924, 0x0924, 0x0924, 0x0924, 
    0x0924, 0x0924, 0x0924, 0x0924, 0x0924, 0x0924, 0x0924, 0x0924, 0x0924, 0x0924, 0x0924, 0x0924, 
    0x0924, 0x0924, 0x0924, 0x0924, 0x0924, 0x0924, 0x0924, 0x0924, 0x0924, 0x0924, 0x0924, 0x0924, 
    0x0924, 0x0924, 0x0924, 0x0924, 0x0924, 0x0924, 0x0924, 0x0924, 0x0924, 0x0924, 0x0924, 0x0924, 
    0x0924, 0x0924, 0x0924, 0x0924, 0x0924, 0x0924, 0x0924, 0x0924, 0x0924, 0x0924, 0x0924, 0x0924, 
    0x0924, 0x0924, 0x0924, 0x0924, 0x0924, 0x0924, 0x0924, 0x0924, 0x0924, 0x0924, 0x0924, 0x0924, 
    0x0924, 0x0924, 0x0924, 0x0924, 0x0924, 0x0924, 0x0924, 0x0924, 0x0924, 0x0924, 0x0924, 0x0924, 
    0x0924, 0x0924, 0x0924, 0x0924, 0x0924, 0x0924, 0x0924, 0x0924, 0x0924, 0x0924, 0x0924, 0x0924, 
    0x0924, 0x0924, 0x0924, 0x0924, 0x0924, 0x0924, 0x0924, 0x0924, 0x0924, 0x0924, 0x0924, 0x0924, 
    0x0924, 0x0924, 0x0924, 0x0924, 0x0924, 0x0924, 0x0924, 0x0924, 0x0924, 0x0924, 0x0924, 0x0924, 
    0x0924, 0x0924, 0x0924, 0x0924, 0x0924, 0x0924, 0x0924, 0x0924, 0x0924, 0x0924, 0x0924, 0x0924, 
    0x0924, 0x0924, 0x0924, 0x0924, 0x0924, 0x0924, 0x0924, 0x0924, 0x0924, 0x0924, 0x0924, 0x0924, 
    0x0924, 0x0924, 0x0924, 0x0924, 0x0924, 0x0924, 0x0924, 0x0924, 0x0924, 0x0924, 0x0924, 0x0924, 
    0x0924, 0x0924, 0x0924, 0x0924, 0x0924, 0x0924, 0x0924, 0x0924, 0x0924, 0x0924, 0x0924, 0x0924, 
    0x0924, 0x0924, 0x0924, 0x0924, 0x0924, 0x0924, 0x0924, 0x0924, 0x0924, 0x0924, 0x0924, 0x0924, 
    0x0924, 0x0924, 0x0924, 0x0924, 0x0924, 0x0924, 0x0924, 0x0924, 0x0924, 0x0924, 0x0924, 0x0924, 
    0x0924, 0x0924, 0x0924, 0x0924, 0x0924, 0x0924, 0x0924, 0x0924, 0x0924, 0x0924, 0x0924, 0x0924, 
    0x0924, 0x0924, 0x0924, 0x0924, 0x0924, 0x0924, 0x0924, 0x0924, 0x0924, 0x0924, 0x0924, 0x0924, 
    0x0924, 0x0924, 0x0924, 0x0924, 0x0924, 0x0924, 0x0924, 0x0924, 0x0924, 0x0924, 0x0924, 0x0924, 
    0x0924, 0x0924, 0x0924, 0x0924, 0x0924, 0x0924, 0x0924, 0x0924, 0x0924, 0x0924, 0x0924, 0x0924, 
    0x0924, 0x0924, 0x0924, 0x0924, 0x0924, 0x0924, 0x0924, 0x0924, 0x0924, 0x0924, 0x0924, 0x0924, 
    0x0924, 0x0924, 0x0924, 0x0924, 0x0924, 0x0924, 0x0924, 0x0924, 0x0924, 0x0924, 0x0924, 0x0924, 
    0x0924, 0x0924, 0x0924, 0x0924, 0x0924, 0x0924, 0x0924, 0x0924, 0x0924, 0x0924, 0x0924, 0x0924, 
    0x0924, 0x0924, 0x0924, 0x0924, 0x0924, 0x0924, 0x0924, 0x0924, 0x0924, 0x0924, 0x0924, 0x0924, 
    0x0924, 0x0924, 0x0924, 0x0924, 0x0924, 0x0924, 0x0924, 0x0924, 0x0924, 0x0924, 0x0924, 0x0924, 
    0x0924, 0x0924, 0x0924, 0x0924, 0x0924, 0x0924, 0x0924, 0x0924, 0x0924, 0x0924, 0x0924, 0x0924, 
    0x0924, 0x0924, 0x0924, 0x0924, 0x0924, 0x0924, 0x0924, 0x0924, 0x0924, 0x0924, 0x0924, 0x0924, 
    0x0924, 0x0924, 0x0924, 0x0924, 0x0924, 0x0924, 0x0924, 0x0924, 0x0924, 0x0924, 0x0924, 0x0924, 
    0x0924, 0x0924, 0x0924, 0x0924, 0x0924, 0x0924, 0x0924, 0x0924, 0x0924, 0x0924, 0x0924, 0x0924, 
    0x0924, 0x0924, 0x0924, 0x0924, 0x0924, 0x0924, 0x0924, 0x0924, 0x0924, 0x0924, 0x0924, 0x0924, 
    0x0924, 0x0924, 0x0924, 0x0924, 0x0924, 0x0924, 0x0924, 0x0924, 0x0924, 0x0924, 0x0924, 0x0924, 
    0x0924, 0x0924, 0x0924, 0x0924, 0x0924, 0x0924, 0x0924, 0x0924, 0x0924, 0x0924, 0x0924, 0x0924, 
    0x0924, 0x0924, 0x0924, 0x0924, 0x0924, 0x0924, 0x0924, 0x0924, 0x0924, 0x0924, 0x0924, 0x0924, 
    0x0924, 0x0924, 0x0924, 0x0924, 0x0924, 0x0924, 0x0924, 0x0924, 0x0924, 0x0924, 0x0924, 0x0924, 
    0x0924, 0x0924, 0x0924, 0x0924, 0x0924, 0x0924, 0x0924, 0x0924, 0x0924, 0x0924, 0x0924, 0x0924, 
    0x0924, 0x0924, 0x0924, 0x0924, 0x0924, 0x0924, 0x0924, 0x0924, 0x0924, 0x0924, 0x0924, 0x0924, 
    0x0924, 0x0924, 0x0924, 0x0924, 0x0924, 0x0924, 0x0924, 0x0924, 0x0924, 0x0924, 0x0924, 0x0924, 
    0x0924, 0x0924, 0x0924, 0x0924, 0x0924, 0x0924, 0x0924, 0x0924, 0x0924, 0x0924, 0x0924, 0x0924, 
    0x0924, 0x0924, 0x0924, 0x0924, 0x0924, 0x0924, 0x0924, 0x0924, 0x0924, 0x0924, 0x0924, 0x0924, 
    0x0924, 0x0924, 0x0924, 0x0924, 0x0924, 0x0924, 0x0924, 0x0924, 0x0924, 0x0924, 0x0924, 0x0924, 
    0x0924, 0x0924, 0x0924, 0x0924, 0x0924, 0x0924, 0x0924, 0x0924, 0x0924, 0x0924, 0x0924, 0x0924, 
    0x0924, 0x0924, 0x0924, 0x0924, 0x0924, 0x0924, 0x0924, 0x0924, 0x0924, 0x0924, 0x0924, 0x0924, 
    0x0924, 0x0924, 0x0924, 0x0924, 0x0924, 0x0924, 0x0924, 0x0924, 0x0924, 0x0924, 0x0924, 0x0924, 
    0x0924, 0x0924, 0x0924, 0x0924, 0x0924, 0x0924, 0x0924, 0x0924, 0x0924, 0x0924, 0x0924, 0x0924, 
    0x0924, 0x0924, 0x0924, 0x0924, 0x0924, 0x0924, 0x0924, 0x0924, 0x0924, 0x0924, 0x0924, 0x0924, 
    0x0924, 0x0924, 0x0924, 0x0924, 0x0924, 0x0924, 0x0924, 0x0924, 0x0924, 0x0924, 0x0924, 0x0924, 
    0x0924, 0x0924, 0x0924, 0x0924, 0x0924, 0x0924, 0x0924, 0x0924, 0x0924, 0x0924, 0x0924, 0x0924, 
    0x0924, 0x0924, 0x0924, 0x0924, 0x0924, 0x0924, 0x0924, 0x0924, 0x0924, 0x0924, 0x0924, 0x0924, 
    0x0924, 0x0924, 0x0924, 0x0924, 0x0924, 0x0924, 0x0924, 0x0924, 0x0924, 0x0924, 0x0924, 0x0924, 
    0x0924, 0x0924, 0x0924, 0x0924, 0x0924, 0x0924, 0x0924, 0x0924, 0x0924, 0x0924, 0x0924, 0x0924, 
    0x0924, 0x0924, 0x0924, 0x0924, 0x0924, 0x0924, 0x0924, 0x0924, 0x0924, 0x0924, 0x0924, 0x0924, 
    0x0924, 0x0924, 0x0924, 0x0924, 0x0924, 0x0924, 0x0924, 0x0924, 0x0924, 0x0924, 0x0924, 0x0924, 
    0x0924, 0x0924, 0x0924, 0x0924, 0x0924, 0x0924, 0x0924, 0x0924, 0x0924, 0x0924, 0x0924, 0x0924, 
    0x0924, 0x0924, 0x0924, 0x0924, 0x0924, 0x0924, 0x0924, 0x0924, 0x0924, 0x0924, 0x0924, 0x0924, 
    0x0924, 0x0924, 0x0924, 0x0924, 0x0924, 0x0924, 0x0924, 0x0924, 0x0924, 0x0924, 0x0924, 0x0924, 
    0x0924, 0x0924, 0x0924, 0x0924, 0x0924, 0x0924, 0x0924, 0x0924, 0x0924, 0x0924, 0x0924, 0x0924, 
    0x0924, 0x0924, 0x0924, 0x0924, 0x0924, 0x0924, 0x0924, 0x0924, 0x0924, 0x0924, 0x0924, 0x0924, 
    0x0924, 0x0924, 0x0924, 0x0924, 0x0924, 0x0924, 0x0924, 0x0924, 0x0924, 0x0924, 0x0924, 0x0924, 
    0x0924, 0x0924, 0x0924, 0x0924, 0x0924, 0x0924, 0x0924, 0x0924, 0x0924, 0x0924, 0x0924, 0x0924, 
    0x0924, 0x0924, 0x0924, 0x0924, 0x0924, 0x0924, 0x0924, 0x0924, 0x0924, 0x0924, 0x0924, 0x0924, 
    0x0924, 0x0924, 0x0924, 0x0924, 0x0924, 0x0924, 0x0924, 0x0924, 0x0924, 0x0924, 0x0924, 0x0924, 
    0x0924, 0x0924, 0x0924, 0x0924, 0x0924, 0x0924, 0x0924, 0x0924, 0x0924, 0x0924, 0x0924, 0x0924, 
    0x0924, 0x0924, 0x0924, 0x0924, 0x0924, 0x0924, 0x0924, 0x0924, 0x0924, 0x0924, 0x0924, 0x0924, 
    0x0924, 0x0924, 0x0924, 0x0924, 0x0924, 0x0924, 0x0924, 0x0924, 0x0924, 0x0924, 0x0924, 0x0924, 
    0x0924, 0x0924, 0x0924, 0x0924, 0x0924, 0x0924, 0x0924, 0x0924, 0x0924, 0x0924, 0x0924, 0x0924, 
    0x0924, 0x0924, 0x0924, 0x0924, 0x0924, 0x0924, 0x0924, 0x0924, 0x0924, 0x0924, 0x0924, 0x0924, 
    0x0924, 0x0924, 0x0924, 0x0924, 0x0924, 0x0924, 0x0924, 0x0924, 0x0924, 0x0924, 0x0924, 0x0924, 
    0x0924, 0x0924, 0x0924, 0x0924, 0x0924, 0x0924, 0x0924, 0x0924, 0x0924, 0x0924, 0x0924, 0x0924, 
    0x0924, 0x0924, 0x0924, 0x0924, 0x0924, 0x0924, 0x0924, 0x0924, 0x0924, 0x0924, 0x0924, 0x0924, 
    0x0924, 0x0924, 0x0924, 0x0924, 0x0924, 0x0924, 0x0924, 0x0924, 0x0924, 0x0924, 0x0924, 0x0924, 
    0x0924, 0x0924, 0x0924, 0x0924, 0x0924, 0x0924, 0x0924, 0x0924, 0x0924, 0x0924, 0x0924, 0x0924, 
    0x0924, 0x0924, 0x0924, 0x0924, 0x0924, 0x0924, 0x0924, 0x0924, 0x0924, 0x0924, 0x0924, 0x0924, 
    0x0924, 0x0924, 0x0924, 0x0924, 0x0924, 0x0924, 0x0924, 0x0924, 0x0924, 0x0924, 0x0924, 0x0924, 
    0x0924, 0x0924, 0x0924, 0x0924, 0x0924, 0x0924, 0x0924, 0x0924, 0x0924, 0x0924, 0x0924, 0x0924, 
    0x0924, 0x0924, 0x0924, 0x0924, 0x0924, 0x0924, 0x0924, 0x0924, 0x0924, 0x0924, 0x0924, 0x0924, 
    0x0924, 0x0924, 0x0924, 0x0924, 0x0924, 0x0924, 0x0924, 0x0924, 0x0924, 0x0924, 0x0924, 0x0924, 
    0x0924, 0x0924, 0x0924, 0x0924, 0x0924, 0x0924, 0x0924, 0x0924, 0x0924, 0x0924, 0x0924, 0x0924, 
    0x0924, 0x0924, 0x0924, 0x0924, 0x0924, 0x0924, 0x0924, 0x0924, 0x0924, 0x0924, 0x0924, 0x0924, 
    0x0924, 0x0924, 0x0924, 0x0924, 0x0924, 0x0924, 0x0924, 0x0924, 0x0924, 0x0924, 0x0924, 0x0924, 
    0x0924, 0x0924, 0x0924, 0x0924, 0x0924, 0x0924, 0x0924, 0x0924, 0x0924, 0x0924, 0x0924, 0x0924, 
    0x0924, 0x0924, 0x0924, 0x0924, 0x0924, 0x0924, 0x0924, 0x0924, 0x0924, 0x0924, 0x0924, 0x0924, 
    0x0924, 0x0924, 0x0924, 0x0924, 0x0924, 0x0924, 0x0924, 0x0924, 0x0924, 0x0924, 0x0924, 0x0924, 
    0x0924, 0x0924, 0x0924, 0x0924, 0x0924, 0x0924, 0x0924, 0x0924, 0x0924, 0x0924, 0x0924, 0x0924, 
    0x0924, 0x0924, 0x0924, 0x0924, 0x0924, 0x0924, 0x0924, 0x0924, 0x0924, 0x0924, 0x0924, 0x0924, 
    0x0924, 0x0924, 0x0924, 0x0924, 0x0924, 0x0924, 0x0924, 0x0924, 0x0924, 0x0924, 0x0924, 0x0924, 
    0x0924, 0x0924, 0x0924, 0x0924, 0x0924, 0x0924, 0x0924, 0x0924, 0x0924, 0x0924, 0x0924, 0x0924, 
    0x0924, 0x0924, 0x0924, 0x0924, 0x0924, 0x0924, 0x0924, 0x0924, 0x0924, 0x0924, 0x0924, 0x0924, 
    0x0924, 0x0924, 0x0924, 0x0924, 0x0924, 0x0924, 0x0924, 0x0924, 0x0924, 0x0924, 0x0924, 0x0924, 
    0x0924, 0x0924, 0x0924, 0x0924, 0x0924, 0x0924, 0x0924, 0x0924, 0x0924, 0x0924, 0x0924, 0x0924, 
    0x0924, 0x0924, 0x0924, 0x0924, 0x0924, 0x0924, 0x0924, 0x0924, 0x0924, 0x0924, 0x0924, 0x0924, 
    0x0924, 0x0924, 0x0924, 0x0924, 0x0924, 0x0924, 0x0924, 0x0924, 0x0924, 0x0924, 0x0924, 0x0924, 
    0x0924, 0x0924, 0x0924, 0x0924, 0x0924, 0x0924, 0x0924, 0x0924, 0x0924, 0x0924, 0x0924, 0x0924, 
    0x0924, 0x0924, 0x0924, 0x0924, 0x0924, 0x0924, 0x0924, 0x0924, 0x0924, 0x0924, 0x0924, 0x0924, 
    0x0924, 0x0924, 0x0924, 0x0924, 0x0924, 0x0924, 0x0924, 0x0924, 0x0924, 0x0924, 0x0924, 0x0924, 
    0x0924, 0x0924, 0x0924, 0x0924, 0x0924, 0x0924, 0x0924, 0x0924, 0x0924, 0x0924, 0x0924, 0x0924, 
    0x0924, 0x0924, 0x0924, 0x0924, 0x0924, 0x0924, 0x0924, 0x0924, 0x0924, 0x0924, 0x0924, 0x0924, 
    0x0924, 0x0924, 0x0924, 0x0924, 0x0924, 0x0924, 0x0924, 0x0924, 0x0924, 0x0924, 0x0924, 0x0924, 
    0x0924, 0x0924, 0x0924, 0x0924, 0x0924, 0x0924, 0x0924, 0x0924, 0x0924, 0x0924, 0x0924, 0x0924, 
    0x0924, 0x0924, 0x0924, 0x0924, 0x0924, 0x0924, 0x0924, 0x0924, 0x0924, 0x0924, 0x0924, 0x0924, 
    0x0924, 0x0924, 0x0924, 0x0924, 0x0924, 0x0924, 0x0924, 0x0924, 0x0924, 0x0924, 0x0924, 0x0924, 
    0x0924, 0x0924, 0x0924, 0x0924, 0x0924, 0x0924, 0x0924, 0x0924, 0x0924, 0x0924, 0x0924, 0x0924, 
    0x0924, 0x0924, 0x0924, 0x0924, 0x0924, 0x0924, 0x0924, 0x0924, 0x0924, 0x0924, 0x0924, 0x0924, 
    0x0924, 0x0924, 0x0924, 0x0924, 0x0924, 0x0924, 0x0924, 0x0924, 0x0924, 0x0924, 0x0924, 0x0924, 
    0x0924, 0x0924, 0x0924, 0x0924, 0x0924, 0x0924, 0x0924, 0x0924, 0x0924, 0x0924, 0x0924, 0x0924, 
    0x0924, 0x0924, 0x0924, 0x0924, 0x0924, 0x0924, 0x0924, 0x0924, 0x0924, 0x0924, 0x0924, 0x0924, 
    0x0924, 0x0924, 0x0924, 0x0924, 0x0924, 0x0924, 0x0924, 0x0924, 0x0924, 0x0924, 0x0924, 0x0924, 
    0x0924, 0x0924, 0x0924, 0x0924, 0x0924, 0x0924, 0x0924, 0x0924, 0x0924, 0x0924, 0x0924, 0x0924, 
    0x0924, 0x0924, 0x0924, 0x0924, 0x0924, 0x0924, 0x0924, 0x0924, 0x0924, 0x0924, 0x0924, 0x0924, 
    0x0924, 0x0924, 0x0924, 0x0924, 0x0924, 0x0924, 0x0924, 0x0924, 0x0924, 0x0924, 0x0924, 0x0924, 
    0x0924, 0x0924, 0x0924, 0x0924, 0x0924, 0x0924, 0x0924, 0x0924, 0x0924, 0x0924, 0x0924, 0x0924, 
    0x0924, 0x0924, 0x0924, 0x0924, 0x0924, 0x0924, 0x0924, 0x0924, 0x0924, 0x0924, 0x0924, 0x0924, 
    0x0924, 0x0924, 0x0924, 0x0924, 0x0924, 0x0924, 0x0924, 0x0924, 0x0924, 0x0924, 0x0924, 0x0924, 
    0x0924, 0x0924, 0x0924, 0x0924, 0x0924, 0x0924, 0x0924, 0x0924, 0x0924, 0x0924, 0x0924, 0x0924, 
    0x0924, 0x0924, 0x0924, 0x0924, 0x0924, 0x0924, 0x0924, 0x0924, 0x0924, 0x0924, 0x0924, 0x0924, 
    0x0924, 0x0924, 0x0924, 0x0924, 0x0924, 0x0924, 0x0924, 0x0924, 0x0924, 0x0924, 0x0924, 0x0924, 
    0x0924, 0x0924, 0x0924, 0x0924, 0x0924, 0x0924, 0x0924, 0x0924, 0x0924, 0x0924, 0x0924, 0x0924, 
    0x0924, 0x0924, 0x0924, 0x0924, 0x0924, 0x0924, 0x0924, 0x0924, 0x0924, 0x0924, 0x0924, 0x0924, 
    0x0924, 0x0924, 0x0924, 0x0924, 0x0924, 0x0924, 0x0924, 0x0924, 0x0924, 0x0924, 0x0924, 0x0924, 
    0x0924, 0x0924, 0x0924, 0x0924, 0x0924, 0x0924, 0x0924, 0x0924, 0x0924, 0x0924, 0x0924, 0x0924, 
    0x0924, 0x0924, 0x0924, 0x0924, 0x0924, 0x0924, 0x0924, 0x0924, 0x0924, 0x0924, 0x0924, 0x0924, 
    0x0924, 0x0924, 0x0924, 0x0924, 0x0924, 0x0924, 0x0924, 0x0924, 0x0924, 0x0924, 0x0924, 0x0924, 
    0x0924, 0x0924, 0x0924, 0x0924, 0x0924, 0x0924, 0x0924, 0x0924, 0x0924, 0x0924, 0x0924, 0x0924, 
    0x0924, 0x0924, 0x0924, 0x0924, 0x0924, 0x0924, 0x0924, 0x0924, 0x0924, 0x0924, 0x0924, 0x0924, 
    0x0924, 0x0924, 0x0924, 0x0924, 0x0924, 0x0924, 0x0924, 0x0924, 0x0924, 0x0924, 0x0924, 0x0924, 
    0x0924, 0x0924, 0x0924, 0x0924, 0x0924, 0x0924, 0x0924, 0x0924, 0x0924, 0x0924, 0x0924, 0x0924, 
    0x0924, 0x0924, 0x0924, 0x0924, 0x0924, 0x0924, 0x0924, 0x0924, 0x0924, 0x0924, 0x0924, 0x0924, 
    0x0924, 0x0924, 0x0924, 0x0924, 0x0924, 0x0924, 0x0924, 0x0924, 0x0924, 0x0924, 0x0924, 0x0924, 
    0x0924, 0x0924, 0x0924, 0x0924, 0x0924, 0x0924, 0x0924, 0x0924, 0x0924, 0x0924, 0x0924, 0x0924, 
    0x0924, 0x0924, 0x0924, 0x0924, 0x0924, 0x0924, 0x0924, 0x0924, 0x0924, 0x0924, 0x0924, 0x0924, 
    0x0924, 0x0924, 0x0924, 0x0924, 0x0924, 0x0924, 0x0924, 0x0924, 0x0924, 0x0924, 0x0924, 0x0924, 
    0x0924, 0x0924, 0x0924, 0x0924, 0x0924, 0x0924, 0x0924, 0x0924, 0x0924, 0x0924, 0x0924, 0x0924, 
    0x0924, 0x0924, 0x0924, 0x0924, 0x0924, 0x0924, 0x0924, 0x0924, 0x0924, 0x0924, 0x0924, 0x0924, 
    0x0924, 0x0924, 0x0924, 0x0924, 0x0924, 0x0924, 0x0924, 0x0924, 0x0924, 0x0924, 0x0924, 0x0924, 
    0x0924, 0x0924, 0x0924, 0x0924, 0x0924, 0x0924, 0x0924, 0x0924, 0x0924, 0x0924, 0x0924, 0x0924, 
    0x0924, 0x0924, 0x0924, 0x0924, 0x0924, 0x0924, 0x0924, 0x0924, 0x0924, 0x0924, 0x0924, 0x0924, 
    0x0924, 0x0924, 0x0924, 0x0924, 0x0924, 0x0924, 0x0924, 0x0924, 0x0924, 0x0924, 0x0924, 0x0924, 
    0x0924, 0x0924, 0x0924, 0x0924, 0x0924, 0x0924, 0x0924, 0x0924, 0x0924, 0x0924, 0x0924, 0x0924, 
    0x0924, 0x0924, 0x0924, 0x0924, 0x0924, 0x0924, 0x0924, 0x0924, 0x0924, 0x0924, 0x0924, 0x0924, 
    0x0924, 0x0924, 0x0924, 0x0924, 0x0924, 0x0924, 0x0924, 0x0924, 0x0924, 0x0924, 0x0924, 0x0924, 
    0x0924, 0x0924, 0x0924, 0x0924, 0x0924, 0x0924, 0x0924, 0x0924, 0x0924, 0x0924, 0x0924, 0x0924, 
    0x0924, 0x0924, 0x0924, 0x0924, 0x0924, 0x0924, 0x0924, 0x0924, 0x0924, 0x0924, 0x0924, 0x0924, 
    0x0924, 0x0924, 0x0924, 0x0924, 0x0924, 0x0924, 0x0924, 0x0924, 0x0924, 0x0924, 0x0924, 0x0924, 
    0x0924, 0x0924, 0x0924, 0x0924, 0x0924, 0x0924, 0x0924, 0x0924, 0x0924, 0x0924, 0x0924, 0x0924, 
    0x0924, 0x0924, 0x0924, 0x0924, 0x0924, 0x0924, 0x0924, 0x0924, 0x0924, 0x0924, 0x0924, 0x0924, 
    0x0924, 0x0924, 0x0924, 0x0924, 0x0924, 0x0924, 0x0924, 0x0924, 0x0924, 0x0924, 0x0924, 0x0924, 
    0x0924, 0x0924, 0x0924, 0x0924, 0x0924, 0x0924, 0x0924, 0x0924, 0x0924, 0x0924, 0x0924, 0x0924, 
    0x0924, 0x0924, 0x0924, 0x0924, 0x0924, 0x0924, 0x0924, 0x0924, 0x0924, 0x0924, 0x0924, 0x0924, 
    0x0924, 0x0924, 0x0924, 0x0924, 0x0924, 0x0924, 0x0924, 0x0924, 0x0924, 0x0924, 0x0924, 0x0924, 
    0x0924, 0x0924, 0x0924, 0x0924, 0x0924, 0x0924, 0x0924, 0x0924, 0x0924, 0x0924, 0x0924, 0x0924, 
    0x0924, 0x0924, 0x0924, 0x0924, 0x0924, 0x0924, 0x0924, 0x0924, 0x0924, 0x0924, 0x0924, 0x0924, 
    0x0924, 0x0924, 0x0924, 0x0924, 0x0924, 0x0924, 0x0924, 0x0924, 0x0924, 0x0924, 0x0924, 0x0924, 
    0x0924, 0x0924, 0x0924, 0x0924, 0x0924, 0x0924, 0x0924, 0x0924, 0x0924, 0x0924, 0x0924, 0x0924, 
    0x0924, 0x0924, 0x0924, 0x0924, 0x0924, 0x0924, 0x0924, 0x0924, 0x0924, 0x0924, 0x0924, 0x0924, 
    0x0924, 0x0924, 0x0924, 0x0924, 0x0924, 0x0924, 0x0924, 0x0924, 0x0924, 0x0924, 0x0924, 0x0924, 
    0x0924, 0x0924, 0x0924, 0x0924, 0x0924, 0x0924, 0x0924, 0x0924, 0x0924, 0x0924, 0x0924, 0x0924, 
    0x0924, 0x0924, 0x0924, 0x0924, 0x0924, 0x0924, 0x0924, 0x0924, 0x0924, 0x0924, 0x0924, 0x0924, 
    0x0924, 0x0924, 0x0924, 0x0924, 0x0924, 0x0924, 0x0924, 0x0924, 0x0924, 0x0924, 0x0924, 0x0924, 
    0x0924, 0x0924, 0x0924, 0x0924, 0x0924, 0x0924, 0x0924, 0x0924, 0x0924, 0x0924, 0x0924, 0x0924, 
    0x0924, 0x0924, 0x0924, 0x0924, 0x0924, 0x0924, 0x0924, 0x0924, 0x0924, 0x0924, 0x0924, 0x0924, 
    0x0924, 0x0924, 0x0924, 0x0924, 0x0924, 0x0924, 0x0924, 0x0924, 0x0924, 0x0924, 0x0924, 0x0924, 
    0x0924, 0x0924, 0x0924, 0x0924, 0x0924, 0x0924, 0x0924, 0x0924, 0x0924, 0x0924, 0x0924, 0x0924, 
    0x0924, 0x0924, 0x0924, 0x0924, 0x0924, 0x0924, 0x0924, 0x0924, 0x0924, 0x0924, 0x0924, 0x0924, 
    0x0924, 0x0924, 0x0924, 0x0924, 0x0924, 0x0924, 0x0924, 0x0924, 0x0924, 0x0924, 0x0924, 0x0924, 
    0x0924, 0x0924, 0x0924, 0x0924, 0x0924, 0x0924, 0x0924, 0x0924, 0x0924, 0x0924, 0x0924, 0x0924, 
    0x0924, 0x0924, 0x0924, 0x0924, 0x0924, 0x0924, 0x0924, 0x0924, 0x0924, 0x0924, 0x0924, 0x0924, 
    0x0924, 0x0924, 0x0924, 0x0924, 0x0924, 0x0924, 0x0924, 0x0924, 0x0924, 0x0924, 0x0924, 0x0924, 
    0x0924, 0x0924, 0x0924, 0x0924, 0x0924, 0x0924, 0x0924, 0x0924, 0x0924, 0x0924, 0x0924, 0x0924, 
    0x0924, 0x0924, 0x0924, 0x0924, 0x0924, 0x0924, 0x0924, 0x0924, 0x0924, 0x0924, 0x0924, 0x0924, 
    0x0924, 0x0924, 0x0924, 0x0924, 0x0924, 0x0924, 0x0924, 0x0924, 0x0924, 0x0924, 0x0924, 0x0924, 
    0x0924, 0x0924, 0x0924, 0x0924, 0x0924, 0x0924, 0x0924, 0x0924, 0x0924, 0x0924, 0x0924, 0x0924, 
    0x0924, 0x0924, 0x0924, 0x0924, 0x0924, 0x0924, 0x0924, 0x0924, 0x0924, 0x0924, 0x0924, 0x0924, 
    0x0924, 0x0924, 0x0924, 0x0924, 0x0924, 0x0924, 0x0924, 0x0924, 0x0924, 0x0924, 0x0924, 0x0924, 
    0x0924, 0x0924, 0x0924, 0x0924, 0x0924, 0x0924, 0x0924, 0x0924, 0x0924, 0x0924, 0x0924, 0x0924, 
    0x0924, 0x0924, 0x0924, 0x0924, 0x0924, 0x0924, 0x0924, 0x0924, 0x0924, 0x0924, 0x0924, 0x0924, 
    0x0924, 0x0924, 0x0924, 0x0924, 0x0924, 0x0924, 0x0924, 0x0924, 0x0924, 0x0924, 0x0924, 0x0924, 
    0x0924, 0x0924, 0x0924, 0x0924, 0x0924, 0x0924, 0x0924, 0x0924, 0x0924, 0x0924, 0x0924, 0x0924, 
    0x0924, 0x0924, 0x0924, 0x0924, 0x0924, 0x0924, 0x0924, 0x0924, 0x0924, 0x0924, 0x0924, 0x0924, 
    0x0924, 0x0924, 0x0924, 0x0924, 0x0924, 0x0924, 0x0924, 0x0924, 0x0924, 0x0924, 0x0924, 0x0924, 
    0x0924, 0x0924, 0x0924, 0x0924, 0x0924, 0x0924, 0x0924, 0x0924, 0x0924, 0x0924, 0x0924, 0x0924, 
    0x0924, 0x0924, 0x0924, 0x0924, 0x0924, 0x0924, 0x0924, 0x0924, 0x0924, 0x0924, 0x0924, 0x0924, 
    0x0924, 0x0924, 0x0924, 0x0924, 0x0924, 0x0924, 0x0924, 0x0924, 0x0924, 0x0924, 0x0924, 0x0924, 
    0x0924, 0x0924, 0x0924, 0x0924, 0x0924, 0x0924, 0x0924, 0x0924, 0x0924, 0x0924, 0x0924, 0x0924, 
    0x0924, 0x0924, 0x0924, 0x0924, 0x0924, 0x0924, 0x0924, 0x0924, 0x0924, 0x0924, 0x0924, 0x0924, 
    0x0924, 0x0924, 0x0924, 0x0924, 0x0924, 0x0924, 0x0924, 0x0924, 0x0924, 0x0924, 0x0924, 0x0924, 
    0x0924, 0x0924, 0x0924, 0x0924, 0x0924, 0x0924, 0x0924, 0x0924, 0x0924, 0x0924, 0x0924, 0x0924, 
    0x0924, 0x0924, 0x0924, 0x0924, 0x0924, 0x0924, 0x0924, 0x0924, 0x0924, 0x0924, 0x0924, 0x0924, 
    0x0924, 0x0924, 0x0924, 0x0924, 0x0924, 0x0924, 0x0924, 0x0924, 0x0924, 0x0924, 0x0924, 0x0924, 
    0x0924, 0x0924, 0x0924, 0x0924, 0x0924, 0x0924, 0x0924, 0x0924, 0x0924, 0x0924, 0x0924, 0x0924, 
    0x0924, 0x0924, 0x0924, 0x0924, 0x0924, 0x0924, 0x0924, 0x0924, 0x0924, 0x0924, 0x0924, 0x0924, 
    0x0924, 0x0924, 0x0924, 0x0924, 0x0924, 0x0924, 0x0924, 0x0924, 0x0924, 0x0924, 0x0924, 0x0924, 
    0x0924, 0x0924, 0x0924, 0x0924, 0x0924, 0x0924, 0x0924, 0x0924, 0x0924, 0x0924, 0x0924, 0x0924, 
    0x0924, 0x0924, 0x0924, 0x0924, 0x0924, 0x0924, 0x0924, 0x0924, 0x0924, 0x0924, 0x0924, 0x0924, 
    0x0924, 0x0924, 0x0924, 0x0924, 0x0924, 0x0924, 0x0924, 0x0924, 0x0924, 0x0924, 0x0924, 0x0924, 
    0x0924, 0x0924, 0x0924, 0x0924, 0x0924, 0x0924, 0x0924, 0x0924, 0x0924, 0x0924, 0x0924, 0x0924, 
    0x0924, 0x0924, 0x0924, 0x0924, 0x0924, 0x0924, 0x0924, 0x0924, 0x0924, 0x0924, 0x0924, 0x0924, 
    0x0924, 0x0924, 0x0924, 0x0924, 0x0924, 0x0924, 0x0924, 0x0924, 0x0924, 0x0924, 0x0924, 0x0924, 
    0x0924, 0x0924, 0x0924, 0x0924, 0x0924, 0x0924, 0x0924, 0x0924, 0x0924, 0x0924, 0x0924, 0x0924, 
    0x0924, 0x0924, 0x0924, 0x0924, 0x0924, 0x0924, 0x0924, 0x0924, 0x0924, 0x0924, 0x0924, 0x0924, 
    0x0924, 0x0924, 0x0924, 0x0924, 0x0924, 0x0924, 0x0924, 0x0924, 0x0924, 0x0924, 0x0924, 0x0924, 
    0x0924, 0x0924, 0x0924, 0x0924, 0x0924, 0x0924, 0x0924, 0x0924, 0x0924, 0x0924, 0x0924, 0x0924, 
    0x0924, 0x0924, 0x0924, 0x0924, 0x0924, 0x0924, 0x0924, 0x0924, 0x0924, 0x0924, 0x0924, 0x0924, 
    0x0924, 0x0924, 0x0924, 0x0924, 0x0924, 0x0924, 0x0924, 0x0924, 0x0924, 0x0924, 0x0924, 0x0924, 
    0x0924, 0x0924, 0x0924, 0x0924, 0x0924, 0x0924, 0x0924, 0x0924, 0x0924, 0x0924, 0x0924, 0x0924, 
    0x0924, 0x0924, 0x0924, 0x0924, 0x0924, 0x0924, 0x0924, 0x0924, 0x0924, 0x0924, 0x0924, 0x0924, 
    0x0924, 0x0924, 0x0924, 0x0924, 0x0924, 0x0924, 0x0924, 0x0924, 0x0924, 0x0924, 0x0924, 0x0924, 
    0x0924, 0x0924, 0x0924, 0x0924, 0x0924, 0x0924, 0x0924, 0x0924, 0x0924, 0x0924, 0x0924, 0x0924, 
    0x0924, 0x0924, 0x0924, 0x0924, 0x0924, 0x0924, 0x0924, 0x0924, 0x0924, 0x0924, 0x0924, 0x0924, 
    0x0924, 0x0924, 0x0924, 0x0924, 0x0924, 0x0924, 0x0924, 0x0924, 0x0924, 0x0924, 0x0924, 0x0924, 
    0x0924, 0x0924, 0x0924, 0x0924, 0x0924, 0x0924, 0x0924, 0x0924, 0x0924, 0x0924, 0x0924, 0x0924, 
    0x0924, 0x0924, 0x0924, 0x0924, 0x0924, 0x0924, 0x0924, 0x0924, 0x0924, 0x0924, 0x0924, 0x0924, 
    0x0924, 0x0924, 0x0924, 0x0924, 0x0924, 0x0924, 0x0924, 0x0924, 0x0924, 0x0924, 0x0924, 0x0924, 
    0x0924, 0x0924, 0x0924, 0x0924, 0x0924, 0x0924, 0x0924, 0x0924, 0x0924, 0x0924, 0x0924, 0x0924, 
    0x0924, 0x0924, 0x0924, 0x0924, 0x0924, 0x0924, 0x0924, 0x0924, 0x0924, 0x0924, 0x0924, 0x0924, 
    0x0924, 0x0924, 0x0924, 0x0924, 0x0924, 0x0924, 0x0924, 0x0924, 0x0924, 0x0924, 0x0924, 0x0924, 
    0x0924, 0x0924, 0x0924, 0x0924, 0x0924, 0x0924, 0x0924, 0x0924, 0x0924, 0x0924, 0x0924, 0x0924, 
    0x0924, 0x0924, 0x0924, 0x0924, 0x0924, 0x0924, 0x0924, 0x0924, 0x0924, 0x0924, 0x0924, 0x0924, 
    0x0924, 0x0924, 0x0924, 0x0924, 0x0924, 0x0924, 0x0924, 0x0924, 0x0924, 0x0924, 0x0924, 0x0924, 
    0x0924, 0x0924, 0x0924, 0x0924, 0x0924, 0x0924, 0x0924, 0x0924, 0x0924, 0x0924, 0x0924, 0x0924, 
    0x0924, 0x0924, 0x0924, 0x0924, 0x0924, 0x0924, 0x0924, 0x0924, 0x0924, 0x0924, 0x0924, 0x0924, 
    0x0924, 0x0924, 0x0924, 0x0924, 0x0924, 0x0924, 0x0924, 0x0924, 0x0924, 0x0924, 0x0924, 0x0924, 
    0x0924, 0x0924, 0x0924, 0x0924, 0x0924, 0x0924, 0x0924, 0x0924, 0x0924, 0x0924, 0x0924, 0x0924, 
    0x0924, 0x0924, 0x0924, 0x0924, 0x0924, 0x0924, 0x0924, 0x0924, 0x0924, 0x0924, 0x0924, 0x0924, 
    0x0924, 0x0924, 0x0924, 0x0924, 0x0924, 0x0924, 0x0924, 0x0924, 0x0924, 0x0924, 0x0924, 0x0924, 
    0x0924, 0x0924, 0x0924, 0x0924, 0x0924, 0x0924, 0x0924, 0x0924, 0x0924, 0x0924, 0x0924, 0x0924, 
    0x0924, 0x0924, 0x0924, 0x0924, 0x0924, 0x0924, 0x0924, 0x0924, 0x0924, 0x0924, 0x0924, 0x0924, 
    0x0924, 0x0924, 0x0924, 0x0924, 0x0924, 0x0924, 0x0924, 0x0924, 0x0924, 0x0924, 0x0924, 0x0924, 
    0x0924, 0x0924, 0x0924, 0x0924, 0x0924, 0x0924, 0x0924, 0x0924, 0x0924, 0x0924, 0x0924, 0x0924, 
    0x0924, 0x0924, 0x0924, 0x0924, 0x0924, 0x0924, 0x0924, 0x0924, 0x0924, 0x0924, 0x0924, 0x0924, 
    0x0924, 0x0924, 0x0924, 0x0924, 0x0924, 0x0924, 0x0924, 0x0924, 0x0924, 0x0924, 0x0924, 0x0924, 
    0x0924, 0x0924, 0x0924, 0x0924, 0x0924, 0x0924, 0x0924, 0x0924, 0x0924, 0x0924, 0x0924, 0x0924, 
    
  },
  {
    0x0924, 0x0924, 0x0924, 0x0924, 0x0924, 0x0924, 0x0924, 0x0924, 0x0924, 0x0924, 0x0924, 0x0924, 
    0x0924, 0x0924, 0x0924, 0x0924, 0x0924, 0x0924, 0x0924, 0x0924, 0x0924, 0x0924, 0x0924, 0x0924, 
    0x0924, 0x0924, 0x0924, 0x0924, 0x0924, 0x0924, 0x0924, 0x0924, 0x0924, 0x0924, 0x0924, 0x0924, 
    0x0924, 0x0924, 0x0924, 0x0924, 0x0924, 0x0924, 0x0924, 0x0924, 0x0924, 0x0924, 0x0924, 0x0924, 
    0x0924, 0x0924, 0x0924, 0x0924, 0x0924, 0x0924, 0x0924, 0x0924, 0x0924, 0x0924, 0x0924, 0x0924, 
    0x0924, 0x0924, 0x0924, 0x0924, 0x0924, 0x0924, 0x0924, 0x0924, 0x0924, 0x0924, 0x0924, 0x0924, 
    0x0924, 0x0924, 0x0924, 0x0924, 0x0924, 0x0924, 0x0924, 0x0924, 0x0924, 0x0924, 0x0924, 0x0924, 
    0x0924, 0x0924, 0x0924, 0x0924, 0x0924, 0x0924, 0x0924, 0x0924, 0x0924, 0x0924, 0x0924, 0x0924, 
    0x0924, 0x0924, 0x0924, 0x0924, 0x0924, 0x0924, 0x0924, 0x0924, 0x0924, 0x0924, 0x0924, 0x0924, 
    0x0924, 0x0924, 0x0924, 0x0924, 0x0924, 0x0924, 0x0924, 0x0924, 0x0924, 0x0924, 0x0924, 0x0924, 
    0x0924, 0x0924, 0x0924, 0x0924, 0x0924, 0x0924, 0x0924, 0x0924, 0x0924, 0x0924, 0x0924, 0x0924, 
    0x0924, 0x0924, 0x0924, 0x0924, 0x0924, 0x0924, 0x0924, 0x0924, 0x0924, 0x0924, 0x0924, 0x0924, 
    0x0924, 0x0924, 0x0924, 0x0924, 0x0924, 0x0924, 0x0924, 0x0924, 0x0924, 0x0924, 0x0924, 0x0924, 
    0x0924, 0x0924, 0x0924, 0x0924, 0x0924, 0x0924, 0x0924, 0x0924, 0x0924, 0x0924, 0x0924, 0x0924, 
    0x0924, 0x0924, 0x0924, 0x0924, 0x0924, 0x0924, 0x0924, 0x0924, 0x0924, 0x0924, 0x0924, 0x0924, 
    0x0924, 0x0924, 0x0924, 0x0924, 0x0924, 0x0924, 0x0924, 0x0924, 0x0924, 0x0924, 0x0924, 0x0924, 
    0x0924, 0x0924, 0x0924, 0x0924, 0x0924, 0x0924, 0x0924, 0x0924, 0x0924, 0x0924, 0x0924, 0x0924, 
    0x0924, 0x0924, 0x0924, 0x0924, 0x0924, 0x0924, 0x0924, 0x0924, 0x0924, 0x0924, 0x0924, 0x0924, 
    0x0924, 0x0924, 0x0924, 0x0924, 0x0924, 0x0924, 0x0924, 0x0924, 0x0924, 0x0924, 0x0924, 0x0924, 
    0x0924, 0x0924, 0x0924, 0x0924, 0x0924, 0x0924, 0x0924, 0x0924, 0x0924, 0x0924, 0x0924, 0x0924, 
    0x0924, 0x0924, 0x0924, 0x0924, 0x0924, 0x0924, 0x0924, 0x0924, 0x0924, 0x0924, 0x0924, 0x0924, 
    0x0924, 0x0924, 0x0924, 0x0924, 0x0924, 0x0924, 0x0924, 0x0924, 0x0924, 0x0924, 0x0924, 0x0924, 
    0x0924, 0x0924, 0x0924, 0x0924, 0x0924, 0x0924, 0x0924, 0x0924, 0x0924, 0x0924, 0x0924, 0x0924, 
    0x0924, 0x0924, 0x0924, 0x0924, 0x0924, 0x0924, 0x0924, 0x0924, 0x0924, 0x0924, 0x0924, 0x0924, 
    0x0924, 0x0924, 0x0924, 0x0924, 0x0924, 0x0924, 0x0924, 0x0924, 0x0924, 0x0924, 0x0924, 0x0924, 
    0x0924, 0x0924, 0x0924, 0x0924, 0x0924, 0x0924, 0x0924, 0x0924, 0x0924, 0x0924, 0x0924, 0x0924, 
    0x0924, 0x0924, 0x0924, 0x0924, 0x0924, 0x0924, 0x0924, 0x0924, 0x0924, 0x0924, 0x0924, 0x0924, 
    0x0924, 0x0924, 0x0924, 0x0924, 0x0924, 0x0924, 0x0924, 0x0924, 0x0924, 0x0924, 0x0924, 0x0924, 
    0x0924, 0x0924, 0x0924, 0x0924, 0x0924, 0x0924, 0x0924, 0x0924, 0x0924, 0x0924, 0x0924, 0x0924, 
    0x0924, 0x0924, 0x0924, 0x0924, 0x0924, 0x0924, 0x0924, 0x0924, 0x0924, 0x0924, 0x0924, 0x0924, 
    0x0924, 0x0924, 0x0924, 0x0924, 0x0924, 0x0924, 0x0924, 0x0924, 0x0924, 0x0924, 0x0924, 0x0924, 
    0x0924, 0x0924, 0x0924, 0x0924, 0x0924, 0x0924, 0x0924, 0x0924, 0x0924, 0x0924, 0x0924, 0x0924, 
    0x0924, 0x0924, 0x0924, 0x0924, 0x0924, 0x0924, 0x0924, 0x0924, 0x0924, 0x0924, 0x0924, 0x0924, 
    0x0924, 0x0924, 0x0924, 0x0924, 0x0924, 0x0924, 0x0924, 0x0924, 0x0924, 0x0924, 0x0924, 0x0924, 
    0x0924, 0x0924, 0x0924, 0x0924, 0x0924, 0x0924, 0x0924, 0x0924, 0x0924, 0x0924, 0x0924, 0x0924, 
    0x0924, 0x0924, 0x0924, 0x0924, 0x0924, 0x0924, 0x0924, 0x0924, 0x0924, 0x0924, 0x0924, 0x0924, 
    0x0924, 0x0924, 0x0924, 0x0924, 0x0924, 0x0924, 0x0924, 0x0924, 0x0924, 0x0924, 0x0924, 0x0924, 
    0x0924, 0x0924, 0x0924, 0x0924, 0x0924, 0x0924, 0x0924, 0x0924, 0x0924, 0x0924, 0x0924, 0x0924, 
    0x0924, 0x0924, 0x0924, 0x0924, 0x0924, 0x0924, 0x0924, 0x0924, 0x0924, 0x0924, 0x0924, 0x0924, 
    0x0924, 0x0924, 0x0924, 0x0924, 0x0924, 0x0924, 0x0924, 0x0924, 0x0924, 0x0924, 0x0924, 0x0924, 
    0x0924, 0x0924, 0x0924, 0x0924, 0x0924, 0x0924, 0x0924, 0x0924, 0x0924, 0x0924, 0x0924, 0x0924, 
    0x0924, 0x0924, 0x0924, 0x0924, 0x0924, 0x0924, 0x0924, 0x0924, 0x0924, 0x0924, 0x0924, 0x0924, 
    0x0924, 0x0924, 0x0924, 0x0924, 0x0924, 0x0924, 0x0924, 0x0924, 0x0924, 0x0924, 0x0924, 0x0924, 
    0x0924, 0x0924, 0x0924, 0x0924, 0x0924, 0x0924, 0x0924, 0x0924, 0x0924, 0x0924, 0x0924, 0x0924, 
    0x0924, 0x0924, 0x0924, 0x0924, 0x0924, 0x0924, 0x0924, 0x0924, 0x0924, 0x0924, 0x0924, 0x0924, 
    0x0924, 0x0924, 0x0924, 0x0924, 0x0924, 0x0924, 0x0924, 0x0924, 0x0924, 0x0924, 0x0924, 0x0924, 
    0x0924, 0x0924, 0x0924, 0x0924, 0x0924, 0x0924, 0x0924, 0x0924, 0x0924, 0x0924, 0x0924, 0x0924, 
    0x0924, 0x0924, 0x0924, 0x0924, 0x0924, 0x0924, 0x0924, 0x0924, 0x0924, 0x0924, 0x0924, 0x0924, 
    0x0924, 0x0924, 0x0924, 0x0924, 0x0924, 0x0924, 0x0924, 0x0924, 0x0924, 0x0924, 0x0924, 0x0924, 
    0x0924, 0x0924, 0x0924, 0x0924, 0x0924, 0x0924, 0x0924, 0x0924, 0x0924, 0x0924, 0x0924, 0x0924, 
    0x0924, 0x0924, 0x0924, 0x0924, 0x0924, 0x0924, 0x0924, 0x0924, 0x0924, 0x0924, 0x0924, 0x0924, 
    0x0924, 0x0924, 0x0924, 0x0924, 0x0924, 0x0924, 0x0924, 0x0924, 0x0924, 0x0924, 0x0924, 0x0924, 
    0x0924, 0x0924, 0x0924, 0x0924, 0x0924, 0x0924, 0x0924, 0x0924, 0x0924, 0x0924, 0x0924, 0x0924, 
    0x0924, 0x0924, 0x0924, 0x0924, 0x0924, 0x0924, 0x0924, 0x0924, 0x0924, 0x0924, 0x0924, 0x0924, 
    0x0924, 0x0924, 0x0924, 0x0924, 0x0924, 0x0924, 0x0924, 0x0924, 0x0924, 0x0924, 0x0924, 0x0924, 
    0x0924, 0x0924, 0x0924, 0x0924, 0x0924, 0x0924, 0x0924, 0x0924, 0x0924, 0x0924, 0x0924, 0x0924, 
    0x0924, 0x0924, 0x0924, 0x0924, 0x0924, 0x0924, 0x0924, 0x0924, 0x0924, 0x0924, 0x0924, 0x0924, 
    0x0924, 0x0924, 0x0924, 0x0924, 0x0924, 0x0924, 0x0924, 0x0924, 0x0924, 0x0924, 0x0924, 0x0924, 
    0x0924, 0x0924, 0x0924, 0x0924, 0x0924, 0x0924, 0x0924, 0x0924, 0x0924, 0x0924, 0x0924, 0x0924, 
    0x0924, 0x0924, 0x0924, 0x0924, 0x0924, 0x0924, 0x0924, 0x0924, 0x0924, 0x0924, 0x0924, 0x0924, 
    0x0924, 0x0924, 0x0924, 0x0924, 0x0924, 0x0924, 0x0924, 0x0924, 0x0924, 0x0924, 0x0924, 0x0924, 
    0x0924, 0x0924, 0x0924, 0x0924, 0x0924, 0x0924, 0x0924, 0x0924, 0x0924, 0x0924, 0x0924, 0x0924, 
    0x0924, 0x0924, 0x0924, 0x0924, 0x0924, 0x0924, 0x0924, 0x0924, 0x0924, 0x0924, 0x0924, 0x0924, 
    0x0924, 0x0924, 0x0924, 0x0924, 0x0924, 0x0924, 0x0924, 0x0924, 0x0924, 0x0924, 0x0924, 0x0924, 
    0x0924, 0x0924, 0x0924, 0x0924, 0x0924, 0x0924, 0x0924, 0x0924, 0x0924, 0x0924, 0x0924, 0x0924, 
    0x0924, 0x0924, 0x0924, 0x0924, 0x0924, 0x0924, 0x0924, 0x0924, 0x0924, 0x0924, 0x0924, 0x0924, 
    0x0924, 0x0924, 0x0924, 0x0924, 0x0924, 0x0924, 0x0924, 0x0924, 0x0924, 0x0924, 0x0924, 0x0924, 
    0x0924, 0x0924, 0x0924, 0x0924, 0x0924, 0x0924, 0x0924, 0x0924, 0x0924, 0x0924, 0x0924, 0x0924, 
    0x0924, 0x0924, 0x0924, 0x0924, 0x0924, 0x0924, 0x0924, 0x0924, 0x0924, 0x0924, 0x0924, 0x0924, 
    0x0924, 0x0924, 0x0924, 0x0924, 0x0924, 0x0924, 0x0924, 0x0924, 0x0924, 0x0924, 0x0924, 0x0924, 
    0x0924, 0x0924, 0x0924, 0x0924, 0x0924, 0x0924, 0x0924, 0x0924, 0x0924, 0x0924, 0x0924, 0x0924, 
    0x0924, 0x0924, 0x0924, 0x0924, 0x0924, 0x0924, 0x0924, 0x0924, 0x0924, 0x0924, 0x0924, 0x0924, 
    0x0924, 0x0924, 0x0924, 0x0924, 0x0924, 0x0924, 0x0924, 0x0924, 0x0924, 0x0924, 0x0924, 0x0924, 
    0x0924, 0x0924, 0x0924, 0x0924, 0x0924, 0x0924, 0x0924, 0x0924, 0x0924, 0x0924, 0x0924, 0x0924, 
    0x0924, 0x0924, 0x0924, 0x0924, 0x0924, 0x0924, 0x0924, 0x0924, 0x0924, 0x0924, 0x0924, 0x0924, 
    0x0924, 0x0924, 0x0924, 0x0924, 0x0924, 0x0924, 0x0924, 0x0924, 0x0924, 0x0924, 0x0924, 0x0924, 
    0x0924, 0x0924, 0x0924, 0x0924, 0x0924, 0x0924, 0x0924, 0x0924, 0x0924, 0x0924, 0x0924, 0x0924, 
    0x0924, 0x0924, 0x0924, 0x0924, 0x0924, 0x0924, 0x0924, 0x0924, 0x0924, 0x0924, 0x0924, 0x0924, 
    0x0924, 0x0924, 0x0924, 0x0924, 0x0924, 0x0924, 0x0924, 0x0924, 0x0924, 0x0924, 0x0924, 0x0924, 
    0x0924, 0x0924, 0x0924, 0x0924, 0x0924, 0x0924, 0x0924, 0x0924, 0x0924, 0x0924, 0x0924, 0x0924, 
    0x0924, 0x0924, 0x0924, 0x0924, 0x0924, 0x0924, 0x0924, 0x0924, 0x0924, 0x0924, 0x0924, 0x0924, 
    0x0924, 0x0924, 0x0924, 0x0924, 0x0924, 0x0924, 0x0924, 0x0924, 0x0924, 0x0924, 0x0924, 0x0924, 
    0x0924, 0x0924, 0x0924, 0x0924, 0x0924, 0x0924, 0x0924, 0x0924, 0x0924, 0x0924, 0x0924, 0x0924, 
    0x0924, 0x0924, 0x0924, 0x0924, 0x0924, 0x0924, 0x0924, 0x0924, 0x0924, 0x0924, 0x0924, 0x0924, 
    0x0924, 0x0924, 0x0924, 0x0924, 0x0924, 0x0924, 0x0924, 0x0924, 0x0924, 0x0924, 0x0924, 0x0924, 
    0x0924, 0x0924, 0x0924, 0x0924, 0x0924, 0x0924, 0x0924, 0x0924, 0x0924, 0x0924, 0x0924, 0x0924, 
    0x0924, 0x0924, 0x0924, 0x0924, 0x0924, 0x0924, 0x0924, 0x0924, 0x0924, 0x0924, 0x0924, 0x0924, 
    0x0924, 0x0924, 0x0924, 0x0924, 0x0924, 0x0924, 0x0924, 0x0924, 0x0924, 0x0924, 0x0924, 0x0924, 
    0x0924, 0x0924, 0x0924, 0x0924, 0x0924, 0x0924, 0x0924, 0x0924, 0x0924, 0x0924, 0x0924, 0x0924, 
    0x0924, 0x0924, 0x0924, 0x0924, 0x0924, 0x0924, 0x0924, 0x0924, 0x0924, 0x0924, 0x0924, 0x0924, 
    0x0924, 0x0924, 0x0924, 0x0924, 0x0924, 0x0924, 0x0924, 0x0924, 0x0924, 0x0924, 0x0924, 0x0924, 
    0x0924, 0x0924, 0x0924, 0x0924, 0x0924, 0x0924, 0x0924, 0x0924, 0x0924, 0x0924, 0x0924, 0x0924, 
    0x0924, 0x0924, 0x0924, 0x0924, 0x0924, 0x0924, 0x0924, 0x0924, 0x0924, 0x0924, 0x0924, 0x0924, 
    0x0924, 0x0924, 0x0924, 0x0924, 0x0924, 0x0924, 0x0924, 0x0924, 0x0924, 0x0924, 0x0924, 0x0924, 
    0x0924, 0x0924, 0x0924, 0x0924, 0x0924, 0x0924, 0x0924, 0x0924, 0x0924, 0x0924, 0x0924, 0x0924, 
    0x0924, 0x0924, 0x0924, 0x0924, 0x0924, 0x0924, 0x0924, 0x0924, 0x0924, 0x0924, 0x0924, 0x0924, 
    0x0924, 0x0924, 0x0924, 0x0924, 0x0924, 0x0924, 0x0924, 0x0924, 0x0924, 0x0924, 0x0924, 0x0924, 
    0x0924, 0x0924, 0x0924, 0x0924, 0x0924, 0x0924, 0x0924, 0x0924, 0x0924, 0x0924, 0x0924, 0x0924, 
    0x0924, 0x0924, 0x0924, 0x0924, 0x0924, 0x0924, 0x0924, 0x0924, 0x0924, 0x0924, 0x0924, 0x0924, 
    0x0924, 0x0924, 0x0924, 0x0924, 0x0924, 0x0924, 0x0924, 0x0924, 0x0924, 0x0924, 0x0924, 0x0924, 
    0x0924, 0x0924, 0x0924, 0x0924, 0x0924, 0x0924, 0x0924, 0x0924, 0x0924, 0x0924, 0x0924, 0x0924, 
    0x0924, 0x0924, 0x0924, 0x0924, 0x0924, 0x0924, 0x0924, 0x0924, 0x0924, 0x0924, 0x0924, 0x0924, 
    0x0924, 0x0924, 0x0924, 0x0924, 0x0924, 0x0924, 0x0924, 0x0924, 0x0924, 0x0924, 0x0924, 0x0924, 
    0x0924, 0x0924, 0x0924, 0x0924, 0x0924, 0x0924, 0x0924, 0x0924, 0x0924, 0x0924, 0x0924, 0x0924, 
    0x0924, 0x0924, 0x0924, 0x0924, 0x0924, 0x0924, 0x0924, 0x0924, 0x0924, 0x0924, 0x0924, 0x0924, 
    0x0924, 0x0924, 0x0924, 0x0924, 0x0924, 0x0924, 0x0924, 0x0924, 0x0924, 0x0924, 0x0924, 0x0924, 
    0x0924, 0x0924, 0x0924, 0x0924, 0x0924, 0x0924, 0x0924, 0x0924, 0x0924, 0x0924, 0x0924, 0x0924, 
    0x0924, 0x0924, 0x0924, 0x0924, 0x0924, 0x0924, 0x0924, 0x0924, 0x0924, 0x0924, 0x0924, 0x0924, 
    0x0924, 0x0924, 0x0924, 0x0924, 0x0924, 0x0924, 0x0924, 0x0924, 0x0924, 0x0924, 0x0924, 0x0924, 
    0x0924, 0x0924, 0x0924, 0x0924, 0x0924, 0x0924, 0x0924, 0x0924, 0x0924, 0x0924, 0x0924, 0x0924, 
    0x0924, 0x0924, 0x0924, 0x0924, 0x0924, 0x0924, 0x0924, 0x0924, 0x0924, 0x0924, 0x0924, 0x0924, 
    0x0924, 0x0924, 0x0924, 0x0924, 0x0924, 0x0924, 0x0924, 0x0924, 0x0924, 0x0924, 0x0924, 0x0924, 
    0x0924, 0x0924, 0x0924, 0x0924, 0x0924, 0x0924, 0x0924, 0x0924, 0x0924, 0x0924, 0x0924, 0x0924, 
    0x0924, 0x0924, 0x0924, 0x0924, 0x0924, 0x0924, 0x0924, 0x0924, 0x0924, 0x0924, 0x0924, 0x0924, 
    0x0924, 0x0924, 0x0924, 0x0924, 0x0924, 0x0924, 0x0924, 0x0924, 0x0924, 0x0924, 0x0924, 0x0924, 
    0x0924, 0x0924, 0x0924, 0x0924, 0x0924, 0x0924, 0x0924, 0x0924, 0x0924, 0x0924, 0x0924, 0x0924, 
    0x0924, 0x0924, 0x0924, 0x0924, 0x0924, 0x0924, 0x0924, 0x0924, 0x0924, 0x0924, 0x0924, 0x0924, 
    0x0924, 0x0924, 0x0924, 0x0924, 0x0924, 0x0924, 0x0924, 0x0924, 0x0924, 0x0924, 0x0924, 0x0924, 
    0x0924, 0x0924, 0x0924, 0x0924, 0x0924, 0x0924, 0x0924, 0x0924, 0x0924, 0x0924, 0x0924, 0x0924, 
    0x0924, 0x0924, 0x0924, 0x0924, 0x0924, 0x0924, 0x0924, 0x0924, 0x0924, 0x0924, 0x0924, 0x0924, 
    0x0924, 0x0924, 0x0924, 0x0924, 0x0924, 0x0924, 0x0924, 0x0924, 0x0924, 0x0924, 0x0924, 0x0924, 
    0x0924, 0x0924, 0x0924, 0x0924, 0x0924, 0x0924, 0x0924, 0x0924, 0x0924, 0x0924, 0x0924, 0x0924, 
    0x0924, 0x0924, 0x0924, 0x0924, 0x0924, 0x0924, 0x0924, 0x0924, 0x0924, 0x0924, 0x0924, 0x0924, 
    0x0924, 0x0924, 0x0924, 0x0924, 0x0924, 0x0924, 0x0924, 0x0924, 0x0924, 0x0924, 0x0924, 0x0924, 
    0x0924, 0x0924, 0x0924, 0x0924, 0x0924, 0x0924, 0x0924, 0x0924, 0x0924, 0x0924, 0x0924, 0x0924, 
    0x0924, 0x0924, 0x0924, 0x0924, 0x0924, 0x0924, 0x0924, 0x0924, 0x0924, 0x0924, 0x0924, 0x0924, 
    0x0924, 0x0924, 0x0924, 0x0924, 0x0924, 0x0924, 0x0924, 0x0924, 0x0924, 0x0924, 0x0924, 0x0924, 
    0x0924, 0x0924, 0x0924, 0x0924, 0x0924, 0x0924, 0x0924, 0x0924, 0x0924, 0x0924, 0x0924, 0x0924, 
    0x0924, 0x0924, 0x0924, 0x0924, 0x0924, 0x0924, 0x0924, 0x0924, 0x0924, 0x0924, 0x0924, 0x0924, 
    0x0924, 0x0924, 0x0924, 0x0924, 0x0924, 0x0924, 0x0924, 0x0924, 0x0924, 0x0924, 0x0924, 0x0924, 
    0x0924, 0x0924, 0x0924, 0x0924, 0x0924, 0x0924, 0x0924, 0x0924, 0x0924, 0x0924, 0x0924, 0x0924, 
    0x0924, 0x0924, 0x0924, 0x0924, 0x0924, 0x0924, 0x0924, 0x0924, 0x0924, 0x0924, 0x0924, 0x0924, 
    0x0924, 0x0924, 0x0924, 0x0924, 0x0924, 0x0924, 0x0924, 0x0924, 0x0924, 0x0924, 0x0924, 0x0924, 
    0x0924, 0x0924, 0x0924, 0x0924, 0x0924, 0x0924, 0x0924, 0x0924, 0x0924, 0x0924, 0x0924, 0x0924, 
    0x0924, 0x0924, 0x0924, 0x0924, 0x0924, 0x0924, 0x0924, 0x0924, 0x0924, 0x0924, 0x0924, 0x0924, 
    0x0924, 0x0924, 0x0924, 0x0924, 0x0924, 0x0924, 0x0924, 0x0924, 0x0924, 0x0924, 0x0924, 0x0924, 
    0x0924, 0x0924, 0x0924, 0x0924, 0x0924, 0x0924, 0x0924, 0x0924, 0x0924, 0x0924, 0x0924, 0x0924, 
    0x0924, 0x0924, 0x0924, 0x0924, 0x0924, 0x0924, 0x0924, 0x0924, 0x0924, 0x0924, 0x0924, 0x0924, 
    0x0924, 0x0924, 0x0924, 0x0924, 0x0924, 0x0924, 0x0924, 0x0924, 0x0924, 0x0924, 0x0924, 0x0924, 
    0x0924, 0x0924, 0x0924, 0x0924, 0x0924, 0x0924, 0x0924, 0x0924, 0x0924, 0x0924, 0x0924, 0x0924, 
    0x0924, 0x0924, 0x0924, 0x0924, 0x0924, 0x0924, 0x0924, 0x0924, 0x0924, 0x0924, 0x0924, 0x0924, 
    0x0924, 0x0924, 0x0924, 0x0924, 0x0924, 0x0924, 0x0924, 0x0924, 0x0924, 0x0924, 0x0924, 0x0924, 
    0x0924, 0x0924, 0x0924, 0x0924, 0x0924, 0x0924, 0x0924, 0x0924, 0x0924, 0x0924, 0x0924, 0x0924, 
    0x0924, 0x0924, 0x0924, 0x0924, 0x0924, 0x0924, 0x0924, 0x0924, 0x0924, 0x0924, 0x0924, 0x0924, 
    0x0924, 0x0924, 0x0924, 0x0924, 0x0924, 0x0924, 0x0924, 0x0924, 0x0924, 0x0924, 0x0924, 0x0924, 
    0x0924, 0x0924, 0x0924, 0x0924, 0x0924, 0x0924, 0x0924, 0x0924, 0x0924, 0x0924, 0x0924, 0x0924, 
    0x0924, 0x0924, 0x0924, 0x0924, 0x0924, 0x0924, 0x0924, 0x0924, 0x0924, 0x0924, 0x0924, 0x0924, 
    0x0924, 0x0924, 0x0924, 0x0924, 0x0924, 0x0924, 0x0924, 0x0924, 0x0924, 0x0924, 0x0924, 0x0924, 
    0x0924, 0x0924, 0x0924, 0x0924, 0x0924, 0x0924, 0x0924, 0x0924, 0x0924, 0x0924, 0x0924, 0x0924, 
    0x0924, 0x0924, 0x0924, 0x0924, 0x0924, 0x0924, 0x0924, 0x0924, 0x0924, 0x0924, 0x0924, 0x0924, 
    0x0924, 0x0924, 0x0924, 0x0924, 0x0924, 0x0924, 0x0924, 0x0924, 0x0924, 0x0924, 0x0924, 0x0924, 
    0x0924, 0x0924, 0x0924, 0x0924, 0x0924, 0x0924, 0x0924, 0x0924, 0x0924, 0x0924, 0x0924, 0x0924, 
    0x0924, 0x0924, 0x0924, 0x0924, 0x0924, 0x0924, 0x0924, 0x0924, 0x0924, 0x0924, 0x0924, 0x0924, 
    0x0924, 0x0924, 0x0924, 0x0924, 0x0924, 0x0924, 0x0924, 0x0924, 0x0924, 0x0924, 0x0924, 0x0924, 
    0x0924, 0x0924, 0x0924, 0x0924, 0x0924, 0x0924, 0x0924, 0x0924, 0x0924, 0x0924, 0x0924, 0x0924, 
    0x0924, 0x0924, 0x0924, 0x0924, 0x0924, 0x0924, 0x0924, 0x0924, 0x0924, 0x0924, 0x0924, 0x0924, 
    0x0924, 0x0924, 0x0924, 0x0924, 0x0924, 0x0924, 0x0924, 0x0924, 0x0924, 0x0924, 0x0924, 0x0924, 
    0x0924, 0x0924, 0x0924, 0x0924, 0x0924, 0x0924, 0x0924, 0x0924, 0x0924, 0x0924, 0x0924, 0x0924, 
    0x0924, 0x0924, 0x0924, 0x0924, 0x0924, 0x0924, 0x0924, 0x0924, 0x0924, 0x0924, 0x0924, 0x0924, 
    0x0924, 0x0924, 0x0924, 0x0924, 0x0924, 0x0924, 0x0924, 0x0924, 0x0924, 0x0924, 0x0924, 0x0924, 
    0x0924, 0x0924, 0x0924, 0x0924, 0x0924, 0x0924, 0x0924, 0x0924, 0x0924, 0x0924, 0x0924, 0x0924, 
    0x0924, 0x0924, 0x0924, 0x0924, 0x0924, 0x0924, 0x0924, 0x0924, 0x0924, 0x0924, 0x0924, 0x0924, 
    0x0924, 0x0924, 0x0924, 0x0924, 0x0924, 0x0924, 0x0924, 0x0924, 0x0924, 0x0924, 0x0924, 0x0924, 
    0x0924, 0x0924, 0x0924, 0x0924, 0x0924, 0x0924, 0x0924, 0x0924, 0x0924, 0x0924, 0x0924, 0x0924, 
    0x0924, 0x0924, 0x0924, 0x0924, 0x0924, 0x0924, 0x0924, 0x0924, 0x0924, 0x0924, 0x0924, 0x0924, 
    0x0924, 0x0924, 0x0924, 0x0924, 0x0924, 0x0924, 0x0924, 0x0924, 0x0924, 0x0924, 0x0924, 0x0924, 
    0x0924, 0x0924, 0x0924, 0x0924, 0x0924, 0x0924, 0x0924, 0x0924, 0x0924, 0x0924, 0x0924, 0x0924, 
    0x0924, 0x0924, 0x0924, 0x0924, 0x0924, 0x0924, 0x0924, 0x0924, 0x0924, 0x0924, 0x0924, 0x0924, 
    0x0924, 0x0924, 0x0924, 0x0924, 0x0924, 0x0924, 0x0924, 0x0924, 0x0924, 0x0924, 0x0924, 0x0924, 
    0x0924, 0x0924, 0x0924, 0x0924, 0x0924, 0x0924, 0x0924, 0x0924, 0x0924, 0x0924, 0x0924, 0x0924, 
    0x0924, 0x0924, 0x0924, 0x0924, 0x0924, 0x0924, 0x0924, 0x0924, 0x0924, 0x0924, 0x0924, 0x0924, 
    0x0924, 0x0924, 0x0924, 0x0924, 0x0924, 0x0924, 0x0924, 0x0924, 0x0924, 0x0924, 0x0924, 0x0924, 
    0x0924, 0x0924, 0x0924, 0x0924, 0x0924, 0x0924, 0x0924, 0x0924, 0x0924, 0x0924, 0x0924, 0x0924, 
    0x0924, 0x0924, 0x0924, 0x0924, 0x0924, 0x0924, 0x0924, 0x0924, 0x0924, 0x0924, 0x0924, 0x0924, 
    0x0924, 0x0924, 0x0924, 0x0924, 0x0924, 0x0924, 0x0924, 0x0924, 0x0924, 0x0924, 0x0924, 0x0924, 
    0x0924, 0x0924, 0x0924, 0x0924, 0x0924, 0x0924, 0x0924, 0x0924, 0x0924, 0x0924, 0x0924, 0x0924, 
    0x0924, 0x0924, 0x0924, 0x0924, 0x0924, 0x0924, 0x0924, 0x0924, 0x0924, 0x0924, 0x0924, 0x0924, 
    0x0924, 0x0924, 0x0924, 0x0924, 0x0924, 0x0924, 0x0924, 0x0924, 0x0924, 0x0924, 0x0924, 0x0924, 
    0x0924, 0x0924, 0x0924, 0x0924, 0x0924, 0x0924, 0x0924, 0x0924, 0x0924, 0x0924, 0x0924, 0x0924, 
    0x0924, 0x0924, 0x0924, 0x0924, 0x0924, 0x0924, 0x0924, 0x0924, 0x0924, 0x0924, 0x0924, 0x0924, 
    0x0924, 0x0924, 0x0924, 0x0924, 0x0924, 0x0924, 0x0924, 0x0924, 0x0924, 0x0924, 0x0924, 0x0924, 
    0x0924, 0x0924, 0x0924, 0x0924, 0x0924, 0x0924, 0x0924, 0x0924, 0x0924, 0x0924, 0x0924, 0x0924, 
    0x0924, 0x0924, 0x0924, 0x0924, 0x0924, 0x0924, 0x0924, 0x0924, 0x0924, 0x0924, 0x0924, 0x0924, 
    0x0924, 0x0924, 0x0924, 0x0924, 0x0924, 0x0924, 0x0924, 0x0924, 0x0924, 0x0924, 0x0924, 0x0924, 
    0x0924, 0x0924, 0x0924, 0x0924, 0x0924, 0x0924, 0x0924, 0x0924, 0x0924, 0x0924, 0x0924, 0x0924, 
    0x0924, 0x0924, 0x0924, 0x0924, 0x0924, 0x0924, 0x0924, 0x0924, 0x0924, 0x0924, 0x0924, 0x0924, 
    0x0924, 0x0924, 0x0924, 0x0924, 0x0924, 0x0924, 0x0924, 0x0924, 0x0924, 0x0924, 0x0924, 0x0924, 
    0x0924, 0x0924, 0x0924, 0x0924, 0x0924, 0x0924, 0x0924, 0x0924, 0x0924, 0x0924, 0x0924, 0x0924, 
    0x0924, 0x0924, 0x0924, 0x0924, 0x0924, 0x0924, 0x0924, 0x0924, 0x0924, 0x0924, 0x0924, 0x0924, 
    0x0924, 0x0924, 0x0924, 0x0924, 0x0924, 0x0924, 0x0924, 0x0924, 0x0924, 0x0924, 0x0924, 0x0924, 
    0x0924, 0x0924, 0x0924, 0x0924, 0x0924, 0x0924, 0x0924, 0x0924, 0x0924, 0x0924, 0x0924, 0x0924, 
    0x0924, 0x0924, 0x0924, 0x0924, 0x0924, 0x0924, 0x0924, 0x0924, 0x0924, 0x0924, 0x0924, 0x0924, 
    0x0924, 0x0924, 0x0924, 0x0924, 0x0924, 0x0924, 0x0924, 0x0924, 0x0924, 0x0924, 0x0924, 0x0924, 
    0x0924, 0x0924, 0x0924, 0x0924, 0x0924, 0x0924, 0x0924, 0x0924, 0x0924, 0x0924, 0x0924, 0x0924, 
    0x0924, 0x0924, 0x0924, 0x0924, 0x0924, 0x0924, 0x0924, 0x0924, 0x0924, 0x0924, 0x0924, 0x0924, 
    0x0924, 0x0924, 0x0924, 0x0924, 0x0924, 0x0924, 0x0924, 0x0924, 0x0924, 0x0924, 0x0924, 0x0924, 
    0x0924, 0x0924, 0x0924, 0x0924, 0x0924, 0x0924, 0x0924, 0x0924, 0x0924, 0x0924, 0x0924, 0x0924, 
    0x0924, 0x0924, 0x0924, 0x0924, 0x0924, 0x0924, 0x0924, 0x0924, 0x0924, 0x0924, 0x0924, 0x0924, 
    0x0924, 0x0924, 0x0924, 0x0924, 0x0924, 0x0924, 0x0924, 0x0924, 0x0924, 0x0924, 0x0924, 0x0924, 
    0x0924, 0x0924, 0x0924, 0x0924, 0x0924, 0x0924, 0x0924, 0x0924, 0x0924, 0x0924, 0x0924, 0x0924, 
    0x0924, 0x0924, 0x0924, 0x0924, 0x0924, 0x0924, 0x0924, 0x0924, 0x0924, 0x0924, 0x0924, 0x0924, 
    0x0924, 0x0924, 0x0924, 0x0924, 0x0924, 0x0924, 0x0924, 0x0924, 0x0924, 0x0924, 0x0924, 0x0924, 
    0x0924, 0x0924, 0x0924, 0x0924, 0x0924, 0x0924, 0x0924, 0x0924, 0x0924, 0x0924, 0x0924, 0x0924, 
    0x0924, 0x0924, 0x0924, 0x0924, 0x0924, 0x0924, 0x0924, 0x0924, 0x0924, 0x0924, 0x0924, 0x0924, 
    0x0924, 0x0924, 0x0924, 0x0924, 0x0924, 0x0924, 0x0924, 0x0924, 0x0924, 0x0924, 0x0924, 0x0924, 
    0x0924, 0x0924, 0x0924, 0x0924, 0x0924, 0x0924, 0x0924, 0x0924, 0x0924, 0x0924, 0x0924, 0x0924, 
    0x0924, 0x0924, 0x0924, 0x0924, 0x0924, 0x0924, 0x0924, 0x0924, 0x0924, 0x0924, 0x0924, 0x0924, 
    0x0924, 0x0924, 0x0924, 0x0924, 0x0924, 0x0924, 0x0924, 0x0924, 0x0924, 0x0924, 0x0924, 0x0924, 
    0x0924, 0x0924, 0x0924, 0x0924, 0x0924, 0x0924, 0x0924, 0x0924, 0x0924, 0x0924, 0x0924, 0x0924, 
    0x0924, 0x0924, 0x0924, 0x0924, 0x0924, 0x0924, 0x0924, 0x0924, 0x0924, 0x0924, 0x0924, 0x0924, 
    0x0924, 0x0924, 0x0924, 0x0924, 0x0924, 0x0924, 0x0924, 0x0924, 0x0924, 0x0924, 0x0924, 0x0924, 
    0x0924, 0x0924, 0x0924, 0x0924, 0x0924, 0x0924, 0x0924, 0x0924, 0x0924, 0x0924, 0x0924, 0x0924, 
    0x0924, 0x0924, 0x0924, 0x0924, 0x0924, 0x0924, 0x0924, 0x0924, 0x0924, 0x0924, 0x0924, 0x0924, 
    0x0924, 0x0924, 0x0924, 0x0924, 0x0924, 0x0924, 0x0924, 0x0924, 0x0924, 0x0924, 0x0924, 0x0924, 
    0x0924, 0x0924, 0x0924, 0x0924, 0x0924, 0x0924, 0x0924, 0x0924, 0x0924, 0x0924, 0x0924, 0x0924, 
    0x0924, 0x0924, 0x0924, 0x0924, 0x0924, 0x0924, 0x0924, 0x0924, 0x0924, 0x0924, 0x0924, 0x0924, 
    0x0924, 0x0924, 0x0924, 0x0924, 0x0924, 0x0924, 0x0924, 0x0924, 0x0924, 0x0924, 0x0924, 0x0924, 
    0x0924, 0x0924, 0x0924, 0x0924, 0x0924, 0x0924, 0x0924, 0x0924, 0x0924, 0x0924, 0x0924, 0x0924, 
    0x0924, 0x0924, 0x0924, 0x0924, 0x0924, 0x0924, 0x0924, 0x0924, 0x0924, 0x0924, 0x0924, 0x0924, 
    0x0924, 0x0924, 0x0924, 0x0924, 0x0924, 0x0924, 0x0924, 0x0924, 0x0924, 0x0924, 0x0924, 0x0924, 
    0x0924, 0x0924, 0x0924, 0x0924, 0x0924, 0x0924, 0x0924, 0x0924, 0x0924, 0x0924, 0x0924, 0x0924, 
    0x0924, 0x0924, 0x0924, 0x0924, 0x0924, 0x0924, 0x0924, 0x0924, 0x0924, 0x0924, 0x0924, 0x0924, 
    0x0924, 0x0924, 0x0924, 0x0924, 0x0924, 0x0924, 0x0924, 0x0924, 0x0924, 0x0924, 0x0924, 0x0924, 
    0x0924, 0x0924, 0x0924, 0x0924, 0x0924, 0x0924, 0x0924, 0x0924, 0x0924, 0x0924, 0x0924, 0x0924, 
    0x0924, 0x0924, 0x0924, 0x0924, 0x0924, 0x0924, 0x0924, 0x0924, 0x0924, 0x0924, 0x0924, 0x0924, 
    0x0924, 0x0924, 0x0924, 0x0924, 0x0924, 0x0924, 0x0924, 0x0924, 0x0924, 0x0924, 0x0924, 0x0924, 
    0x0924, 0x0924, 0x0924, 0x0924, 0x0924, 0x0924, 0x0924, 0x0924, 0x0924, 0x0924, 0x0924, 0x0924, 
    0x0924, 0x0924, 0x0924, 0x0924, 0x0924, 0x0924, 0x0924, 0x0924, 0x0924, 0x0924, 0x0924, 0x0924, 
    0x0924, 0x0924, 0x0924, 0x0924, 0x0924, 0x0924, 0x0924, 0x0924, 0x0924, 0x0924, 0x0924, 0x0924, 
    0x0924, 0x0924, 0x0924, 0x0924, 0x0924, 0x0924, 0x0924, 0x0924, 0x0924, 0x0924, 0x0924, 0x0924, 
    0x0924, 0x0924, 0x0924, 0x0924, 0x0924, 0x0924, 0x0924, 0x0924, 0x0924, 0x0924, 0x0924, 0x0924, 
    0x0924, 0x0924, 0x0924, 0x0924, 0x0924, 0x0924, 0x0924, 0x0924, 0x0924, 0x0924, 0x0924, 0x0924, 
    0x0924, 0x0924, 0x0924, 0x0924, 0x0924, 0x0924, 0x0924, 0x0924, 0x0924, 0x0924, 0x0924, 0x0924, 
    0x0924, 0x0924, 0x0924, 0x0924, 0x0924, 0x0924, 0x0924, 0x0924, 0x0924, 0x0924, 0x0924, 0x0924, 
    0x0924, 0x0924, 0x0924, 0x0924, 0x0924, 0x0924, 0x0924, 0x0924, 0x0924, 0x0924, 0x0924, 0x0924, 
    0x0924, 0x0924, 0x0924, 0x0924, 0x0924, 0x0924, 0x0924, 0x0924, 0x0924, 0x0924, 0x0924, 0x0924, 
    0x0924, 0x0924, 0x0924, 0x0924, 0x0924, 0x0924, 0x0924, 0x0924, 0x0924, 0x0924, 0x0924, 0x0924, 
    0x0924, 0x0924, 0x0924, 0x0924, 0x0924, 0x0924, 0x0924, 0x0924, 0x0924, 0x0924, 0x0924, 0x0924, 
    0x0924, 0x0924, 0x0924, 0x0924, 0x0924, 0x0924, 0x0924, 0x0924, 0x0924, 0x0924, 0x0924, 0x0924, 
    0x0924, 0x0924, 0x0924, 0x0924, 0x0924, 0x0924, 0x0924, 0x0924, 0x0924, 0x0924, 0x0924, 0x0924, 
    0x0924, 0x0924, 0x0924, 0x0924, 0x0924, 0x0924, 0x0924, 0x0924, 0x0924, 0x0924, 0x0924, 0x0924, 
    0x0924, 0x0924, 0x0924, 0x0924, 0x0924, 0x0924, 0x0924, 0x0924, 0x0924, 0x0924, 0x0924, 0x0924, 
    0x0924, 0x0924, 0x0924, 0x0924, 0x0924, 0x0924, 0x0924, 0x0924, 0x0924, 0x0924, 0x0924, 0x0924, 
    0x0924, 0x0924, 0x0924, 0x0924, 0x0924, 0x0924, 0x0924, 0x0924, 0x0924, 0x0924, 0x0924, 0x0924, 
    0x0924, 0x0924, 0x0924, 0x0924, 0x0924, 0x0924, 0x0924, 0x0924, 0x0924, 0x0924, 0x0924, 0x0924, 
    0x0924, 0x0924, 0x0924, 0x0924, 0x0924, 0x0924, 0x0924, 0x0924, 0x0924, 0x0924, 0x0924, 0x0924, 
    0x0924, 0x0924, 0x0924, 0x0924, 0x0924, 0x0924, 0x0924, 0x0924, 0x0924, 0x0924, 0x0924, 0x0924, 
    0x0924, 0x0924, 0x0924, 0x0924, 0x0924, 0x0924, 0x0924, 0x0924, 0x0924, 0x0924, 0x0924, 0x0924, 
    0x0924, 0x0924, 0x0924, 0x0924, 0x0924, 0x0924, 0x0924, 0x0924, 0x0924, 0x0924, 0x0924, 0x0924, 
    0x0924, 0x0924, 0x0924, 0x0924, 0x0924, 0x0924, 0x0924, 0x0924, 0x0924, 0x0924, 0x0924, 0x0924, 
    0x0924, 0x0924, 0x0924, 0x0924, 0x0924, 0x0924, 0x0924, 0x0924, 0x0924, 0x0924, 0x0924, 0x0924, 
    0x0924, 0x0924, 0x0924, 0x0924, 0x0924, 0x0924, 0x0924, 0x0924, 0x0924, 0x0924, 0x0924, 0x0924, 
    0x0924, 0x0924, 0x0924, 0x0924, 0x0924, 0x0924, 0x0924, 0x0924, 0x0924, 0x0924, 0x0924, 0x0924, 
    0x0924, 0x0924, 0x0924, 0x0924, 0x0924, 0x0924, 0x0924, 0x0924, 0x0924, 0x0924, 0x0924, 0x0924, 
    0x0924, 0x0924, 0x0924, 0x0924, 0x0924, 0x0924, 0x0924, 0x0924, 0x0924, 0x0924, 0x0924, 0x0924, 
    0x0924, 0x0924, 0x0924, 0x0924, 0x0924, 0x0924, 0x0924, 0x0924, 0x0924, 0x0924, 0x0924, 0x0924, 
    0x0924, 0x0924, 0x0924, 0x0924, 0x0924, 0x0924, 0x0924, 0x0924, 0x0924, 0x0924, 0x0924, 0x0924, 
    0x0924, 0x0924, 0x0924, 0x0924, 0x0924, 0x0924, 0x0924, 0x0924, 0x0924, 0x0924, 0x0924, 0x0924, 
    0x0924, 0x0924, 0x0924, 0x0924, 0x0924, 0x0924, 0x0924, 0x0924, 0x0924, 0x0924, 0x0924, 0x0924, 
    0x0924, 0x0924, 0x0924, 0x0924, 0x0924, 0x0924, 0x0924, 0x0924, 0x0924, 0x0924, 0x0924, 0x0924, 
    0x0924, 0x0924, 0x0924, 0x0924, 0x0924, 0x0924, 0x0924, 0x0924, 0x0924, 0x0924, 0x0924, 0x0924, 
    0x0924, 0x0924, 0x0924, 0x0924, 0x0924, 0x0924, 0x0924, 0x0924, 0x0924, 0x0924, 0x0924, 0x0924, 
    0x0924, 0x0924, 0x0924, 0x0924, 0x0924, 0x0924, 0x0924, 0x0924, 0x0924, 0x0924, 0x0924, 0x0924, 
    0x0924, 0x0924, 0x0924, 0x0924, 0x0924, 0x0924, 0x0924, 0x0924, 0x0924, 0x0924, 0x0924, 0x0924, 
    0x0924, 0x0924, 0x0924, 0x0924, 0x0924, 0x0924, 0x0924, 0x0924, 0x0924, 0x0924, 0x0924, 0x0924, 
    0x0924, 0x0924, 0x0924, 0x0924, 0x0924, 0x0924, 0x0924, 0x0924, 0x0924, 0x0924, 0x0924, 0x0924, 
    0x0924, 0x0924, 0x0924, 0x0924, 0x0924, 0x0924, 0x0924, 0x0924, 0x0924, 0x0924, 0x0924, 0x0924, 
    0x0924, 0x0924, 0x0924, 0x0924, 0x0924, 0x0924, 0x0924, 0x0924, 0x0924, 0x0924, 0x0924, 0x0924, 
    0x0924, 0x0924, 0x0924, 0x0924, 0x0924, 0x0924, 0x0924, 0x0924, 0x0924, 0x0924, 0x0924, 0x0924, 
    0x0924, 0x0924, 0x0924, 0x0924, 0x0924, 0x0924, 0x0924, 0x0924, 0x0924, 0x0924, 0x0924, 0x0924, 
    0x0924, 0x0924, 0x0924, 0x0924, 0x0924, 0x0924, 0x0924, 0x0924, 0x0924, 0x0924, 0x0924, 0x0924, 
    0x0924, 0x0924, 0x0924, 0x0924, 0x0924, 0x0924, 0x0924, 0x0924, 0x0924, 0x0924, 0x0924, 0x0924, 
    0x0924, 0x0924, 0x0924, 0x0924, 0x0924, 0x0924, 0x0924, 0x0924, 0x0924, 0x0924, 0x0924, 0x0924, 
    0x0924, 0x0924, 0x0924, 0x0924, 0x0924, 0x0924, 0x0924, 0x0924, 0x0924, 0x0924, 0x0924, 0x0924, 
    0x0924, 0x0924, 0x0924, 0x0924, 0x0924, 0x0924, 0x0924, 0x0924, 0x0924, 0x0924, 0x0924, 0x0924, 
    0x0924, 0x0924, 0x0924, 0x0924, 0x0924, 0x0924, 0x0924, 0x0924, 0x0924, 0x0924, 0x0924, 0x0924, 
    0x0924, 0x0924, 0x0924, 0x0924, 0x0924, 0x0924, 0x0924, 0x0924, 0x0924, 0x0924, 0x0924, 0x0924, 
    0x0924, 0x0924, 0x0924, 0x0924, 0x0924, 0x0924, 0x0924, 0x0924, 0x0924, 0x0924, 0x0924, 0x0924, 
    0x0924, 0x0924, 0x0924, 0x0924, 0x0924, 0x0924, 0x0924, 0x0924, 0x0924, 0x0924, 0x0924, 0x0924, 
    0x0924, 0x0924, 0x0924, 0x0924, 0x0924, 0x0924, 0x0924, 0x0924, 0x0924, 0x0924, 0x0924, 0x0924, 
    0x0924, 0x0924, 0x0924, 0x0924, 0x0924, 0x0924, 0x0924, 0x0924, 0x0924, 0x0924, 0x0924, 0x0924, 
    0x0924, 0x0924, 0x0924, 0x0924, 0x0924, 0x0924, 0x0924, 0x0924, 0x0924, 0x0924, 0x0924, 0x0924, 
    0x0924, 0x0924, 0x0924, 0x0924, 0x0924, 0x0924, 0x0924, 0x0924, 0x0924, 0x0924, 0x0924, 0x0924, 
    0x0924, 0x0924, 0x0924, 0x0924, 0x0924, 0x0924, 0x0924, 0x0924, 0x0924, 0x0924, 0x0924, 0x0924, 
    0x0924, 0x0924, 0x0924, 0x0924, 0x0924, 0x0924, 0x0924, 0x0924, 0x0924, 0x0924, 0x0924, 0x0924, 
    0x0924, 0x0924, 0x0924, 0x0924, 0x0924, 0x0924, 0x0924, 0x0924, 0x0924, 0x0924, 0x0924, 0x0924, 
    0x0924, 0x0924, 0x0924, 0x0924, 0x0924, 0x0924, 0x0924, 0x0924, 0x0924, 0x0924, 0x0924, 0x0924, 
    0x0924, 0x0924, 0x0924, 0x0924, 0x0924, 0x0924, 0x0924, 0x0924, 0x0924, 0x0924, 0x0924, 0x0924, 
    0x0924, 0x0924, 0x0924, 0x0924, 0x0924, 0x0924, 0x0924, 0x0924, 0x0924, 0x0924, 0x0924, 0x0924, 
    0x0924, 0x0924, 0x0924, 0x0924, 0x0924, 0x0924, 0x0924, 0x0924, 0x0924, 0x0924, 0x0924, 0x0924, 
    0x0924, 0x0924, 0x0924, 0x0924, 0x0924, 0x0924, 0x0924, 0x0924, 0x0924, 0x0924, 0x0924, 0x0924, 
    0x0924, 0x0924, 0x0924, 0x0924, 0x0924, 0x0924, 0x0924, 0x0924, 0x0924, 0x0924, 0x0924, 0x0924, 
    0x0924, 0x0924, 0x0924, 0x0924, 0x0924, 0x0924, 0x0924, 0x0924, 0x0924, 0x0924, 0x0924, 0x0924, 
    0x0924, 0x0924, 0x0924, 0x0924, 0x0924, 0x0924, 0x0924, 0x0924, 0x0924, 0x0924, 0x0924, 0x0924, 
    0x0924, 0x0924, 0x0924, 0x0924, 0x0924, 0x0924, 0x0924, 0x0924, 0x0924, 0x0924, 0x0924, 0x0924, 
    0x0924, 0x0924, 0x0924, 0x0924, 0x0924, 0x0924, 0x0924, 0x0924, 0x0924, 0x0924, 0x0924, 0x0924, 
    0x0924, 0x0924, 0x0924, 0x0924, 0x0924, 0x0924, 0x0924, 0x0924, 0x0924, 0x0924, 0x0924, 0x0924, 
    0x0924, 0x0924, 0x0924, 0x0924, 0x0924, 0x0924, 0x0924, 0x0924, 0x0924, 0x0924, 0x0924, 0x0924, 
    0x0924, 0x0924, 0x0924, 0x0924, 0x0924, 0x0924, 0x0924, 0x0924, 0x0924, 0x0924, 0x0924, 0x0924, 
    0x0924, 0x0924, 0x0924, 0x0924, 0x0924, 0x0924, 0x0924, 0x0924, 0x0924, 0x0924, 0x0924, 0x0924, 
    0x0924, 0x0924, 0x0924, 0x0924, 0x0924, 0x0924, 0x0924, 0x0924, 0x0924, 0x0924, 0x0924, 0x0924, 
    0x0924, 0x0924, 0x0924, 0x0924, 0x0924, 0x0924, 0x0924, 0x0924, 0x0924, 0x0924, 0x0924, 0x0924, 
    0x0924, 0x0924, 0x0924, 0x0924, 0x0924, 0x0924, 0x0924, 0x0924, 0x0924, 0x0924, 0x0924, 0x0924, 
    0x0924, 0x0924, 0x0924, 0x0924, 0x0924, 0x0924, 0x0924, 0x0924, 0x0924, 0x0924, 0x0924, 0x0924, 
    0x0924, 0x0924, 0x0924, 0x0924, 0x0924, 0x0924, 0x0924, 0x0924, 0x0924, 0x0924, 0x0924, 0x0924, 
    0x0924, 0x0924, 0x0924, 0x0924, 0x0924, 0x0924, 0x0924, 0x0924, 0x0924, 0x0924, 0x0924, 0x0924, 
    0x0924, 0x0924, 0x0924, 0x0924, 0x0924, 0x0924, 0x0924, 0x0924, 0x0924, 0x0924, 0x0924, 0x0924, 
    0x0924, 0x0924, 0x0924, 0x0924, 0x0924, 0x0924, 0x0924, 0x0924, 0x0924, 0x0924, 0x0924, 0x0924, 
    0x0924, 0x0924, 0x0924, 0x0924, 0x0924, 0x0924, 0x0924, 0x0924, 0x0924, 0x0924, 0x0924, 0x0924, 
    0x0924, 0x0924, 0x0924, 0x0924, 0x0924, 0x0924, 0x0924, 0x0924, 0x0924, 0x0924, 0x0924, 0x0924, 
    0x0924, 0x0924, 0x0924, 0x0924, 0x0924, 0x0924, 0x0924, 0x0924, 0x0924, 0x0924, 0x0924, 0x0924, 
    0x0924, 0x0924, 0x0924, 0x0924, 0x0924, 0x0924, 0x0924, 0x0924, 0x0924, 0x0924, 0x0924, 0x0924, 
    0x0924, 0x0924, 0x0924, 0x0924, 0x0924, 0x0924, 0x0924, 0x0924, 0x0924, 0x0924, 0x0924, 0x0924, 
    0x0924, 0x0924, 0x0924, 0x0924, 0x0924, 0x0924, 0x0924, 0x0924, 0x0924, 0x0924, 0x0924, 0x0924, 
    0x0924, 0x0924, 0x0924, 0x0924, 0x0924, 0x0924, 0x0924, 0x0924, 0x0924, 0x0924, 0x0924, 0x0924, 
    0x0924, 0x0924, 0x0924, 0x0924, 0x0924, 0x0924, 0x0924, 0x0924, 0x0924, 0x0924, 0x0924, 0x0924, 
    0x0924, 0x0924, 0x0924, 0x0924, 0x0924, 0x0924, 0x0924, 0x0924, 0x0924, 0x0924, 0x0924, 0x0924, 
    0x0924, 0x0924, 0x0924, 0x0924, 0x0924, 0x0924, 0x0924, 0x0924, 0x0924, 0x0924, 0x0924, 0x0924, 
    0x0924, 0x0924, 0x0924, 0x0924, 0x0924, 0x0924, 0x0924, 0x0924, 0x0924, 0x0924, 0x0924, 0x0924, 
    0x0924, 0x0924, 0x0924, 0x0924, 0x0924, 0x0924, 0x0924, 0x0924, 0x0924, 0x0924, 0x0924, 0x0924, 
    0x0924, 0x0924, 0x0924, 0x0924, 0x0924, 0x0924, 0x0924, 0x0924, 0x0924, 0x0924, 0x0924, 0x0924, 
    0x0924, 0x0924, 0x0924, 0x0924, 0x0924, 0x0924, 0x0924, 0x0924, 0x0924, 0x0924, 0x0924, 0x0924, 
    0x0924, 0x0924, 0x0924, 0x0924, 0x0924, 0x0924, 0x0924, 0x0924, 0x0924, 0x0924, 0x0924, 0x0924, 
    0x0924, 0x0924, 0x0924, 0x0924, 0x0924, 0x0924, 0x0924, 0x0924, 0x0924, 0x0924, 0x0924, 0x0924, 
    0x0924, 0x0924, 0x0924, 0x0924, 0x0924, 0x0924, 0x0924, 0x0924, 0x0924, 0x0924, 0x0924, 0x0924, 
    0x0924, 0x0924, 0x0924, 0x0924, 0x0924, 0x0924, 0x0924, 0x0924, 0x0924, 0x0924, 0x0924, 0x0924, 
    0x0924, 0x0924, 0x0924, 0x0924, 0x0924, 0x0924, 0x0924, 0x0924, 0x0924, 0x0924, 0x0924, 0x0924, 
    0x0924, 0x0924, 0x0924, 0x0924, 0x0924, 0x0924, 0x0924, 0x0924, 0x0924, 0x0924, 0x0924, 0x0924, 
    0x0924, 0x0924, 0x0924, 0x0924, 0x0924, 0x0924, 0x0924, 0x0924, 0x0924, 0x0924, 0x0924, 0x0924, 
    0x0924, 0x0924, 0x0924, 0x0924, 0x0924, 0x0924, 0x0924, 0x0924, 0x0924, 0x0924, 0x0924, 0x0924, 
    0x0924, 0x0924, 0x0924, 0x0924, 0x0924, 0x0924, 0x0924, 0x0924, 0x0924, 0x0924, 0x0924, 0x0924, 
    0x0924, 0x0924, 0x0924, 0x0924, 0x0924, 0x0924, 0x0924, 0x0924, 0x0924, 0x0924, 0x0924, 0x0924, 
    0x0924, 0x0924, 0x0924, 0x0924, 0x0924, 0x0924, 0x0924, 0x0924, 0x0924, 0x0924, 0x0924, 0x0924, 
    0x0924, 0x0924, 0x0924, 0x0924, 0x0924, 0x0924, 0x0924, 0x0924, 0x0924, 0x0924, 0x0924, 0x0924, 
    0x0924, 0x0924, 0x0924, 0x0924, 0x0924, 0x0924, 0x0924, 0x0924, 0x0924, 0x0924, 0x0924, 0x0924, 
    0x0924, 0x0924, 0x0924, 0x0924, 0x0924, 0x0924, 0x0924, 0x0924, 0x0924, 0x0924, 0x0924, 0x0924, 
    0x0924, 0x0924, 0x0924, 0x0924, 0x0924, 0x0924, 0x0924, 0x0924, 0x0924, 0x0924, 0x0924, 0x0924, 
    0x0924, 0x0924, 0x0924, 0x0924, 0x0924, 0x0924, 0x0924, 0x0924, 0x0924, 0x0924, 0x0924, 0x0924, 
    0x0924, 0x0924, 0x0924, 0x0924, 0x0924, 0x0924, 0x0924, 0x0924, 0x0924, 0x0924, 0x0924, 0x0924, 
    0x0924, 0x0924, 0x0924, 0x0924, 0x0924, 0x0924, 0x0924, 0x0924, 0x0924, 0x0924, 0x0924, 0x0924, 
    0x0924, 0x0924, 0x0924, 0x0924, 0x0924, 0x0924, 0x0924, 0x0924, 0x0924, 0x0924, 0x0924, 0x0924, 
    0x0924, 0x0924, 0x0924, 0x0924, 0x0924, 0x0924, 0x0924, 0x0924, 0x0924, 0x0924, 0x0924, 0x0924, 
    0x0924, 0x0924, 0x0924, 0x0924, 0x0924, 0x0924, 0x0924, 0x0924, 0x0924, 0x0924, 0x0924, 0x0924, 
    0x0924, 0x0924, 0x0924, 0x0924, 0x0924, 0x0924, 0x0924, 0x0924, 0x0924, 0x0924, 0x0924, 0x0924, 
    0x0924, 0x0924, 0x0924, 0x0924, 0x0924, 0x0924, 0x0924, 0x0924, 0x0924, 0x0924, 0x0924, 0x0924, 
    0x0924, 0x0924, 0x0924, 0x0924, 0x0924, 0x0924, 0x0924, 0x0924, 0x0924, 0x0924, 0x0924, 0x0924, 
    0x0924, 0x0924, 0x0924, 0x0924, 0x0924, 0x0924, 0x0924, 0x0924, 0x0924, 0x0924, 0x0924, 0x0924, 
    0x0924, 0x0924, 0x0924, 0x0924, 0x0924, 0x0924, 0x0924, 0x0924, 0x0924, 0x0924, 0x0924, 0x0924, 
    0x0924, 0x0924, 0x0924, 0x0924, 0x0924, 0x0924, 0x0924, 0x0924, 0x0924, 0x0924, 0x0924, 0x0924, 
    0x0924, 0x0924, 0x0924, 0x0924, 0x0924, 0x0924, 0x0924, 0x0924, 0x0924, 0x0924, 0x0924, 0x0924, 
    0x0924, 0x0924, 0x0924, 0x0924, 0x0924, 0x0924, 0x0924, 0x0924, 0x0924, 0x0924, 0x0924, 0x0924, 
    0x0924, 0x0924, 0x0924, 0x0924, 0x0924, 0x0924, 0x0924, 0x0924, 0x0924, 0x0924, 0x0924, 0x0924, 
    0x0924, 0x0924, 0x0924, 0x0924, 0x0924, 0x0924, 0x0924, 0x0924, 0x0924, 0x0924, 0x0924, 0x0924, 
    0x0924, 0x0924, 0x0924, 0x0924, 0x0924, 0x0924, 0x0924, 0x0924, 0x0924, 0x0924, 0x0924, 0x0924, 
    0x0924, 0x0924, 0x0924, 0x0924, 0x0924, 0x0924, 0x0924, 0x0924, 0x0924, 0x0924, 0x0924, 0x0924, 
    0x0924, 0x0924, 0x0924, 0x0924, 0x0924, 0x0924, 0x0924, 0x0924, 0x0924, 0x0924, 0x0924, 0x0924, 
    0x0924, 0x0924, 0x0924, 0x0924, 0x0924, 0x0924, 0x0924, 0x0924, 0x0924, 0x0924, 0x0924, 0x0924, 
    0x0924, 0x0924, 0x0924, 0x0924, 0x0924, 0x0924, 0x0924, 0x0924, 0x0924, 0x0924, 0x0924, 0x0924, 
    0x0924, 0x0924, 0x0924, 0x0924, 0x0924, 0x0924, 0x0924, 0x0924, 0x0924, 0x0924, 0x0924, 0x0924, 
    0x0924, 0x0924, 0x0924, 0x0924, 0x0924, 0x0924, 0x0924, 0x0924, 0x0924, 0x0924, 0x0924, 0x0924, 
    0x0924, 0x0924, 0x0924, 0x0924, 0x0924, 0x0924, 0x0924, 0x0924, 0x0924, 0x0924, 0x0924, 0x0924, 
    0x0924, 0x0924, 0x0924, 0x0924, 0x0924, 0x0924, 0x0924, 0x0924, 0x0924, 0x0924, 0x0924, 0x0924, 
    0x0924, 0x0924, 0x0924, 0x0924, 0x0924, 0x0924, 0x0924, 0x0924, 0x0924, 0x0924, 0x0924, 0x0924, 
    0x0924, 0x0924, 0x0924, 0x0924, 0x0924, 0x0924, 0x0924, 0x0924, 0x0924, 0x0924, 0x0924, 0x0924, 
    0x0924, 0x0924, 0x0924, 0x0924, 0x0924, 0x0924, 0x0924, 0x0924, 0x0924, 0x0924, 0x0924, 0x0924, 
    0x0924, 0x0924, 0x0924, 0x0924, 0x0924, 0x0924, 0x0924, 0x0924, 0x0924, 0x0924, 0x0924, 0x0924, 
    0x0924, 0x0924, 0x0924, 0x0924, 0x0924, 0x0924, 0x0924, 0x0924, 0x0924, 0x0924, 0x0924, 0x0924, 
    0x0924, 0x0924, 0x0924, 0x0924, 0x0924, 0x0924, 0x0924, 0x0924, 0x0924, 0x0924, 0x0924, 0x0924, 
    0x0924, 0x0924, 0x0924, 0x0924, 0x0924, 0x0924, 0x0924, 0x0924, 0x0924, 0x0924, 0x0924, 0x0924, 
    0x0924, 0x0924, 0x0924, 0x0924, 0x0924, 0x0924, 0x0924, 0x0924, 0x0924, 0x0924, 0x0924, 0x0924, 
    0x0924, 0x0924, 0x0924, 0x0924, 0x0924, 0x0924, 0x0924, 0x0924, 0x0924, 0x0924, 0x0924, 0x0924, 
    0x0924, 0x0924, 0x0924, 0x0924, 0x0924, 0x0924, 0x0924, 0x0924, 0x0924, 0x0924, 0x0924, 0x0924, 
    0x0924, 0x0924, 0x0924, 0x0924, 0x0924, 0x0924, 0x0924, 0x0924, 0x0924, 0x0924, 0x0924, 0x0924, 
    0x0924, 0x0924, 0x0924, 0x0924, 0x0924, 0x0924, 0x0924, 0x0924, 0x0924, 0x0924, 0x0924, 0x0924, 
    0x0924, 0x0924, 0x0924, 0x0924, 0x0924, 0x0924, 0x0924, 0x0924, 0x0924, 0x0924, 0x0924, 0x0924, 
    0x0924, 0x0924, 0x0924, 0x0924, 0x0924, 0x0924, 0x0924, 0x0924, 0x0924, 0x0924, 0x0924, 0x0924, 
    0x0924, 0x0924, 0x0924, 0x0924, 0x0924, 0x0924, 0x0924, 0x0924, 0x0924, 0x0924, 0x0924, 0x0924, 
    0x0924, 0x0924, 0x0924, 0x0924, 0x0924, 0x0924, 0x0924, 0x0924, 0x0924, 0x0924, 0x0924, 0x0924, 
    0x0924, 0x0924, 0x0924, 0x0924, 0x0924, 0x0924, 0x0924, 0x0924, 0x0924, 0x0924, 0x0924, 0x0924, 
    0x0924, 0x0924, 0x0924, 0x0924, 0x0924, 0x0924, 0x0924, 0x0924, 0x0924, 0x0924, 0x0924, 0x0924, 
    0x0924, 0x0924, 0x0924, 0x0924, 0x0924, 0x0924, 0x0924, 0x0924, 0x0924, 0x0924, 0x0924, 0x0924, 
    0x0924, 0x0924, 0x0924, 0x0924, 0x0924, 0x0924, 0x0924, 0x0924, 0x0924, 0x0924, 0x0924, 0x0924, 
    0x0924, 0x0924, 0x0924, 0x0924, 0x0924, 0x0924, 0x0924, 0x0924, 0x0924, 0x0924, 0x0924, 0x0924, 
    0x0924, 0x0924, 0x0924, 0x0924, 0x0924, 0x0924, 0x0924, 0x0924, 0x0924, 0x0924, 0x0924, 0x0924, 
    0x0924, 0x0924, 0x0924, 0x0924, 0x0924, 0x0924, 0x18E3, 0x0924, 0x0924, 0x0924, 0x0924, 0x0924, 
    0x0924, 0x0924, 0x0924, 0x0924, 0x0924, 0x0924, 0x0924, 0x0924, 0x0924, 0x0924, 0x0924, 0x0924, 
    0x0924, 0x0924, 0x0924, 0x0924, 0x0924, 0x0924, 0x0924, 0x0924, 0x0924, 0x0924, 0x0924, 0x0924, 
    0x0924, 0x0924, 0x0924, 0x0924, 0x0924, 0x0924, 0x0924, 0x0924, 0x0924, 0x0924, 0x0924, 0x0924, 
    0x0924, 0x0924, 0x0924, 0x0924, 0x0924, 0x0924, 0x0924, 0x0924, 0x0924, 0x0924, 0x0924, 0x0924, 
    0x0924, 0x0924, 0x0924, 0x0924, 0x0924, 0x0924, 0x0924, 0x0924, 0x0924, 0x0924, 0x0924, 0x0924, 
    0x0924, 0x0924, 0x0924, 0x0924, 0x0924, 0x0924, 0x0924, 0x0924, 0x0924, 0x0924, 0x0924, 0x0924, 
    0x0924, 0x0924, 0x0924, 0x0924, 0x0924, 0x0924, 0x0924, 0x0924, 0x0924, 0x0924, 0x0924, 0x0924, 
    0x0924, 0x0924, 0x0924, 0x0924, 0x0924, 0x0924, 0x0924, 0x0924, 0x0924, 0x0924, 0x0924, 0x0924, 
    0x0924, 0x0924, 0x0924, 0x0924, 0x0924, 0x0924, 0x0924, 0x0924, 0x0924, 0x0924, 0x0924, 0x0924, 
    0x0924, 0x0924, 0x0904, 0x0904, 0x7061, 0xE000, 0xF800, 0x0924, 0x0924, 0x0924, 0x0924, 0x0924, 
    0x0924, 0x0924, 0x0924, 0x0924, 0x5882, 0x0904, 0x0904, 0x0904, 0x0904, 0x0904, 0x0924, 0x0924, 
    0x0924, 0x0924, 0x0924, 0x0924, 0x0924, 0x0924, 0x0924, 0x0924, 0x0924, 0x0924, 0x0924, 0x0924, 
    0x0924, 0x0924, 0x0924, 0x0924, 0x0924, 0x0924, 0x0924, 0x0924, 0x0924, 0x0924, 0x0924, 0x0924, 
    0x0924, 0x0924, 0x0924, 0x0924, 0x0924, 0x0924, 0x0924, 0x0924, 0x0924, 0x0924, 0x0924, 0x0924, 
    0x0924, 0x0924, 0x0924, 0x0924, 0x0924, 0x0924, 0x0924, 0x0924, 0x0924, 0x0924, 0x0924, 0x0924, 
    0x0924, 0x0924, 0x0924, 0x0924, 0x0924, 0x0924, 0x0924, 0x0924, 0x0924, 0x0924, 0x0924, 0x0924, 
    0x0924, 0x0924, 0x0924, 0x0924, 0x0924, 0x0924, 0x0924, 0x0924, 0x0924, 0x0924, 0x0924, 0x0924, 
    0x0924, 0x0924, 0x0924, 0x0924, 0x0924, 0x0924, 0x0924, 0x0924, 0x0924, 0x0924, 0x0924, 0x0924, 
    0x0924, 0x0924, 0x0924, 0x0924, 0x0924, 0x0924, 0x0924, 0x0924, 0x0924, 0x0924, 0x0924, 0x0924, 
    0x0924, 0x30C3, 0xF800, 0xF800, 0xF800, 0xF800, 0xF800, 0x28C3, 0x0924, 0x0924, 0x0924, 0x0924, 
    0x0924, 0x0924, 0x0924, 0x0924, 0x8861, 0xF800, 0xF800, 0xF800, 0xF800, 0xB820, 0x0924, 0x0924, 
    0x0924, 0x0924, 0x0924, 0x0924, 0x0924, 0x0924, 0x0924, 0x0924, 0x0924, 0x0924, 0x0924, 0x0924, 
    0x0924, 0x0924, 0x0924, 0x0924, 0x0924, 0x0924, 0x0924, 0x0924, 0x0924, 0x0924, 0x0924, 0x0924, 
    0x0924, 0x0924, 0x0924, 0x0924, 0x0924, 0x0924, 0x0924, 0x0924, 0x0924, 0x0924, 0x0924, 0x0924, 
    0x0924, 0x0924, 0x0924, 0x0924, 0x0924, 0x0924, 0x0924, 0x0924, 0x0924, 0x0924, 0x0924, 0x0924, 
    0x0924, 0x0924, 0x0924, 0x0924, 0x0924, 0x0924, 0x0924, 0x0924, 0x0924, 0x0924, 0x0924, 0x0924, 
    0x0924, 0x0924, 0x0924, 0x0924, 0x0924, 0x0924, 0x0924, 0x0924, 0x0924, 0x0924, 0x0924, 0x0924, 
    0x0924, 0x0924, 0x0924, 0x0924, 0x0924, 0x0924, 0x0924, 0x0924, 0x0924, 0x0924, 0x0924, 0x0924, 
    0x0924, 0x0924, 0x0924, 0x0924, 0x0924, 0x0924, 0x0924, 0x0924, 0x0924, 0x0924, 0x0924, 0x0924, 
    0x0924, 0x10E3, 0xD820, 0xE000, 0xF800, 0xF000, 0xF800, 0xA841, 0x0924, 0x0924, 0x0924, 0x0924, 
    0x0924, 0x0924, 0x0924, 0x0924, 0x9841, 0xE800, 0xE800, 0xE800, 0xF000, 0x48A2, 0x0924, 0x0924, 
    0x0924, 0x0924, 0x0924, 0x0924, 0x0924, 0x0924, 0x0924, 0x0924, 0x0924, 0x0924, 0x0924, 0x0924, 
    0x0924, 0x0924, 0x0924, 0x0924, 0x0924, 0x0924, 0x0924, 0x0924, 0x0924, 0x0924, 0x0924, 0x0924, 
    0x0924, 0x0924, 0x0924, 0x0924, 0x0924, 0x0924, 0x0924, 0x0924, 0x0924, 0x0924, 0x0924, 0x0924, 
    0x0924, 0x0924, 0x0924, 0x0924, 0x0924, 0x0924, 0x0924, 0x0924, 0x0924, 0x0924, 0x0924, 0x0924, 
    0x0924, 0x0924, 0x0924, 0x0924, 0x0924, 0x0924, 0x0924, 0x0924, 0x0924, 0x0924, 0x0924, 0x0924, 
    0x0924, 0x0924, 0x0924, 0x0924, 0x0924, 0x0924, 0x0924, 0x0924, 0x0924, 0x0924, 0x0924, 0x0924, 
    0x0924, 0x0924, 0x0924, 0x0924, 0x0924, 0x0924, 0x0924, 0x0924, 0x0924, 0x0924, 0x0924, 0x0924, 
    0x0924, 0x0924, 0x0924, 0x0924, 0x0924, 0x0924, 0x0924, 0x0924, 0x0924, 0x0924, 0x0924, 0x0924, 
    0x0924, 0x0924, 0x8061, 0xF800, 0xF800, 0xF800, 0xF800, 0x8061, 0x0924, 0x0924, 0x0924, 0x0924, 
    0x0924, 0x0924, 0x0924, 0x28C3, 0xF800, 0xE800, 0xF800, 0xF800, 0xF800, 0x0924, 0x0924, 0x0924, 
    0x0924, 0x0924, 0x0924, 0x0924, 0x0924, 0x0924, 0x0924, 0x0924, 0x0924, 0x0924, 0x0924, 0x0924, 
    0x0924, 0x0924, 0x0924, 0x0924, 0x0924, 0x0924, 0x0924, 0x0924, 0x0924, 0x0924, 0x0924, 0x0924, 
    0x0924, 0x0924, 0x0924, 0x0924, 0x0924, 0x0924, 0x0924, 0x0924, 0x0924, 0x0924, 0x0924, 0x0924, 
    0x0924, 0x0924, 0x0924, 0x0924, 0x0924, 0x0924, 0x0924, 0x0924, 0x0924, 0x0924, 0x0924, 0x0924, 
    0x0924, 0x0924, 0x0924, 0x0924, 0x0924, 0x0924, 0x0924, 0x0924, 0x0924, 0x0924, 0x0924, 0x0924, 
    0x0924, 0x0924, 0x0924, 0x0924, 0x0924, 0x0924, 0x0924, 0x0924, 0x0924, 0x0924, 0x0924, 0x0924, 
    0x0924, 0x0924, 0x0924, 0x0924, 0x0924, 0x0924, 0x0924, 0x0924, 0x0924, 0x0924, 0x0924, 0x0924, 
    0x0924, 0x0924, 0x0924, 0x0924, 0x0924, 0x0924, 0x0924, 0x0924, 0x0924, 0x0924, 0x0924, 0x0924, 
    0x0924, 0x0924, 0x8861, 0xF800, 0xF800, 0xF800, 0xF800, 0x8061, 0x0924, 0x0924, 0x0924, 0x0924, 
    0x0924, 0x0924, 0x0924, 0x20E3, 0xF800, 0xE800, 0xF800, 0xF800, 0xF800, 0x0924, 0x0924, 0x0924, 
    0x0924, 0x0924, 0x0924, 0x0924, 0x0924, 0x0924, 0x0924, 0x0924, 0x0924, 0x0924, 0x0924, 0x0924, 
    0x0924, 0x0924, 0x0924, 0x0924, 0x0924, 0x0924, 0x0924, 0x0924, 0x0924, 0x0924, 0x0924, 0x0924, 
    0x0924, 0x0924, 0x0924, 0x0924, 0x0924, 0x0924, 0x0924, 0x0924, 0x0924, 0x0924, 0x0924, 0x0924, 
    0x0924, 0x0924, 0x0924, 0x0924, 0x0924, 0x0924, 0x0924, 0x0924, 0x0924, 0x0924, 0x0924, 0x0924, 
    0x0924, 0x0924, 0x0924, 0x0924, 0x0924, 0x0924, 0x0924, 0x0924, 0x0924, 0x0924, 0x0924, 0x0924, 
    0x0924, 0x0924, 0x0924, 0x0924, 0x0924, 0x0924, 0x0924, 0x0924, 0x0924, 0x0924, 0x0924, 0x0924, 
    0x0924, 0x0924, 0x0924, 0x0924, 0x0924, 0x0924, 0x0924, 0x0924, 0x0924, 0x0924, 0x0924, 0x0924, 
    0x0924, 0x0924, 0x0924, 0x0924, 0x0924, 0x0924, 0x0924, 0x0924, 0x0924, 0x0924, 0x0924, 0x0924, 
    0x0924, 0x0924, 0x8861, 0xF800, 0xF800, 0xF800, 0xF800, 0xB041, 0x0924, 0x0924, 0x0924, 0x0924, 
    0x0924, 0x0924, 0x0924, 0x20E3, 0xF800, 0xE800, 0xF800, 0xF800, 0xF800, 0x0924, 0x0924, 0x0924, 
    0x0924, 0x0924, 0x0924, 0x0924, 0x0924, 0x0924, 0x0924, 0x0924, 0x0924, 0x0924, 0x0924, 0x0924, 
    0x0924, 0x0924, 0x0924, 0x0924, 0x0924, 0x0924, 0x0924, 0x0924, 0x0924, 0x0924, 0x0924, 0x0924, 
    0x0924, 0x0924, 0x0924, 0x0924, 0x0924, 0x0924, 0x0924, 0x0924, 0x0924, 0x0924, 0x0924, 0x0924, 
    0x0924, 0x0924, 0x0924, 0x0924, 0x0924, 0x0924, 0x0924, 0x0924, 0x0924, 0x0924, 0x0924, 0x0924, 
    0x0924, 0x0924, 0x0924, 0x0924, 0x0924, 0x0924, 0x0924, 0x0924, 0x0924, 0x0924, 0x0924, 0x0924, 
    0x0924, 0x0924, 0x0924, 0x0924, 0x0924, 0x0924, 0x0924, 0x0924, 0x0924, 0x0924, 0x0924, 0x0924, 
    0x0924, 0x0924, 0x0924, 0x0924, 0x0924, 0x0924, 0x0924, 0x0924, 0x0924, 0x0924, 0x0924, 0x0924, 
    0x0924, 0x0924, 0x0924, 0x0924, 0x0924, 0x0924, 0x0924, 0x0924, 0x0924, 0x0924, 0x0924, 0x0924, 
    0x0924, 0x0924, 0x7861, 0xF800, 0xF800, 0xF800, 0xE800, 0xF800, 0x30C3, 0x0924, 0x0924, 0x0924, 
    0x0924, 0x0924, 0x0924, 0x28C3, 0xF800, 0xE800, 0xF800, 0xF800, 0xE800, 0x0924, 0x0924, 0x0924, 
    0x0924, 0x0924, 0x0924, 0x0924, 0x0924, 0x0924, 0x0924, 0x0924, 0x0924, 0x0924, 0x0924, 0x0924, 
    0x0924, 0x0924, 0x0924, 0x0924, 0x0924, 0x0924, 0x0924, 0x0924, 0x0924, 0x0924, 0x0924, 0x0924, 
    0x0924, 0x0924, 0x0924, 0x0924, 0x0924, 0x0924, 0x0924, 0x0924, 0x0924, 0x0924, 0x0924, 0x0924, 
    0x0924, 0x0924, 0x0924, 0x0924, 0x0924, 0x0924, 0x0924, 0x0924, 0x0924, 0x0924, 0x0924, 0x0924, 
    0x0924, 0x0924, 0x0924, 0x0924, 0x0924, 0x0924, 0x0924, 0x0924, 0x0924, 0x0924, 0x0924, 0x0924, 
    0x0924, 0x0924, 0x0924, 0x0924, 0x0924, 0x0924, 0x0924, 0x0924, 0x0924, 0x0924, 0x0924, 0x0924, 
    0x0924, 0x0924, 0x0924, 0x0924, 0x0924, 0x0924, 0x0924, 0x0924, 0x0924, 0x0924, 0x0924, 0x0924, 
    0x0924, 0x0924, 0x0924, 0x0924, 0x0924, 0x0924, 0x0924, 0x0924, 0x0924, 0x0924, 0x0924, 0x0924, 
    0x0924, 0x0924, 0x0924, 0xF800, 0xF800, 0xF800, 0xE800, 0xF800, 0x20E3, 0x0924, 0x0924, 0x0924, 
    0x0924, 0x0924, 0x0924, 0xF000, 0xF000, 0xF800, 0xF000, 0xF800, 0x18E3, 0x0924, 0x0924, 0x0924, 
    0x0924, 0x0924, 0x0924, 0x0924, 0x0924, 0x0924, 0x0924, 0x0924, 0x0924, 0x0924, 0x0924, 0x0924, 
    0x0924, 0x0924, 0x0924, 0x0924, 0x0924, 0x0924, 0x0924, 0x0924, 0x0924, 0x0924, 0x0924, 0x0924, 
    0x0924, 0x0924, 0x0924, 0x0924, 0x0924, 0x0924, 0x0924, 0x0924, 0x0924, 0x0924, 0x0924, 0x0924, 
    0x0924, 0x0924, 0x0924, 0x0924, 0x0924, 0x0924, 0x0924, 0x0924, 0x0924, 0x0924, 0x0924, 0x0924, 
    0x0924, 0x0924, 0x0924, 0x0924, 0x0924, 0x0924, 0x0924, 0x0924, 0x0924, 0x0924, 0x0924, 0x0924, 
    0x0924, 0x0924, 0x0924, 0x0924, 0x0924, 0x0924, 0x0924, 0x0924, 0x0924, 0x0924, 0x0924, 0x0924, 
    0x0924, 0x0924, 0x0924, 0x0924, 0x0924, 0x0924, 0x0924, 0x0924, 0x0924, 0x0924, 0x0924, 0x0924, 
    0x0924, 0x0924, 0x0924, 0x0924, 0x0924, 0x0924, 0x0924, 0x0924, 0x0924, 0x0924, 0x0924, 0x0924, 
    0x0924, 0x0924, 0x0924, 0xF000, 0xF800, 0xF800, 0xE800, 0xF800, 0x20E3, 0x0924, 0x0924, 0x0924, 
    0x0924, 0x0924, 0x0924, 0xF800, 0xF000, 0xF800, 0xF000, 0xF800, 0x10E3, 0x0924, 0x0924, 0x0924, 
    0x0924, 0x0924, 0x0924, 0x0924, 0x0924, 0x0924, 0x0924, 0x0924, 0x0924, 0x0924, 0x0924, 0x0924, 
    0x0924, 0x0924, 0x0924, 0x0924, 0x0924, 0x0924, 0x0924, 0x0924, 0x0924, 0x0924, 0x0924, 0x0924, 
    0x0924, 0x0924, 0x0924, 0x0924, 0x0924, 0x0924, 0x0924, 0x0924, 0x0924, 0x0924, 0x0924, 0x0924, 
    0x0924, 0x0924, 0x0924, 0x0924, 0x0924, 0x0924, 0x0924, 0x0924, 0x0924, 0x0924, 0x0924, 0x0924, 
    0x0924, 0x0924, 0x0924, 0x0924, 0x0924, 0x0924, 0x0924, 0x0924, 0x0924, 0x0924, 0x0924, 0x0924, 
    0x0924, 0x0924, 0x0924, 0x0924, 0x0924, 0x0924, 0x0924, 0x0924, 0x0924, 0x0924, 0x0924, 0x0924, 
    0x0924, 0x0924, 0x0924, 0x0924, 0x0924, 0x0924, 0x0924, 0x0924, 0x0924, 0x0924, 0x0924, 0x0924, 
    0x0924, 0x0924, 0x0924, 0x0924, 0x0924, 0x0924, 0x0924, 0x0924, 0x0924, 0x0924, 0x0924, 0x0924, 
    0x0924, 0x0924, 0x0924, 0xF800, 0xF800, 0xF800, 0xF800, 0xF000, 0xD820, 0x0924, 0x0924, 0x0924, 
    0x0924, 0x0924, 0x0924, 0xF800, 0xF000, 0xF800, 0xF000, 0xF800, 0x10E3, 0x0924, 0x0924, 0x0924, 
    0x0924, 0x0924, 0x0924, 0x0924, 0x0924, 0x0924, 0x0924, 0x0924, 0x0924, 0x0924, 0x0924, 0x0924, 
    0x0924, 0x0924, 0x0924, 0x0924, 0x0924, 0x0924, 0x0924, 0x0924, 0x0924, 0x0924, 0x0924, 0x0924, 
    0x0924, 0x0924, 0x0924, 0x0924, 0x0924, 0x0924, 0x0924, 0x0924, 0x0924, 0x0924, 0x0924, 0x0924, 
    0x0924, 0x0924, 0x0924, 0x0924, 0x0924, 0x0924, 0x0924, 0x0924, 0x0924, 0x0924, 0x0924, 0x0924, 
    0x0924, 0x0924, 0x0924, 0x0924, 0x0924, 0x0924, 0x0924, 0x0924, 0x0924, 0x0924, 0x0924, 0x0924, 
    0x0924, 0x0924, 0x0924, 0x0924, 0x0924, 0x0924, 0x0924, 0x0924, 0x0924, 0x0924, 0x0924, 0x0924, 
    0x0924, 0x0924, 0x0924, 0x0924, 0x0924, 0x0924, 0x0924, 0x0924, 0x0924, 0x0924, 0x0924, 0x0924, 
    0x0924, 0x0924, 0x0924, 0x0924, 0x0924, 0x0924, 0x0924, 0x20E3, 0x9841, 0x0924, 0x0924, 0x0924, 
    0x0924, 0x0924, 0x0924, 0x5882, 0xF800, 0xF800, 0xF800, 0xF000, 0xF800, 0x0924, 0x0924, 0x0924, 
    0x0924, 0x0924, 0x0924, 0xF800, 0xF000, 0xF800, 0xF000, 0xF800, 0x18E3, 0x0924, 0x0924, 0x0924, 
    0x0924, 0x0924, 0x0924, 0x0904, 0x0924, 0x0924, 0x0924, 0x0924, 0x0924, 0x0924, 0x0924, 0x0924, 
    0x0924, 0x0924, 0x0924, 0x0924, 0x0924, 0x0924, 0x0924, 0x0924, 0x0924, 0x0924, 0x0924, 0x0924, 
    0x0924, 0x0924, 0x0924, 0x0924, 0x0924, 0x0924, 0x0924, 0x0924, 0x0924, 0x0924, 0x0924, 0x0924, 
    0x0924, 0x0924, 0x0924, 0x0924, 0x0924, 0x0924, 0x0924, 0x0924, 0x0924, 0x0924, 0x0924, 0x0924, 
    0x0924, 0x0924, 0x0924, 0x0924, 0x0924, 0x0924, 0x0924, 0x0924, 0x0924, 0x0924, 0x0924, 0x0924, 
    0x0924, 0x0924, 0x0924, 0x0924, 0x0924, 0x0924, 0x0924, 0x0924, 0x0924, 0x0924, 0x0924, 0x0924, 
    0x0924, 0x0924, 0x0924, 0x0924, 0x0924, 0x0924, 0x0924, 0x0924, 0x0924, 0x0924, 0x0924, 0x0924, 
    0x0924, 0x0924, 0x0924, 0x0924, 0x0924, 0x0904, 0x8861, 0xF000, 0xF800, 0x10E3, 0x0924, 0x0924, 
    0x0924, 0x0924, 0x0924, 0x1104, 0xF800, 0xF000, 0xF800, 0xF000, 0xF800, 0x0904, 0x0924, 0x0924, 
    0x0924, 0x0924, 0x7082, 0xF800, 0xF800, 0xF000, 0xF800, 0x7061, 0x0924, 0x0924, 0x0924, 0x0924, 
    0x0924, 0x0924, 0x0924, 0xF000, 0xA041, 0x18E3, 0x0924, 0x0924, 0x0924, 0x0924, 0x0924, 0x0924, 
    0x0924, 0x0924, 0x0924, 0x0924, 0x0924, 0x0924, 0x0924, 0x0924, 0x0924, 0x0924, 0x0924, 0x0924, 
    0x0924, 0x0924, 0x0924, 0x0924, 0x0924, 0x0924, 0x0924, 0x0924, 0x0924, 0x0924, 0x0924, 0x0924, 
    0x0924, 0x0924, 0x0924, 0x0924, 0x0924, 0x0924, 0x0924, 0x0924, 0x0924, 0x0924, 0x0924, 0x0924, 
    0x0924, 0x0924, 0x0924, 0x0924, 0x0924, 0x0924, 0x0924, 0x0924, 0x0924, 0x0924, 0x0924, 0x0924, 
    0x0924, 0x0924, 0x0924, 0x0924, 0x0924, 0x0924, 0x0924, 0x0924, 0x0924, 0x0924, 0x0924, 0x0924, 
    0x0924, 0x0924, 0x0924, 0x0924, 0x0924, 0x0924, 0x0924, 0x0924, 0x0924, 0x0924, 0x0924, 0x0924, 
    0x0924, 0x0924, 0x0924, 0x0924, 0x18E3, 0xD020, 0xF800, 0xF800, 0xF800, 0xE000, 0x0924, 0x0924, 
    0x0924, 0x0924, 0x0924, 0x10E3, 0xF800, 0xF000, 0xF800, 0xF000, 0xF800, 0x0924, 0x0924, 0x0924, 
    0x0924, 0x0924, 0xC820, 0xF800, 0xF800, 0xF000, 0xF800, 0x5882, 0x0924, 0x0924, 0x0924, 0x0924, 
    0x0924, 0x0924, 0x30C3, 0xF800, 0xF800, 0xF800, 0xD020, 0x18E3, 0x0924, 0x0924, 0x0924, 0x0924, 
    0x0924, 0x0924, 0x0924, 0x0924, 0x0924, 0x0924, 0x0924, 0x0924, 0x0924, 0x0924, 0x0924, 0x0924, 
    0x0924, 0x0924, 0x0924, 0x0924, 0x0924, 0x0924, 0x0924, 0x0924, 0x0924, 0x0924, 0x0924, 0x0924, 
    0x0924, 0x0924, 0x0924, 0x0924, 0x0924, 0x0924, 0x0924, 0x0924, 0x0924, 0x0924, 0x0924, 0x0924, 
    0x0924, 0x0924, 0x0924, 0x0924, 0x0924, 0x0924, 0x0924, 0x0924, 0x0924, 0x0924, 0x0924, 0x0924, 
    0x0924, 0x0924, 0x0924, 0x0924, 0x0924, 0x0924, 0x0924, 0x0924, 0x0924, 0x0924, 0x0924, 0x0924, 
    0x0924, 0x0924, 0x0924, 0x0924, 0x0924, 0x0924, 0x0924, 0x0924, 0x0924, 0x0924, 0x0924, 0x0924, 
    0x0924, 0x0924, 0x0924, 0x0924, 0xA041, 0xF800, 0xE800, 0xF800, 0xF000, 0xF000, 0x28C3, 0x0924, 
    0x0924, 0x0924, 0x0924, 0x18E3, 0xF800, 0xF000, 0xF800, 0xF800, 0xF800, 0x5882, 0x0924, 0x0924, 
    0x0924, 0x0924, 0xB041, 0xF800, 0xF800, 0xF000, 0xF800, 0x5882, 0x0924, 0x0924, 0x0924, 0x0924, 
    0x0924, 0x0924, 0xF800, 0xF800, 0xF800, 0xF000, 0xF800, 0xA041, 0x0924, 0x0924, 0x0924, 0x0924, 
    0x0924, 0x0924, 0x0924, 0x0924, 0x0924, 0x0924, 0x0924, 0x0924, 0x0924, 0x0924, 0x0924, 0x0924, 
    0x0924, 0x0924, 0x0924, 0x0924, 0x0924, 0x0924, 0x0924, 0x0924, 0x0924, 0x0924, 0x0924, 0x0924, 
    0x0924, 0x0924, 0x0924, 0x0924, 0x0924, 0x0924, 0x0924, 0x0924, 0x0924, 0x0924, 0x0924, 0x0924, 
    0x0924, 0x0924, 0x0924, 0x0924, 0x0924, 0x0924, 0x0924, 0x0924, 0x0924, 0x0924, 0x0924, 0x0924, 
    0x0924, 0x0924, 0x0924, 0x0924, 0x0924, 0x0924, 0x0924, 0x0924, 0x0924, 0x0924, 0x0924, 0x0924, 
    0x0924, 0x0924, 0x0924, 0x0924, 0x0924, 0x0924, 0x0924, 0x0924, 0x0924, 0x0924, 0x0924, 0x0924, 
    0x0924, 0x0924, 0x0924, 0x0924, 0x10E3, 0xE000, 0xF000, 0xF800, 0xF800, 0xF000, 0xF800, 0x1104, 
    0x0924, 0x0924, 0x0924, 0x0904, 0xC020, 0xF000, 0xF800, 0xF800, 0xF800, 0xD020, 0x0924, 0x0924, 
    0x0924, 0x0924, 0xA841, 0xF800, 0xF800, 0xF000, 0xF800, 0x7861, 0x0924, 0x0924, 0x0924, 0x0924, 
    0x0924, 0x48A2, 0xF000, 0xF000, 0xF800, 0xF000, 0xE000, 0x10E3, 0x0924, 0x0924, 0x0924, 0x0924, 
    0x0924, 0x0924, 0x0924, 0x0924, 0x0924, 0x0924, 0x0924, 0x0924, 0x0924, 0x0924, 0x0924, 0x0924, 
    0x0924, 0x0924, 0x0924, 0x0924, 0x0924, 0x0924, 0x0924, 0x0924, 0x0924, 0x0924, 0x0924, 0x0924, 
    0x0924, 0x0924, 0x0924, 0x0924, 0x0924, 0x0924, 0x0924, 0x0924, 0x0924, 0x0924, 0x0924, 0x0924, 
    0x0924, 0x0924, 0x0924, 0x0924, 0x0924, 0x0924, 0x0924, 0x0924, 0x0924, 0x0924, 0x0924, 0x0924, 
    0x0924, 0x0924, 0x0924, 0x0924, 0x0924, 0x0924, 0x0924, 0x0924, 0x0924, 0x0924, 0x0924, 0x0924, 
    0x0924, 0x0924, 0x0924, 0x0924, 0x0924, 0x0924, 0x0924, 0x0924, 0x0924, 0x0924, 0x0924, 0x0924, 
    0x0924, 0x0924, 0x0924, 0x0924, 0x0924, 0xB820, 0xF800, 0xF800, 0xF800, 0xF800, 0xF800, 0x7061, 
    0x0924, 0x0924, 0x0924, 0x0924, 0x5882, 0xF800, 0xF000, 0xF800, 0xF800, 0xA841, 0x0924, 0x0924, 
    0x0924, 0x1104, 0xE000, 0xF000, 0xF800, 0xF800, 0xE800, 0x0904, 0x0924, 0x0924, 0x0924, 0x0924, 
    0x0904, 0xB820, 0xF000, 0xF800, 0xF800, 0xF800, 0xB041, 0x0924, 0x0924, 0x0924, 0x0924, 0x0924, 
    0x0924, 0x0924, 0x0924, 0x0924, 0x0924, 0x0924, 0x0924, 0x0924, 0x0924, 0x0924, 0x0924, 0x0924, 
    0x0924, 0x0924, 0x0924, 0x0924, 0x0924, 0x0924, 0x0924, 0x0924, 0x0924, 0x0924, 0x0924, 0x0924, 
    0x0924, 0x0924, 0x0924, 0x0924, 0x0924, 0x0924, 0x0924, 0x0924, 0x0924, 0x0924, 0x0924, 0x0924, 
    0x0924, 0x0924, 0x0924, 0x0924, 0x0924, 0x0924, 0x0924, 0x0924, 0x0924, 0x0924, 0x0924, 0x0924, 
    0x0924, 0x0924, 0x0924, 0x0924, 0x0924, 0x0924, 0x0924, 0x0924, 0x0924, 0x0924, 0x0924, 0x0924, 
    0x0924, 0x0924, 0x0924, 0x0924, 0x0924, 0x0924, 0x0924, 0x0924, 0x0924, 0x0924, 0x0924, 0x0924, 
    0x0924, 0x0924, 0x0924, 0x0924, 0x0924, 0x0904, 0xB820, 0xF000, 0xF800, 0xF800, 0xF800, 0xF800, 
    0x0904, 0x0924, 0x0924, 0x0924, 0x5882, 0xF800, 0xF000, 0xF800, 0xF800, 0xC020, 0x0924, 0x0924, 
    0x0924, 0x48A2, 0xF800, 0xF000, 0xF800, 0xF800, 0xE000, 0x0924, 0x0924, 0x0924, 0x0924, 0x0924, 
    0xE000, 0xF800, 0xF800, 0xF800, 0xF000, 0xF800, 0x0904, 0x0924, 0x0924, 0x0924, 0x0924, 0x0924, 
    0x0924, 0x0924, 0x0924, 0x0924, 0x0924, 0x0924, 0x0924, 0x0924, 0x0924, 0x0924, 0x0924, 0x0924, 
    0x0924, 0x0924, 0x0924, 0x0924, 0x0924, 0x0924, 0x0924, 0x0924, 0x0924, 0x0924, 0x0924, 0x0924, 
    0x0924, 0x0924, 0x0924, 0x0924, 0x0924, 0x0924, 0x0924, 0x0924, 0x0924, 0x0924, 0x0924, 0x0924, 
    0x0924, 0x0924, 0x0924, 0x0924, 0x0924, 0x0924, 0x0924, 0x0924, 0x0924, 0x0924, 0x0924, 0x0924, 
    0x0924, 0x0924, 0x0924, 0x0924, 0x0924, 0x0924, 0x0924, 0x0924, 0x0924, 0x0924, 0x0924, 0x0924, 
    0x0924, 0x0924, 0x0924, 0x0924, 0x0924, 0x0924, 0x0924, 0x0924, 0x0924, 0x0924, 0x0924, 0x0924, 
    0x0924, 0x0924, 0x0924, 0x0924, 0x0924, 0x0924, 0x20E3, 0xF800, 0xE800, 0xF800, 0xF800, 0xF000, 
    0x9041, 0x0924, 0x0924, 0x0924, 0x6882, 0xF800, 0xF000, 0xF800, 0xF000, 0xF800, 0x48A2, 0x0924, 
    0x0924, 0x38C3, 0xF800, 0xF000, 0xF800, 0xF800, 0xD820, 0x0924, 0x0924, 0x0924, 0x0924, 0x18E3, 
    0xF800, 0xF800, 0xF800, 0xF000, 0xF800, 0x7861, 0x0924, 0x0924, 0x0924, 0x0924, 0x0924, 0x0924, 
    0x0924, 0x0924, 0x0924, 0x0924, 0x0924, 0x0924, 0x0924, 0x0924, 0x0924, 0x0924, 0x0924, 0x0924, 
    0x0924, 0x0924, 0x0924, 0x0924, 0x0924, 0x0924, 0x0924, 0x0924, 0x0924, 0x0924, 0x0924, 0x0924, 
    0x0924, 0x0924, 0x0924, 0x0924, 0x0924, 0x0924, 0x0924, 0x0924, 0x0924, 0x0924, 0x0924, 0x0924, 
    0x0924, 0x0924, 0x0924, 0x0924, 0x0924, 0x0924, 0x0924, 0x0924, 0x0924, 0x0924, 0x0924, 0x0924, 
    0x0924, 0x0924, 0x0924, 0x0924, 0x0924, 0x0924, 0x0924, 0x0924, 0x0924, 0x0924, 0x0924, 0x0924, 
    0x0924, 0x0924, 0x0924, 0x0924, 0x0924, 0x0924, 0x0924, 0x0924, 0x0924, 0x0924, 0x0924, 0x0924, 
    0x0924, 0x0924, 0x0924, 0x0924, 0x0924, 0x0924, 0x0924, 0xB820, 0xF000, 0xF800, 0xF800, 0xF000, 
    0xD800, 0x18E3, 0x0924, 0x0924, 0x0924, 0xE800, 0xF800, 0xF800, 0xF000, 0xF800, 0x38C3, 0x0924, 
    0x0924, 0x30C3, 0xF800, 0xF000, 0xF800, 0xF800, 0xF800, 0x0924, 0x0924, 0x0924, 0x0924, 0xB041, 
    0xF800, 0xF800, 0xF800, 0xF800, 0xB820, 0x0924, 0x0924, 0x0924, 0x0924, 0x0924, 0x0924, 0x0924, 
    0x0924, 0x0924, 0x0924, 0x0924, 0x0924, 0x0924, 0x0924, 0x0924, 0x0924, 0x0924, 0x0924, 0x0924, 
    0x0924, 0x0924, 0x0924, 0x0924, 0x0924, 0x0924, 0x0924, 0x0924, 0x0924, 0x0924, 0x0924, 0x0924, 
    0x0924, 0x0924, 0x0924, 0x0924, 0x0924, 0x0924, 0x0924, 0x0924, 0x0924, 0x0924, 0x0924, 0x0924, 
    0x0924, 0x0924, 0x0924, 0x0924, 0x0924, 0x0924, 0x0924, 0x0924, 0x0924, 0x0924, 0x0924, 0x0924, 
    0x0924, 0x0924, 0x0924, 0x0924, 0x0924, 0x0924, 0x0924, 0x0924, 0x0924, 0x0924, 0x0924, 0x0924, 
    0x0924, 0x0924, 0x0924, 0x0924, 0x0924, 0x0924, 0x0924, 0x0924, 0x0924, 0x0924, 0x0924, 0x0924, 
    0x0924, 0x0924, 0x0924, 0x0924, 0x0924, 0x0924, 0x0924, 0x28C3, 0xF800, 0xF800, 0xF800, 0xF800, 
    0xF800, 0xF800, 0x0924, 0x0924, 0x0924, 0xD820, 0xF800, 0xF800, 0xF000, 0xF800, 0x38A2, 0x0924, 
    0x0924, 0x7082, 0xF800, 0xF000, 0xF800, 0xF800, 0x5882, 0x0924, 0x0924, 0x0924, 0x20E3, 0xF000, 
    0xE800, 0xF800, 0xF800, 0xF800, 0x28C3, 0x0924, 0x0924, 0x0924, 0x0924, 0x0924, 0x0924, 0x0924, 
    0x0924, 0x0924, 0x0924, 0x0924, 0x0924, 0x0924, 0x0924, 0x0924, 0x0924, 0x0924, 0x0924, 0x0924, 
    0x0924, 0x0924, 0x0924, 0x0924, 0x0924, 0x0924, 0x0924, 0x0924, 0x0924, 0x0924, 0x0924, 0x0924, 
    0x0924, 0x0924, 0x0924, 0x0924, 0x0924, 0x0924, 0x0924, 0x0924, 0x0924, 0x0924, 0x0924, 0x0924, 
    0x0924, 0x0924, 0x0924, 0x0924, 0x0924, 0x0924, 0x0924, 0x0924, 0x0924, 0x0924, 0x0924, 0x0924, 
    0x0924, 0x0924, 0x0924, 0x0924, 0x0924, 0x0924, 0x0924, 0x0924, 0x0924, 0x0924, 0x0924, 0x0924, 
    0x0924, 0x0924, 0x0924, 0x0924, 0x0924, 0x0924, 0x0924, 0x0924, 0x0924, 0x0924, 0x0924, 0x0924, 
    0x0924, 0x0924, 0x0924, 0x0924, 0x0924, 0x0924, 0x0924, 0x0924, 0x38C3, 0xF800, 0xF000, 0xF800, 
    0xF800, 0xF800, 0x50A2, 0x0924, 0x0924, 0xF800, 0xF800, 0xF800, 0xF000, 0xF800, 0x40A2, 0x0924, 
    0x1104, 0xF800, 0xF000, 0xF800, 0xF000, 0xF800, 0x0904, 0x0924, 0x0924, 0x0924, 0xA041, 0xF800, 
    0xF800, 0xF800, 0xF800, 0xE800, 0x0924, 0x0924, 0x0924, 0x0924, 0x0924, 0x0924, 0x0924, 0x0924, 
    0x0924, 0x0924, 0x0924, 0x0924, 0x0924, 0x0924, 0x0924, 0x0924, 0x0924, 0x0924, 0x0924, 0x0924, 
    0x0924, 0x0924, 0x0924, 0x0924, 0x0924, 0x0924, 0x0924, 0x0924, 0x0924, 0x0924, 0x0924, 0x0924, 
    0x0924, 0x0924, 0x0924, 0x0924, 0x0924, 0x0924, 0x0924, 0x0924, 0x0924, 0x0924, 0x0924, 0x0924, 
    0x0924, 0x0924, 0x0924, 0x0924, 0x0924, 0x0924, 0x0924, 0x0924, 0x0924, 0x0924, 0x0924, 0x0924, 
    0x0924, 0x0924, 0x0924, 0x0924, 0x0924, 0x0924, 0x0924, 0x0924, 0x0924, 0x0924, 0x0924, 0x0924, 
    0x0924, 0x0924, 0x0924, 0x0924, 0x0924, 0x0924, 0x0924, 0x0924, 0x0924, 0x0924, 0x0924, 0x0924, 
    0x0924, 0x0924, 0x0924, 0x0924, 0x0924, 0x0924, 0x0924, 0x0924, 0x0904, 0xC020, 0xF000, 0xF800, 
    0xF800, 0xF800, 0xE800, 0x0924, 0x0924, 0x7861, 0xF800, 0xF800, 0xF800, 0xF000, 0xF000, 0x0904, 
    0x0904, 0xF800, 0xF000, 0xF800, 0xF000, 0xF800, 0x0904, 0x0924, 0x0924, 0xA841, 0xF800, 0xF800, 
    0xF800, 0xF000, 0xF800, 0x18E3, 0x0924, 0x0924, 0x0924, 0x0924, 0x0924, 0x0924, 0x0924, 0x0924, 
    0x0924, 0x0924, 0x0924, 0x0924, 0x0924, 0x0924, 0x0924, 0x0924, 0x0924, 0x0924, 0x0924, 0x0924, 
    0x0924, 0x0924, 0x0924, 0x0924, 0x0924, 0x0924, 0x0924, 0x0924, 0x0924, 0x0924, 0x0924, 0x0924, 
    0x0924, 0x0924, 0x0924, 0x0924, 0x0924, 0x0924, 0x0924, 0x0924, 0x0924, 0x0924, 0x0924, 0x0924, 
    0x0924, 0x0924, 0x0924, 0x0924, 0x0924, 0x0924, 0x0924, 0x0924, 0x0924, 0x0924, 0x0924, 0x0924, 
    0x0924, 0x0924, 0x0924, 0x0924, 0x0924, 0x0924, 0x0924, 0x0924, 0x0924, 0x0924, 0x0924, 0x0924, 
    0x0924, 0x0924, 0x0924, 0x0924, 0x0924, 0x0924, 0x0924, 0x0924, 0x0924, 0x0924, 0x0924, 0x0924, 
    0x0924, 0x0924, 0x0924, 0x7061, 0x9041, 0x0924, 0x0924, 0x0924, 0x0924, 0x5882, 0xF000, 0xF000, 
    0xF800, 0xF800, 0xF000, 0xB820, 0x0924, 0x0924, 0xF800, 0xF000, 0xF800, 0xF000, 0xF800, 0x0904, 
    0x0924, 0xF800, 0xF000, 0xF800, 0xF000, 0xF800, 0x0904, 0x0924, 0x1104, 0xE000, 0xF000, 0xF800, 
    0xF000, 0xE800, 0x9041, 0x0924, 0x0924, 0x0924, 0x0924, 0x1104, 0x0924, 0x0924, 0x0924, 0x0924, 
    0x0924, 0x0924, 0x0924, 0x0924, 0x0924, 0x0924, 0x0924, 0x0924, 0x0924, 0x0924, 0x0924, 0x0924, 
    0x0924, 0x0924, 0x0924, 0x0924, 0x0924, 0x0924, 0x0924, 0x0924, 0x0924, 0x0924, 0x0924, 0x0924, 
    0x0924, 0x0924, 0x0924, 0x0924, 0x0924, 0x0924, 0x0924, 0x0924, 0x0924, 0x0924, 0x0924, 0x0924, 
    0x0924, 0x0924, 0x0924, 0x0924, 0x0924, 0x0924, 0x0924, 0x0924, 0x0924, 0x0924, 0x0924, 0x0924, 
    0x0924, 0x0924, 0x0924, 0x0924, 0x0924, 0x0924, 0x0924, 0x0924, 0x0924, 0x0924, 0x0924, 0x0924, 
    0x0924, 0x0924, 0x0924, 0x0924, 0x0924, 0x0924, 0x0924, 0x0924, 0x0924, 0x0924, 0x0924, 0x0924, 
    0x0924, 0x0924, 0x5882, 0xF800, 0xF800, 0x7861, 0x0924, 0x0924, 0x0924, 0x0924, 0xF800, 0xF800, 
    0xF800, 0xF800, 0xF000, 0xF800, 0x1104, 0x0904, 0xF800, 0xF000, 0xF800, 0xF000, 0xF800, 0x0924, 
    0x1104, 0xF800, 0xF000, 0xF800, 0xF000, 0xC820, 0x0904, 0x0924, 0x6882, 0xF800, 0xF000, 0xF800, 
    0xF800, 0xF800, 0x0924, 0x0924, 0x0924, 0x0924, 0x7861, 0xF800, 0x1104, 0x0924, 0x0924, 0x0924, 
    0x0924, 0x0924, 0x0924, 0x0924, 0x0924, 0x0924, 0x0924, 0x0924, 0x0924, 0x0924, 0x0924, 0x0924, 
    0x0924, 0x0924, 0x0924, 0x0924, 0x0924, 0x0924, 0x0924, 0x0924, 0x0924, 0x0924, 0x0924, 0x0924, 
    0x0924, 0x0924, 0x0924, 0x0924, 0x0924, 0x0924, 0x0924, 0x0924, 0x0924, 0x0924, 0x0924, 0x0924, 
    0x0924, 0x0924, 0x0924, 0x0924, 0x0924, 0x0924, 0x0924, 0x0924, 0x0924, 0x0924, 0x0924, 0x0924, 
    0x0924, 0x0924, 0x0924, 0x0924, 0x0924, 0x0924, 0x0924, 0x0924, 0x0924, 0x0924, 0x0924, 0x0924, 
    0x0924, 0x0924, 0x0924, 0x0924, 0x0924, 0x0924, 0x0924, 0x0924, 0x0924, 0x0924, 0x0924, 0x0924, 
    0x0924, 0x5882, 0xF800, 0xF000, 0xF000, 0xF800, 0xF800, 0x30C3, 0x0924, 0x0924, 0x48A2, 0xF800, 
    0xF000, 0xF800, 0xF800, 0xF800, 0xC820, 0x0904, 0xF800, 0xF000, 0xF800, 0xF800, 0xF800, 0x50A2, 
    0xF000, 0xF800, 0xF800, 0xF000, 0xF800, 0x38C3, 0x0924, 0x0904, 0xF800, 0xE800, 0xF800, 0xF000, 
    0xF800, 0x40A2, 0x0924, 0x0924, 0x0924, 0x7861, 0xF800, 0xF000, 0xF800, 0x1104, 0x0924, 0x0924, 
    0x0924, 0x0924, 0x0924, 0x0924, 0x0924, 0x0924, 0x0924, 0x0924, 0x0924, 0x0924, 0x0924, 0x0924, 
    0x0924, 0x0924, 0x0924, 0x0924, 0x0924, 0x0924, 0x0924, 0x0924, 0x0924, 0x0924, 0x0924, 0x0924, 
    0x0924, 0x0924, 0x0924, 0x0924, 0x0924, 0x0924, 0x0924, 0x0924, 0x0924, 0x0924, 0x0924, 0x0924, 
    0x0924, 0x0924, 0x0924, 0x0924, 0x0924, 0x0924, 0x0924, 0x0924, 0x0924, 0x0924, 0x0924, 0x0924, 
    0x0924, 0x0924, 0x0924, 0x0924, 0x0924, 0x0924, 0x0924, 0x0924, 0x0924, 0x0924, 0x0924, 0x0924, 
    0x0924, 0x0924, 0x0924, 0x0924, 0x0924, 0x0924, 0x0924, 0x0924, 0x0924, 0x0924, 0x0924, 0x0924, 
    0x40A2, 0xF800, 0xE800, 0xF800, 0xF800, 0xF800, 0xE800, 0xF800, 0x28C3, 0x0924, 0x0924, 0x6882, 
    0xF800, 0xF000, 0xF800, 0xF800, 0xE800, 0xA841, 0xF800, 0xF800, 0xF800, 0xF800, 0xF800, 0xF800, 
    0xF800, 0xF800, 0xF800, 0xF000, 0xF800, 0x40A2, 0x0924, 0xA041, 0xF800, 0xF800, 0xF800, 0xE800, 
    0xD800, 0x0904, 0x0924, 0x28C3, 0xA041, 0xF800, 0xF800, 0xF800, 0xF000, 0xF800, 0x18E3, 0x0924, 
    0x0924, 0x0924, 0x0924, 0x0924, 0x0924, 0x0924, 0x0924, 0x0924, 0x0924, 0x0924, 0x0924, 0x0924, 
    0x0924, 0x0924, 0x0924, 0x0924, 0x0924, 0x0924, 0x0924, 0x0924, 0x0924, 0x0924, 0x0924, 0x0924, 
    0x0924, 0x0924, 0x0924, 0x0924, 0x0924, 0x0924, 0x0924, 0x0924, 0x0924, 0x0924, 0x0924, 0x0924, 
    0x0924, 0x0924, 0x0924, 0x0924, 0x0924, 0x0924, 0x0924, 0x0924, 0x0924, 0x0924, 0x0924, 0x0924, 
    0x0924, 0x0924, 0x0924, 0x0924, 0x0924, 0x0924, 0x0924, 0x0924, 0x0924, 0x0924, 0x0924, 0x0924, 
    0x0924, 0x0924, 0x0924, 0x0924, 0x0924, 0x0924, 0x0924, 0x0924, 0x0924, 0x0924, 0x0924, 0x0924, 
    0x0924, 0x7861, 0xF800, 0xF800, 0xF800, 0xF800, 0xF800, 0xE800, 0xF800, 0x30C3, 0x0924, 0x1104, 
    0xF000, 0xF000, 0xF800, 0xF800, 0xF800, 0xF800, 0xF800, 0xF800, 0xF800, 0xF800, 0xF800, 0xF000, 
    0xF800, 0xF800, 0xF800, 0xF000, 0xF800, 0x30C3, 0x0904, 0xF800, 0xF800, 0xF800, 0xF000, 0xF800, 
    0x48A2, 0x0924, 0x30C3, 0xF800, 0xF800, 0xF000, 0xF800, 0xF800, 0xE800, 0xF800, 0x8861, 0x0924, 
    0x0924, 0x0924, 0x0924, 0x0924, 0x0924, 0x0924, 0x0924, 0x0924, 0x0924, 0x0924, 0x0924, 0x0924, 
    0x0924, 0x0924, 0x0924, 0x0924, 0x0924, 0x0924, 0x0924, 0x0924, 0x0924, 0x0924, 0x0924, 0x0924, 
    0x0924, 0x0924, 0x0924, 0x0924, 0x0924, 0x0924, 0x0924, 0x0924, 0x0924, 0x0924, 0x0924, 0x0924, 
    0x0924, 0x0924, 0x0924, 0x0924, 0x0924, 0x0924, 0x0924, 0x0924, 0x0924, 0x0924, 0x0924, 0x0924, 
    0x0924, 0x0924, 0x0924, 0x0924, 0x0924, 0x0924, 0x0924, 0x0924, 0x0924, 0x0924, 0x0924, 0x0924, 
    0x0924, 0x0924, 0x0924, 0x0924, 0x0924, 0x0924, 0x0924, 0x0924, 0x0924, 0x0924, 0x0924, 0x0924, 
    0x0924, 0x0924, 0x0904, 0xE000, 0xF800, 0xF800, 0xF800, 0xF800, 0xF800, 0xF800, 0x6082, 0x0904, 
    0x7861, 0xF800, 0xF800, 0xF800, 0xF800, 0xF800, 0xF800, 0xF800, 0xF800, 0xF800, 0xF800, 0xF800, 
    0xF800, 0xF800, 0xF800, 0xF800, 0xF000, 0x8061, 0xD820, 0xF800, 0xF800, 0xF800, 0xF800, 0xB820, 
    0x0924, 0x28C3, 0xF800, 0xF000, 0xF800, 0xF800, 0xF800, 0xF800, 0xF800, 0x7061, 0x0924, 0x0924, 
    0x0924, 0x0924, 0x0924, 0x0924, 0x0924, 0x0924, 0x0924, 0x0924, 0x0924, 0x0924, 0x0924, 0x0924, 
    0x0924, 0x0924, 0x0924, 0x0924, 0x0924, 0x0924, 0x0924, 0x0924, 0x0924, 0x0924, 0x0924, 0x0924, 
    0x0924, 0x0924, 0x0924, 0x0924, 0x0924, 0x0924, 0x0924, 0x0924, 0x0924, 0x0924, 0x0924, 0x0924, 
    0x0924, 0x0924, 0x0924, 0x0924, 0x0924, 0x0924, 0x0924, 0x0924, 0x0924, 0x0924, 0x0924, 0x0924, 
    0x0924, 0x0924, 0x0924, 0x0924, 0x0924, 0x0924, 0x0924, 0x0924, 0x0924, 0x0924, 0x0924, 0x0924, 
    0x0924, 0x0924, 0x0924, 0x0924, 0x0924, 0x0924, 0x0924, 0x0924, 0x0924, 0x0924, 0x0924, 0x0924, 
    0x0924, 0x0924, 0x0924, 0x0904, 0xD020, 0xF800, 0xF000, 0xF800, 0xF800, 0xF000, 0xF800, 0xF800, 
    0x18E3, 0x8061, 0xF800, 0xF800, 0xF800, 0xF800, 0xF800, 0xF800, 0xF800, 0xF800, 0xF800, 0xF800, 
    0xF800, 0xF800, 0xF800, 0xF800, 0xA841, 0x38A2, 0xF800, 0xF000, 0xF800, 0xF000, 0xF800, 0x0924, 
    0x20E3, 0xF800, 0xE800, 0xF800, 0xF800, 0xF000, 0xF800, 0xD020, 0x50A2, 0x0924, 0x0924, 0x0924, 
    0x0924, 0x0924, 0x0924, 0x0924, 0x0924, 0x0924, 0x0924, 0x0924, 0x0924, 0x0924, 0x0924, 0x0924, 
    0x0924, 0x0924, 0x0924, 0x0924, 0x0924, 0x0924, 0x0924, 0x0924, 0x0924, 0x0924, 0x0924, 0x0924, 
    0x0924, 0x0924, 0x0924, 0x0924, 0x0924, 0x0924, 0x0924, 0x0924, 0x0924, 0x0924, 0x0924, 0x0924, 
    0x0924, 0x0924, 0x0924, 0x0924, 0x0924, 0x0924, 0x0924, 0x0924, 0x0924, 0x0924, 0x0924, 0x0924, 
    0x0924, 0x0924, 0x0924, 0x0924, 0x0924, 0x0924, 0x0924, 0x0924, 0x0924, 0x0924, 0x0924, 0x0924, 
    0x0924, 0x0924, 0x0924, 0x0924, 0x0924, 0x0924, 0x0924, 0x0924, 0x0924, 0x0924, 0x18E3, 0x0924, 
    0x0924, 0x0924, 0x0924, 0x0924, 0x0904, 0xD800, 0xF800, 0xF800, 0xF800, 0xF800, 0xF000, 0xF800, 
    0xC020, 0x6882, 0xF800, 0xF000, 0xF800, 0xF800, 0xF800, 0xF800, 0xF800, 0xF800, 0xF800, 0xF800, 
    0xF800, 0xF800, 0xF800, 0xF800, 0xF800, 0xF800, 0xF800, 0xF800, 0xF800, 0xF800, 0xF800, 0x6882, 
    0xF800, 0xF800, 0xF800, 0xF800, 0xF800, 0xF800, 0xD800, 0x0904, 0x0924, 0x0924, 0x0924, 0x0924, 
    0x0924, 0x0924, 0x0924, 0x0924, 0x0924, 0x0924, 0x0924, 0x0924, 0x0924, 0x0924, 0x0924, 0x0924, 
    0x0924, 0x0924, 0x0924, 0x0924, 0x0924, 0x0924, 0x0924, 0x0924, 0x0924, 0x0924, 0x0924, 0x0924, 
    0x0924, 0x0924, 0x0924, 0x0924, 0x0924, 0x0924, 0x0924, 0x0924, 0x0924, 0x0924, 0x0924, 0x0924, 
    0x0924, 0x0924, 0x0924, 0x0924, 0x0924, 0x0924, 0x0924, 0x0924, 0x0924, 0x0924, 0x0924, 0x0924, 
    0x0924, 0x0924, 0x0924, 0x0924, 0x0924, 0x0924, 0x0924, 0x0924, 0x0924, 0x0924, 0x0924, 0x0924, 
    0x0924, 0x0924, 0x0924, 0x0924, 0x0924, 0x0924, 0x0924, 0x0924, 0x0924, 0x0924, 0xD820, 0xB041, 
    0x8861, 0x0924, 0x0924, 0x0924, 0x0924, 0x0904, 0x8861, 0xF800, 0xF800, 0xF800, 0xF800, 0xF800, 
    0xF800, 0xF800, 0xF800, 0xF800, 0xF800, 0xF800, 0xF800, 0xF800, 0xF800, 0xF800, 0xF800, 0xF800, 
    0xF800, 0xF800, 0xF800, 0xF800, 0xF800, 0xF000, 0xF800, 0xF800, 0xF800, 0xF800, 0xF800, 0xF800, 
    0xF800, 0xF800, 0xF800, 0xF000, 0xF800, 0xD800, 0x0904, 0x0924, 0x0924, 0x0924, 0x0924, 0x0924, 
    0x0924, 0x48A2, 0x0924, 0x0924, 0x0924, 0x0924, 0x0924, 0x0924, 0x0924, 0x0924, 0x0924, 0x0924, 
    0x0924, 0x0924, 0x0924, 0x0924, 0x0924, 0x0924, 0x0924, 0x0924, 0x0924, 0x0924, 0x0924, 0x0924, 
    0x0924, 0x0924, 0x0924, 0x0924, 0x0924, 0x0924, 0x0924, 0x0924, 0x0924, 0x0924, 0x0924, 0x0924, 
    0x0924, 0x0924, 0x0924, 0x0924, 0x0924, 0x0924, 0x0924, 0x0924, 0x0924, 0x0924, 0x0924, 0x0924, 
    0x0924, 0x0924, 0x0924, 0x0924, 0x0924, 0x0924, 0x0924, 0x0924, 0x0924, 0x0924, 0x0924, 0x0924, 
    0x0924, 0x0924, 0x0924, 0x0924, 0x0924, 0x0924, 0x0924, 0x0924, 0x0924, 0x48A2, 0xF800, 0xF800, 
    0xF800, 0xF800, 0x48A2, 0x20E3, 0x0924, 0x0924, 0x0924, 0x18E3, 0xF800, 0xF800, 0xF800, 0xF800, 
    0xF800, 0xF000, 0xF800, 0xF800, 0xF800, 0xF800, 0xF800, 0xF800, 0xF800, 0xF800, 0xF800, 0xF800, 
    0xF800, 0xF800, 0xF800, 0xF800, 0xF800, 0xF800, 0xF800, 0xF800, 0xF800, 0xF800, 0xF800, 0xF000, 
    0xF800, 0xF800, 0xF800, 0xF800, 0xE000, 0x0904, 0x0924, 0x0924, 0x0924, 0x0924, 0x20E3, 0xF000, 
    0xF800, 0xE800, 0x0904, 0x0924, 0x0924, 0x0924, 0x0924, 0x0924, 0x0924, 0x0924, 0x0924, 0x0924, 
    0x0924, 0x0924, 0x0924, 0x0924, 0x0924, 0x0924, 0x0924, 0x0924, 0x0924, 0x0924, 0x0924, 0x0924, 
    0x0924, 0x0924, 0x0924, 0x0924, 0x0924, 0x0924, 0x0924, 0x0924, 0x0924, 0x0924, 0x0924, 0x0924, 
    0x0924, 0x0924, 0x0924, 0x0924, 0x0924, 0x0924, 0x0924, 0x0924, 0x0924, 0x0924, 0x0924, 0x0924, 
    0x0924, 0x0924, 0x0924, 0x0924, 0x0924, 0x0924, 0x0924, 0x0924, 0x0924, 0x0924, 0x0924, 0x0924, 
    0x0924, 0x0924, 0x0924, 0x0924, 0x0924, 0x0924, 0x0924, 0x0924, 0x0924, 0x30C3, 0xF800, 0xE800, 
    0xF800, 0xF000, 0xF800, 0xF800, 0xB820, 0x8861, 0x20E3, 0x0924, 0x20E3, 0xC820, 0xF000, 0xF800, 
    0xF800, 0xF800, 0xF800, 0xF800, 0xF800, 0xF800, 0xF800, 0xF800, 0xF800, 0xF800, 0xF800, 0xF800, 
    0xF800, 0xF800, 0xF800, 0xF800, 0xF800, 0xF800, 0xF800, 0xF800, 0xF800, 0xF800, 0xF800, 0xF800, 
    0xF800, 0xF800, 0xF800, 0xC020, 0x0924, 0x0924, 0x0924, 0x1104, 0x8861, 0xA841, 0xF800, 0xF800, 
    0xE800, 0xF800, 0x50A2, 0x0924, 0x0924, 0x0924, 0x0924, 0x0924, 0x0924, 0x0924, 0x0924, 0x0924, 
    0x0924, 0x0924, 0x0924, 0x0924, 0x0924, 0x0924, 0x0924, 0x0924, 0x0924, 0x0924, 0x0924, 0x0924, 
    0x0924, 0x0924, 0x0924, 0x0924, 0x0924, 0x0924, 0x0924, 0x0924, 0x0924, 0x0924, 0x0924, 0x0924, 
    0x0924, 0x0924, 0x0924, 0x0924, 0x0924, 0x0924, 0x0924, 0x0924, 0x0924, 0x0924, 0x0924, 0x0924, 
    0x0924, 0x0924, 0x0924, 0x0924, 0x0924, 0x0924, 0x0924, 0x0924, 0x0924, 0x0924, 0x0924, 0x0924, 
    0x0924, 0x0924, 0x0924, 0x0924, 0x0924, 0x0924, 0x0924, 0x0924, 0x0924, 0x7861, 0xF800, 0xE800, 
    0xF800, 0xF800, 0xF000, 0xE800, 0xF800, 0xF800, 0xF800, 0xF800, 0x50A2, 0x7082, 0xF800, 0xF800, 
    0xF800, 0xF800, 0xF800, 0xF800, 0xF800, 0xF800, 0xF800, 0xF800, 0xF800, 0xF800, 0xF800, 0xF800, 
    0xF800, 0xF800, 0xF800, 0xF800, 0xF800, 0xF800, 0xF800, 0xF800, 0xF800, 0xF800, 0xF800, 0xF800, 
    0xF800, 0xF800, 0x1104, 0x0924, 0x0904, 0x6082, 0xF800, 0xF800, 0xF800, 0xF800, 0xE800, 0xF800, 
    0xF000, 0xF000, 0x30C3, 0x0924, 0x0924, 0x0924, 0x0924, 0x0924, 0x0924, 0x0924, 0x0924, 0x0924, 
    0x0924, 0x0924, 0x0924, 0x0924, 0x0924, 0x0924, 0x0924, 0x0924, 0x0924, 0x0924, 0x0924, 0x0924, 
    0x0924, 0x0924, 0x0924, 0x0924, 0x0924, 0x0924, 0x0924, 0x0924, 0x0924, 0x0924, 0x0924, 0x0924, 
    0x0924, 0x0924, 0x0924, 0x0924, 0x0924, 0x0924, 0x0924, 0x0924, 0x0924, 0x0924, 0x0924, 0x0924, 
    0x0924, 0x0924, 0x0924, 0x0924, 0x0924, 0x0924, 0x0924, 0x0924, 0x0924, 0x0924, 0x0924, 0x0924, 
    0x0924, 0x0924, 0x0924, 0x0924, 0x0924, 0x0924, 0x0924, 0x0924, 0x0904, 0xF800, 0xE000, 0xF800, 
    0xF800, 0xF000, 0xF800, 0xF800, 0xF800, 0xF800, 0xF800, 0xF800, 0xF800, 0xF800, 0xF800, 0xF800, 
    0xF800, 0xF800, 0xF800, 0xF800, 0xF800, 0xF800, 0xF800, 0xF800, 0xF800, 0xF800, 0xF800, 0xF800, 
    0xF800, 0xF800, 0xF800, 0xF800, 0xF800, 0xF800, 0xF800, 0xF800, 0xF800, 0xF800, 0xF800, 0xF000, 
    0xF800, 0x28C3, 0x38C3, 0x6082, 0xF800, 0xF800, 0xF800, 0xF800, 0xF800, 0xF800, 0xF800, 0xF800, 
    0xE800, 0xF800, 0xD800, 0x0904, 0x0924, 0x0924, 0x0924, 0x0924, 0x0924, 0x0924, 0x0924, 0x0924, 
    0x0924, 0x0924, 0x0924, 0x0924, 0x0924, 0x0924, 0x0924, 0x0924, 0x0924, 0x0924, 0x0924, 0x0924, 
    0x0924, 0x0924, 0x0924, 0x0924, 0x0924, 0x0924, 0x0924, 0x0924, 0x0924, 0x0924, 0x0924, 0x0924, 
    0x0924, 0x0924, 0x0924, 0x0924, 0x0924, 0x0924, 0x0924, 0x0924, 0x0924, 0x0924, 0x0924, 0x0924, 
    0x0924, 0x0924, 0x0924, 0x0924, 0x0924, 0x0924, 0x0924, 0x0924, 0x0924, 0x0924, 0x0924, 0x0924, 
    0x0924, 0x0924, 0x0924, 0x0924, 0x0924, 0x0924, 0x0924, 0x0924, 0x0924, 0x0924, 0x0924, 0x5882, 
    0xF800, 0xF800, 0xF800, 0xF800, 0xF800, 0xF800, 0xF800, 0xF800, 0xF000, 0xF800, 0xF800, 0xF800, 
    0xF800, 0xF800, 0xF800, 0xF800, 0xF800, 0xF800, 0xF800, 0xF800, 0xF800, 0xF800, 0xF800, 0xF800, 
    0xF800, 0xF800, 0xF800, 0xF800, 0xF800, 0xF800, 0xF800, 0xF800, 0xF800, 0xF800, 0xF800, 0xF800, 
    0xF800, 0xD020, 0xF800, 0xF800, 0xF000, 0xF000, 0xF800, 0xF800, 0xF800, 0xF800, 0xF800, 0xF800, 
    0xF800, 0x7061, 0x6882, 0x0904, 0x0924, 0x0924, 0x0924, 0x0924, 0x0924, 0x0924, 0x0924, 0x0924, 
    0x0924, 0x0924, 0x0924, 0x0924, 0x0924, 0x0924, 0x0924, 0x0924, 0x0924, 0x0924, 0x0924, 0x0924, 
    0x0924, 0x0924, 0x0924, 0x0924, 0x0924, 0x0924, 0x0924, 0x0924, 0x0924, 0x0924, 0x0924, 0x0924, 
    0x0924, 0x0924, 0x0924, 0x0924, 0x0924, 0x0924, 0x0924, 0x0924, 0x0924, 0x0924, 0x0924, 0x0924, 
    0x0924, 0x0924, 0x0924, 0x0924, 0x0924, 0x0924, 0x0924, 0x0924, 0x0924, 0x0924, 0x0924, 0x0924, 
    0x0924, 0x0924, 0x0924, 0x0924, 0x0924, 0x0924, 0x0924, 0x0924, 0x0924, 0x0924, 0x0924, 0x0924, 
    0x0904, 0x10E3, 0x9041, 0xF800, 0xF800, 0xF800, 0xF800, 0xF000, 0xF800, 0xF800, 0xF800, 0xF800, 
    0xF800, 0xF800, 0xF800, 0xF800, 0xF800, 0xF800, 0xF800, 0xF800, 0xF800, 0xF800, 0xF800, 0xF800, 
    0xF800, 0xF800, 0xF800, 0xF800, 0xF800, 0xF800, 0xF800, 0xF800, 0xF800, 0xF800, 0xF800, 0xF800, 
    0xF800, 0xF800, 0xF000, 0xF000, 0xF800, 0xF800, 0xF000, 0xF800, 0xF800, 0xF800, 0xF800, 0xB041, 
    0x10E3, 0x0924, 0x0924, 0x0924, 0x0924, 0x0924, 0x0924, 0x0924, 0x0924, 0x0924, 0x0924, 0x0924, 
    0x0924, 0x0924, 0x0924, 0x0924, 0x0924, 0x0924, 0x0924, 0x0924, 0x0924, 0x0924, 0x0924, 0x0924, 
    0x0924, 0x0924, 0x0924, 0x0924, 0x0924, 0x0924, 0x0924, 0x0924, 0x0924, 0x0924, 0x0924, 0x0924, 
    0x0924, 0x0924, 0x0924, 0x0924, 0x0924, 0x0924, 0x0924, 0x0924, 0x0924, 0x0924, 0x0924, 0x0924, 
    0x0924, 0x0924, 0x0924, 0x0924, 0x0924, 0x0924, 0x0924, 0x0924, 0x0924, 0x0924, 0x0924, 0x0924, 
    0x0924, 0x0924, 0x0924, 0x0924, 0x0924, 0x0924, 0x0924, 0x0924, 0x0924, 0x0924, 0x0924, 0x0924, 
    0x0924, 0x0924, 0x0924, 0x0924, 0x28C3, 0x8861, 0xD020, 0xF800, 0xF000, 0xF000, 0xF800, 0xF800, 
    0xF800, 0xF800, 0xF800, 0xF800, 0xF800, 0xF800, 0xF800, 0xF800, 0xF800, 0xF800, 0xF800, 0xF800, 
    0xF800, 0xF800, 0xF800, 0xF800, 0xF800, 0xF800, 0xF800, 0xF800, 0xF800, 0xF800, 0xF800, 0xF800, 
    0xF800, 0xF800, 0xF800, 0xF800, 0xF000, 0xF000, 0xF800, 0xE800, 0x8861, 0x38A2, 0x0924, 0x0924, 
    0x0924, 0x0924, 0x0924, 0x0924, 0x0924, 0x0924, 0x0924, 0x0924, 0x0924, 0x0924, 0x0924, 0x0924, 
    0x0924, 0x0924, 0x0924, 0x0924, 0x0924, 0x0924, 0x0924, 0x0924, 0x0924, 0x0924, 0x0924, 0x0924, 
    0x0924, 0x0924, 0x0924, 0x0924, 0x0924, 0x0924, 0x0924, 0x0924, 0x0924, 0x0924, 0x0924, 0x0924, 
    0x0924, 0x0924, 0x0924, 0x0924, 0x0924, 0x0924, 0x0924, 0x0924, 0x0924, 0x0924, 0x0924, 0x0924, 
    0x0924, 0x0924, 0x0924, 0x0924, 0x0924, 0x0924, 0x0924, 0x0924, 0x0924, 0x0924, 0x0924, 0x0924, 
    0x0924, 0x0924, 0x0924, 0x0924, 0x0924, 0x0924, 0x0924, 0x0924, 0x0924, 0x0924, 0x0924, 0x0924, 
    0x0924, 0x0924, 0x0924, 0x0924, 0x0924, 0x0924, 0x0904, 0x30C3, 0xF800, 0xF800, 0xF800, 0xF800, 
    0xF000, 0xF800, 0xF800, 0xF800, 0xF800, 0xF800, 0xF800, 0xF800, 0xF800, 0xF800, 0xF800, 0xF800, 
    0xF800, 0xF800, 0xF800, 0xF800, 0xF800, 0xF800, 0xF800, 0xF800, 0xF800, 0xF800, 0xF800, 0xF800, 
    0xF800, 0xF000, 0xF800, 0xF800, 0xF800, 0xF800, 0x38A2, 0x0904, 0x0924, 0x0924, 0x0924, 0x0924, 
    0x0924, 0x0924, 0x0924, 0x0924, 0x0924, 0x0924, 0x0924, 0x0924, 0x0924, 0x0924, 0x0924, 0x0924, 
    0x0924, 0x0924, 0x0924, 0x0924, 0x0924, 0x0924, 0x0924, 0x0924, 0x0924, 0x0924, 0x0924, 0x0924, 
    0x0924, 0x0924, 0x0924, 0x0924, 0x0924, 0x0924, 0x0924, 0x0924, 0x0924, 0x0924, 0x0924, 0x0924, 
    0x0924, 0x0924, 0x0924, 0x0924, 0x0924, 0x0924, 0x0924, 0x0924, 0x0924, 0x0924, 0x0924, 0x0924, 
    0x0924, 0x0924, 0x0924, 0x0924, 0x0924, 0x0924, 0x0924, 0x0924, 0x0924, 0x0924, 0x0924, 0x0924, 
    0x0924, 0x0924, 0x0924, 0x0924, 0x0924, 0x0924, 0x0924, 0x0924, 0x0924, 0x0924, 0x0924, 0x0924, 
    0x0924, 0x0924, 0x0924, 0x0924, 0x0924, 0x0924, 0x0924, 0x0924, 0x0924, 0x0904, 0xA041, 0xB041, 
    0xF800, 0xF800, 0xF000, 0xF800, 0xF800, 0xF800, 0xF800, 0xF800, 0xF800, 0xF800, 0xF800, 0xF800, 
    0xF800, 0xF800, 0xF800, 0xF800, 0xF800, 0xF800, 0xF800, 0xF800, 0xF800, 0xF800, 0xF800, 0xF000, 
    0xF800, 0xF800, 0xB820, 0xB041, 0x0904, 0x0924, 0x0924, 0x0924, 0x0924, 0x0924, 0x0924, 0x0924, 
    0x0924, 0x0924, 0x0924, 0x0924, 0x0924, 0x0924, 0x0924, 0x0924, 0x0924, 0x0924, 0x0924, 0x0924, 
    0x0924, 0x0924, 0x0924, 0x0924, 0x0924, 0x0924, 0x0924, 0x0924, 0x0924, 0x0924, 0x0924, 0x0924, 
    0x0924, 0x0924, 0x0924, 0x0924, 0x0924, 0x0924, 0x0924, 0x0924, 0x0924, 0x0924, 0x0924, 0x0924, 
    0x0924, 0x0924, 0x0924, 0x0924, 0x0924, 0x0924, 0x0924, 0x0924, 0x0924, 0x0924, 0x0924, 0x0924, 
    0x0924, 0x0924, 0x0924, 0x0924, 0x0924, 0x0924, 0x0924, 0x0924, 0x0924, 0x0924, 0x0924, 0x0924, 
    0x0924, 0x0924, 0x0924, 0x0924, 0x0924, 0x0924, 0x0924, 0x0924, 0x0924, 0x0924, 0x0924, 0x0924, 
    0x0924, 0x0924, 0x0924, 0x0924, 0x0924, 0x0924, 0x0924, 0x0924, 0x0924, 0x0924, 0x0924, 0x0924, 
    0x28C3, 0x9841, 0xF800, 0xF800, 0xF800, 0xF800, 0xF000, 0xF000, 0xF800, 0xF800, 0xF800, 0xF800, 
    0xF800, 0xF800, 0xF800, 0xF800, 0xF800, 0xF800, 0xF800, 0xF000, 0xF000, 0xF800, 0xF800, 0xF800, 
    0xB820, 0x38C3, 0x0924, 0x0924, 0x0924, 0x0924, 0x0924, 0x0924, 0x0924, 0x0924, 0x0924, 0x0924, 
    0x0924, 0x0924, 0x0924, 0x0924, 0x0924, 0x0924, 0x0924, 0x0924, 0x0924, 0x0924, 0x0924, 0x0924, 
    0x0924, 0x0924, 0x0924, 0x0924, 0x0924, 0x0924, 0x0924, 0x0924, 0x0924, 0x0924, 0x0924, 0x0924, 
    0x0924, 0x0924, 0x0924, 0x0924, 0x0924, 0x0924, 0x0924, 0x0924, 0x0924, 0x0924, 0x0924, 0x0924, 
    0x0924, 0x0924, 0x0924, 0x0924, 0x0924, 0x0924, 0x0924, 0x0924, 0x0924, 0x0924, 0x0924, 0x0924, 
    0x0924, 0x0924, 0x0924, 0x0924, 0x0924, 0x0924, 0x0924, 0x0924, 0x0924, 0x0924, 0x0924, 0x0924, 
    0x0924, 0x0924, 0x0924, 0x0924, 0x0924, 0x0924, 0x0924, 0x0924, 0x0924, 0x0924, 0x0924, 0x0924, 
    0x0924, 0x0924, 0x0924, 0x0924, 0x0924, 0x0924, 0x0924, 0x0924, 0x0924, 0x0924, 0x0924, 0x0924, 
    0x0924, 0x0924, 0x0904, 0x28C3, 0xE000, 0xE800, 0xF800, 0xF800, 0xF000, 0xF800, 0xF800, 0xF800, 
    0xF800, 0xF800, 0xF800, 0xF800, 0xF800, 0xF000, 0xF000, 0xF800, 0xF800, 0xE800, 0x40A2, 0x0904, 
    0x0924, 0x0924, 0x0924, 0x0924, 0x0924, 0x0924, 0x0924, 0x0924, 0x0924, 0x0924, 0x0924, 0x0924, 
    0x0924, 0x0924, 0x0924, 0x0924, 0x0924, 0x0924, 0x0924, 0x0924, 0x0924, 0x0924, 0x0924, 0x0924, 
    0x0924, 0x0924, 0x0924, 0x0924, 0x0924, 0x0924, 0x0924, 0x0924, 0x0924, 0x0924, 0x0924, 0x0924, 
    0x0924, 0x0924, 0x0924, 0x0924, 0x0924, 0x0924, 0x0924, 0x0924, 0x0924, 0x0924, 0x0924, 0x0924, 
    0x0924, 0x0924, 0x0924, 0x0924, 0x0924, 0x0924, 0x0924, 0x0924, 0x0924, 0x0924, 0x0924, 0x0924, 
    0x0924, 0x0924, 0x0924, 0x0924, 0x0924, 0x0924, 0x0924, 0x0924, 0x0924, 0x0924, 0x0924, 0x0924, 
    0x0924, 0x0924, 0x0924, 0x0924, 0x0924, 0x0924, 0x0924, 0x0924, 0x0924, 0x0924, 0x0924, 0x0924, 
    0x0924, 0x0924, 0x0924, 0x0924, 0x0924, 0x0924, 0x0924, 0x0924, 0x0924, 0x0924, 0x0924, 0x0924, 
    0x0924, 0x0924, 0x0924, 0x0924, 0x0924, 0x0904, 0x6082, 0x7061, 0xF800, 0xF800, 0xF800, 0xF800, 
    0xF800, 0xF800, 0xF800, 0xF800, 0xF800, 0xF800, 0xF800, 0x6082, 0x5882, 0x0924, 0x0924, 0x0924, 
    0x0924, 0x0924, 0x0924, 0x0924, 0x0924, 0x0924, 0x0924, 0x0924, 0x0924, 0x0924, 0x0924, 0x0924, 
    0x0924, 0x0924, 0x0924, 0x0924, 0x0924, 0x0924, 0x0924, 0x0924, 0x0924, 0x0924, 0x0924, 0x0924, 
    0x0924, 0x0924, 0x0924, 0x0924, 0x0924, 0x0924, 0x0924, 0x0924, 0x0924, 0x0924, 0x0924, 0x0924, 
    0x0924, 0x0924, 0x0924, 0x0924, 0x0924, 0x0924, 0x0924, 0x0924, 0x0924, 0x0924, 0x0924, 0x0924, 
    0x0924, 0x0924, 0x0924, 0x0924, 0x0924, 0x0924, 0x0924, 0x0924, 0x0924, 0x0924, 0x0924, 0x0924, 
    0x0924, 0x0924, 0x0924, 0x0924, 0x0924, 0x0924, 0x0924, 0x0924, 0x0924, 0x0924, 0x0924, 0x0924, 
    0x0924, 0x0924, 0x0924, 0x0924, 0x0924, 0x0924, 0x0924, 0x0924, 0x0924, 0x0924, 0x0924, 0x0924, 
    0x0924, 0x0924, 0x0924, 0x0924, 0x0924, 0x0924, 0x0924, 0x0924, 0x0924, 0x0924, 0x0924, 0x0924, 
    0x0924, 0x0924, 0x0924, 0x0924, 0x0924, 0x0924, 0x0924, 0x0924, 0x10E3, 0xB041, 0xF800, 0xF800, 
    0xF800, 0xF800, 0xF800, 0xF800, 0xD820, 0x10E3, 0x1104, 0x0924, 0x0924, 0x0924, 0x0924, 0x0924, 
    0x0924, 0x0924, 0x0924, 0x0924, 0x0924, 0x0924, 0x0924, 0x0924, 0x0924, 0x0924, 0x0924, 0x0924, 
    0x0924, 0x0924, 0x0924, 0x0924, 0x0924, 0x0924, 0x0924, 0x0924, 0x0924, 0x0924, 0x0924, 0x0924, 
    0x0924, 0x0924, 0x0924, 0x0924, 0x0924, 0x0924, 0x0924, 0x0924, 0x0924, 0x0924, 0x0924, 0x0924, 
    0x0924, 0x0924, 0x0924, 0x0924, 0x0924, 0x0924, 0x0924, 0x0924, 0x0924, 0x0924, 0x0924, 0x0924, 
    0x0924, 0x0924, 0x0924, 0x0924, 0x0924, 0x0924, 0x0924, 0x0924, 0x0924, 0x0924, 0x0924, 0x0924, 
    0x0924, 0x0924, 0x0924, 0x0924, 0x0924, 0x0924, 0x0924, 0x0924, 0x0924, 0x0924, 0x0924, 0x0924, 
    0x0924, 0x0924, 0x0924, 0x0924, 0x0924, 0x0924, 0x0924, 0x0924, 0x0924, 0x0924, 0x0924, 0x0924, 
    0x0924, 0x0924, 0x0924, 0x0924, 0x0924, 0x0924, 0x0924, 0x0924, 0x0924, 0x0924, 0x0924, 0x0924, 
    0x0924, 0x0924, 0x0924, 0x0924, 0x0924, 0x0924, 0x0924, 0x0924, 0x0924, 0x0924, 0x0924, 0x28C3, 
    0x20E3, 0xD020, 0x8861, 0x20E3, 0x0924, 0x0924, 0x0924, 0x0924, 0x0924, 0x0924, 0x0924, 0x0924, 
    0x0924, 0x0924, 0x0924, 0x0924, 0x0924, 0x0924, 0x0924, 0x0924, 0x0924, 0x0924, 0x0924, 0x0924, 
    0x0924, 0x0924, 0x0924, 0x0924, 0x0924, 0x0924, 0x0924, 0x0924, 0x0924, 0x0924, 0x0924, 0x0924, 
    0x0924, 0x0924, 0x0924, 0x0924, 0x0924, 0x0924, 0x0924, 0x0924, 0x0924, 0x0924, 0x0924, 0x0924, 
    0x0924, 0x0924, 0x0924, 0x0924, 0x0924, 0x0924, 0x0924, 0x0924, 0x0924, 0x0924, 0x0924, 0x0924, 
    0x0924, 0x0924, 0x0924, 0x0924, 0x0924, 0x0924, 0x0924, 0x0924, 0x0924, 0x0924, 0x0924, 0x0924, 
    0x0924, 0x0924, 0x0924, 0x0924, 0x0924, 0x0924, 0x0924, 0x0924, 0x0924, 0x0924, 0x0924, 0x0924, 
    0x0924, 0x0924, 0x0924, 0x0924, 0x0924, 0x0924, 0x0924, 0x0924, 0x0924, 0x0924, 0x0924, 0x0924, 
    0x0924, 0x0924, 0x0924, 0x0924, 0x0924, 0x0924, 0x0924, 0x0924, 0x0924, 0x0924, 0x0924, 0x0924, 
    0x0924, 0x0924, 0x0924, 0x0924, 0x0924, 0x0924, 0x0924, 0x0924, 0x0924, 0x0924, 0x0924, 0x0924, 
    0x0924, 0x0904, 0x0924, 0x0924, 0x0924, 0x0924, 0x0924, 0x0924, 0x0924, 0x0924, 0x0924, 0x0924, 
    0x0924, 0x0924, 0x0924, 0x0924, 0x0924, 0x0924, 0x0924, 0x0924, 0x0924, 0x0924, 0x0924, 0x0924, 
    0x0924, 0x0924, 0x0924, 0x0924, 0x0924, 0x0924, 0x0924, 0x0924, 0x0924, 0x0924, 0x0924, 0x0924, 
    0x0924, 0x0924, 0x0924, 0x0924, 0x0924, 0x0924, 0x0924, 0x0924, 0x0924, 0x0924, 0x0924, 0x0924, 
    0x0924, 0x0924, 0x0924, 0x0924, 0x0924, 0x0924, 0x0924, 0x0924, 0x0924, 0x0924, 0x0924, 0x0924, 
    0x0924, 0x0924, 0x0924, 0x0924, 0x0924, 0x0924, 0x0924, 0x0924, 0x0924, 0x0924, 0x0924, 0x0924, 
    0x0924, 0x0924, 0x0924, 0x0924, 0x0924, 0x0924, 0x0924, 0x0924, 0x0924, 0x0924, 0x0924, 0x0924, 
    0x0924, 0x0924, 0x0924, 0x0924, 0x0924, 0x0924, 0x0924, 0x0924, 0x0924, 0x0924, 0x0924, 0x0924, 
    0x0924, 0x0924, 0x0924, 0x0924, 0x0924, 0x0924, 0x0924, 0x0924, 0x0924, 0x0924, 0x0924, 0x0924, 
    0x0924, 0x0924, 0x0924, 0x0924, 0x0924, 0x0924, 0x0924, 0x0924, 0x0924, 0x0924, 0x0924, 0x0924, 
    0x0924, 0x0924, 0x0924, 0x0924, 0x0924, 0x0924, 0x0924, 0x0924, 0x0924, 0x0924, 0x0924, 0x0924, 
    0x0924, 0x0924, 0x0924, 0x0924, 0x0924, 0x0924, 0x0924, 0x0924, 0x0924, 0x0924, 0x0924, 0x0924, 
    0x0924, 0x0924, 0x0924, 0x0924, 0x0924, 0x0924, 0x0924, 0x0924, 0x0924, 0x0924, 0x0924, 0x0924, 
    0x0924, 0x0924, 0x0924, 0x0924, 0x0924, 0x0924, 0x0924, 0x0924, 0x0924, 0x0924, 0x0924, 0x0924, 
    0x0924, 0x0924, 0x0924, 0x0924, 0x0924, 0x0924, 0x0924, 0x0924, 0x0924, 0x0924, 0x0924, 0x0924, 
    0x0924, 0x0924, 0x0924, 0x0924, 0x0924, 0x0924, 0x0924, 0x0924, 0x0924, 0x0924, 0x0924, 0x0924, 
    0x0924, 0x0924, 0x0924, 0x0924, 0x0924, 0x0924, 0x0924, 0x0924, 0x0924, 0x0924, 0x0924, 0x0924, 
    0x0924, 0x0924, 0x0924, 0x0924, 0x0924, 0x0924, 0x0924, 0x0924, 0x0924, 0x0924, 0x0924, 0x0924, 
    0x0924, 0x0924, 0x0924, 0x0924, 0x0924, 0x0924, 0x0924, 0x0924, 0x0924, 0x0924, 0x0924, 0x0924, 
    0x0924, 0x0924, 0x0924, 0x0924, 0x0924, 0x0924, 0x0924, 0x0924, 0x0924, 0x0924, 0x0924, 0x0924, 
    0x0924, 0x0924, 0x0924, 0x0924, 0x0924, 0x0924, 0x0924, 0x0924, 0x0924, 0x0924, 0x0924, 0x0924, 
    0x0924, 0x0924, 0x0924, 0x0924, 0x0924, 0x0924, 0x0924, 0x0924, 0x0924, 0x0924, 0x0924, 0x0924, 
    0x0924, 0x0924, 0x0924, 0x0924, 0x0924, 0x0924, 0x0924, 0x0924, 0x0924, 0x0924, 0x0924, 0x0924, 
    0x0924, 0x0924, 0x0924, 0x0924, 0x0924, 0x0924, 0x0924, 0x0924, 0x0924, 0x0924, 0x0924, 0x0924, 
    0x0924, 0x0924, 0x0924, 0x0924, 0x0924, 0x0924, 0x0924, 0x0924, 0x0924, 0x0924, 0x0924, 0x0924, 
    0x0924, 0x0924, 0x0924, 0x0924, 0x0924, 0x0924, 0x0924, 0x0924, 0x0924, 0x0924, 0x0924, 0x0924, 
    0x0924, 0x0924, 0x0924, 0x0924, 0x0924, 0x0924, 0x0924, 0x0924, 0x0924, 0x0924, 0x0924, 0x0924, 
    0x0924, 0x0924, 0x0924, 0x0924, 0x0924, 0x0924, 0x0924, 0x0924, 0x0924, 0x0924, 0x0924, 0x0924, 
    0x0924, 0x0924, 0x0924, 0x0924, 0x0924, 0x0924, 0x0924, 0x0924, 0x0924, 0x0924, 0x0924, 0x0924, 
    0x0924, 0x0924, 0x0924, 0x0924, 0x0924, 0x0924, 0x0924, 0x0924, 0x0924, 0x0924, 0x0924, 0x0924, 
    0x0924, 0x0924, 0x0924, 0x0924, 0x0924, 0x0924, 0x0924, 0x0924, 0x0924, 0x0924, 0x0924, 0x0924, 
    0x0924, 0x0924, 0x0924, 0x0924, 0x0924, 0x0924, 0x0924, 0x0924, 0x0924, 0x0924, 0x0924, 0x0924, 
    0x0924, 0x0924, 0x0924, 0x0924, 0x0924, 0x0924, 0x0924, 0x0924, 0x0924, 0x0924, 0x0924, 0x0924, 
    0x0924, 0x0924, 0x0924, 0x0924, 0x0924, 0x0924, 0x0924, 0x0924, 0x0924, 0x0924, 0x0924, 0x0924, 
    0x0924, 0x0924, 0x0924, 0x0924, 0x0924, 0x0924, 0x0924, 0x0924, 0x0924, 0x0924, 0x0924, 0x0924, 
    0x0924, 0x0924, 0x0924, 0x0924, 0x0924, 0x0924, 0x0924, 0x0924, 0x0924, 0x0924, 0x0924, 0x0924, 
    0x0924, 0x0924, 0x0924, 0x0924, 0x0924, 0x0924, 0x0924, 0x0924, 0x0924, 0x0924, 0x0924, 0x0924, 
    0x0924, 0x0924, 0x0924, 0x0924, 0x0924, 0x0924, 0x0924, 0x0924, 0x0924, 0x0924, 0x0924, 0x0924, 
    0x0924, 0x0924, 0x0924, 0x0924, 0x0924, 0x0924, 0x0924, 0x0924, 0x0924, 0x0924, 0x0924, 0x0924, 
    0x0924, 0x0924, 0x0924, 0x0924, 0x0924, 0x0924, 0x0924, 0x0924, 0x0924, 0x0924, 0x0924, 0x0924, 
    0x0924, 0x0924, 0x0924, 0x0924, 0x0924, 0x0924, 0x0924, 0x0924, 0x0924, 0x0924, 0x0924, 0x0924, 
    0x0924, 0x0924, 0x0924, 0x0924, 0x0924, 0x0924, 0x0924, 0x0924, 0x0924, 0x0924, 0x0924, 0x0924, 
    0x0924, 0x0924, 0x0924, 0x0924, 0x0924, 0x0924, 0x0924, 0x0924, 0x0924, 0x0924, 0x0924, 0x0924, 
    0x0924, 0x0924, 0x0924, 0x0924, 0x0924, 0x0924, 0x0924, 0x0924, 0x0924, 0x0924, 0x0924, 0x0924, 
    0x0924, 0x0924, 0x0924, 0x0924, 0x0924, 0x0924, 0x0924, 0x0924, 0x0924, 0x0924, 0x0924, 0x0924, 
    0x0924, 0x0924, 0x0924, 0x0924, 0x0924, 0x0924, 0x0924, 0x0924, 0x0924, 0x0924, 0x0924, 0x0924, 
    0x0924, 0x0924, 0x0924, 0x0924, 0x0924, 0x0924, 0x0924, 0x0924, 0x0924, 0x0924, 0x0924, 0x0924, 
    0x0924, 0x0924, 0x0924, 0x0924, 0x0924, 0x0924, 0x0924, 0x0924, 0x0924, 0x0924, 0x0924, 0x0924, 
    0x0924, 0x0924, 0x0924, 0x0924, 0x0924, 0x0924, 0x0924, 0x0924, 0x0924, 0x0924, 0x0924, 0x0924, 
    0x0924, 0x0924, 0x0924, 0x0924, 0x0924, 0x0924, 0x0924, 0x0924, 0x0924, 0x0924, 0x0924, 0x0924, 
    0x0924, 0x0924, 0x0924, 0x0924, 0x0924, 0x0924, 0x0924, 0x0924, 0x0924, 0x0924, 0x0924, 0x0924, 
    0x0924, 0x0924, 0x0924, 0x0924, 0x0924, 0x0924, 0x0924, 0x0924, 0x0924, 0x0924, 0x0924, 0x0924, 
    0x0924, 0x0924, 0x0924, 0x0924, 0x0924, 0x0924, 0x0924, 0x0924, 0x0924, 0x0924, 0x0924, 0x0924, 
    0x0924, 0x0924, 0x0924, 0x0924, 0x0924, 0x0924, 0x0924, 0x0924, 0x0924, 0x0924, 0x0924, 0x0924, 
    0x0924, 0x0924, 0x0924, 0x0924, 0x0924, 0x0924, 0x0924, 0x0924, 0x0924, 0x0924, 0x0924, 0x0924, 
    0x0924, 0x0924, 0x0924, 0x0924, 0x0924, 0x0924, 0x0924, 0x0924, 0x0924, 0x0924, 0x0924, 0x0924, 
    0x0924, 0x0924, 0x0924, 0x0924, 0x0924, 0x0924, 0x0924, 0x0924, 0x0924, 0x0924, 0x0924, 0x0924, 
    0x0924, 0x0924, 0x0924, 0x0924, 0x0924, 0x0924, 0x0924, 0x0924, 0x0924, 0x0924, 0x0924, 0x0924, 
    0x0924, 0x0924, 0x0924, 0x0924, 0x0924, 0x0924, 0x0924, 0x0924, 0x0924, 0x0924, 0x0924, 0x0924, 
    0x0924, 0x0924, 0x0924, 0x0924, 0x0924, 0x0924, 0x0924, 0x0924, 0x0924, 0x0924, 0x0924, 0x0924, 
    0x0924, 0x0924, 0x0924, 0x0924, 0x0924, 0x0924, 0x0924, 0x0924, 0x0924, 0x0924, 0x0924, 0x0924, 
    0x0924, 0x0924, 0x0924, 0x0924, 0x0924, 0x0924, 0x0924, 0x0924, 0x0924, 0x0924, 0x0924, 0x0924, 
    0x0924, 0x0924, 0x0924, 0x0924, 0x0924, 0x0924, 0x0924, 0x0924, 0x0924, 0x0924, 0x0924, 0x0924, 
    0x0924, 0x0924, 0x0924, 0x0924, 0x0924, 0x0924, 0x0924, 0x0924, 0x0924, 0x0924, 0x0924, 0x0924, 
    0x0924, 0x0924, 0x0924, 0x0924, 0x0924, 0x0924, 0x0924, 0x0924, 0x0924, 0x0924, 0x0924, 0x0924, 
    0x0924, 0x0924, 0x0924, 0x0924, 0x0924, 0x0924, 0x0924, 0x0924, 0x0924, 0x0924, 0x0924, 0x0924, 
    0x0924, 0x0924, 0x0924, 0x0924, 0x0924, 0x0924, 0x0924, 0x0924, 0x0924, 0x0924, 0x0924, 0x0924, 
    0x0924, 0x0924, 0x0924, 0x0924, 0x0924, 0x0924, 0x0924, 0x0924, 0x0924, 0x0924, 0x0924, 0x0924, 
    0x0924, 0x0924, 0x0924, 0x0924, 0x0924, 0x0924, 0x0924, 0x0924, 0x0924, 0x0924, 0x0924, 0x0924, 
    0x0924, 0x0924, 0x0924, 0x0924, 0x0924, 0x0924, 0x0924, 0x0924, 0x0924, 0x0924, 0x0924, 0x0924, 
    0x0924, 0x0924, 0x0924, 0x0924, 0x0924, 0x0924, 0x0924, 0x0924, 0x0924, 0x0924, 0x0924, 0x0924, 
    0x0924, 0x0924, 0x0924, 0x0924, 0x0924, 0x0924, 0x0924, 0x0924, 0x0924, 0x0924, 0x0924, 0x0924, 
    0x0924, 0x0924, 0x0924, 0x0924, 0x0924, 0x0924, 0x0924, 0x0924, 0x0924, 0x0924, 0x0924, 0x0924, 
    0x0924, 0x0924, 0x0924, 0x0924, 0x0924, 0x0924, 0x0924, 0x0924, 0x0924, 0x0924, 0x0924, 0x0924, 
    0x0924, 0x0924, 0x0924, 0x0924, 0x0924, 0x0924, 0x0924, 0x0924, 0x0924, 0x0924, 0x0924, 0x0924, 
    0x0924, 0x0924, 0x0924, 0x0924, 0x0924, 0x0924, 0x0924, 0x0924, 0x0924, 0x0924, 0x0924, 0x0924, 
    0x0924, 0x0924, 0x0924, 0x0924, 0x0924, 0x0924, 0x0924, 0x0924, 0x0924, 0x0924, 0x0924, 0x0924, 
    0x0924, 0x0924, 0x0924, 0x0924, 0x0924, 0x0924, 0x0924, 0x0924, 0x0924, 0x0924, 0x0924, 0x0924, 
    0x0924, 0x0924, 0x0924, 0x0924, 0x0924, 0x0924, 0x0924, 0x0924, 0x0924, 0x0924, 0x0924, 0x0924, 
    0x0924, 0x0924, 0x0924, 0x0924, 0x0924, 0x0924, 0x0924, 0x0924, 0x0924, 0x0924, 0x0924, 0x0924, 
    0x0924, 0x0924, 0x0924, 0x0924, 0x0924, 0x0924, 0x0924, 0x0924, 0x0924, 0x0924, 0x0924, 0x0924, 
    0x0924, 0x0924, 0x0924, 0x0924, 0x0924, 0x0924, 0x0924, 0x0924, 0x0924, 0x0924, 0x0924, 0x0924, 
    0x0924, 0x0924, 0x0924, 0x0924, 0x0924, 0x0924, 0x0924, 0x0924, 0x0924, 0x0924, 0x0924, 0x0924, 
    0x0924, 0x0924, 0x0924, 0x0924, 0x0924, 0x0924, 0x0924, 0x0924, 0x0924, 0x0924, 0x0924, 0x0924, 
    0x0924, 0x0924, 0x0924, 0x0924, 0x0924, 0x0924, 0x0924, 0x0924, 0x0924, 0x0924, 0x0924, 0x0924, 
    0x0924, 0x0924, 0x0924, 0x0924, 0x0924, 0x0924, 0x0924, 0x0924, 0x0924, 0x0924, 0x0924, 0x0924, 
    0x0924, 0x0924, 0x0924, 0x0924, 0x0924, 0x0924, 0x0924, 0x0924, 0x0924, 0x0924, 0x0924, 0x0924, 
    0x0924, 0x0924, 0x0924, 0x0924, 0x0924, 0x0924, 0x0924, 0x0924, 0x0924, 0x0924, 0x0924, 0x0924, 
    0x0924, 0x0924, 0x0924, 0x0924, 0x0924, 0x0924, 0x0924, 0x0924, 0x0924, 0x0924, 0x0924, 0x0924, 
    0x0924, 0x0924, 0x0924, 0x0924, 0x0924, 0x0924, 0x0924, 0x0924, 0x0924, 0x0924, 0x0924, 0x0924, 
    0x0924, 0x0924, 0x0924, 0x0924, 0x0924, 0x0924, 0x0924, 0x0924, 0x0924, 0x0924, 0x0924, 0x0924, 
    0x0924, 0x0924, 0x0924, 0x0924, 0x0924, 0x0924, 0x0924, 0x0924, 0x0924, 0x0924, 0x0924, 0x0924, 
    0x0924, 0x0924, 0x0924, 0x0924, 0x0924, 0x0924, 0x0924, 0x0924, 0x0924, 0x0924, 0x0924, 0x0924, 
    0x0924, 0x0924, 0x0924, 0x0924, 0x0924, 0x0924, 0x0924, 0x0924, 0x0924, 0x0924, 0x0924, 0x0924, 
    0x0924, 0x0924, 0x0924, 0x0924, 0x0924, 0x0924, 0x0924, 0x0924, 0x0924, 0x0924, 0x0924, 0x0924, 
    0x0924, 0x0924, 0x0924, 0x0924, 0x0924, 0x0924, 0x0924, 0x0924, 0x0924, 0x0924, 0x0924, 0x0924, 
    0x0924, 0x0924, 0x0924, 0x0924, 0x0924, 0x0924, 0x0924, 0x0924, 0x0924, 0x0924, 0x0924, 0x0924, 
    0x0924, 0x0924, 0x0924, 0x0924, 0x0924, 0x0924, 0x0924, 0x0924, 0x0924, 0x0924, 0x0924, 0x0924, 
    0x0924, 0x0924, 0x0924, 0x0924, 0x0924, 0x0924, 0x0924, 0x0924, 0x0924, 0x0924, 0x0924, 0x0924, 
    0x0924, 0x0924, 0x0924, 0x0924, 0x0924, 0x0924, 0x0924, 0x0924, 0x0924, 0x0924, 0x0924, 0x0924, 
    0x0924, 0x0924, 0x0924, 0x0924, 0x0924, 0x0924, 0x0924, 0x0924, 0x0924, 0x0924, 0x0924, 0x0924, 
    0x0924, 0x0924, 0x0924, 0x0924, 0x0924, 0x0924, 0x0924, 0x0924, 0x0924, 0x0924, 0x0924, 0x0924, 
    0x0924, 0x0924, 0x0924, 0x0924, 0x0924, 0x0924, 0x0924, 0x0924, 0x0924, 0x0924, 0x0924, 0x0924, 
    0x0924, 0x0924, 0x0924, 0x0924, 0x0924, 0x0924, 0x0924, 0x0924, 0x0924, 0x0924, 0x0924, 0x0924, 
    0x0924, 0x0924, 0x0924, 0x0924, 0x0924, 0x0924, 0x0924, 0x0924, 0x0924, 0x0924, 0x0924, 0x0924, 
    0x0924, 0x0924, 0x0924, 0x0924, 0x0924, 0x0924, 0x0924, 0x0924, 0x0924, 0x0924, 0x0924, 0x0924, 
    0x0924, 0x0924, 0x0924, 0x0924, 0x0924, 0x0924, 0x0924, 0x0924, 0x0924, 0x0924, 0x0924, 0x0924, 
    0x0924, 0x0924, 0x0924, 0x0924, 0x0924, 0x0924, 0x0924, 0x0924, 0x0924, 0x0924, 0x0924, 0x0924, 
    0x0924, 0x0924, 0x0924, 0x0924, 0x0924, 0x0924, 0x0924, 0x0924, 0x0924, 0x0924, 0x0924, 0x0924, 
    0x0924, 0x0924, 0x0924, 0x0924, 0x0924, 0x0924, 0x0924, 0x0924, 0x0924, 0x0924, 0x0924, 0x0924, 
    0x0924, 0x0924, 0x0924, 0x0924, 0x0924, 0x0924, 0x0924, 0x0924, 0x0924, 0x0924, 0x0924, 0x0924, 
    0x0924, 0x0924, 0x0924, 0x0924, 0x0924, 0x0924, 0x0924, 0x0924, 0x0924, 0x0924, 0x0924, 0x0924, 
    0x0924, 0x0924, 0x0924, 0x0924, 0x0924, 0x0924, 0x0924, 0x0924, 0x0924, 0x0924, 0x0924, 0x0924, 
    0x0924, 0x0924, 0x0924, 0x0924, 0x0924, 0x0924, 0x0924, 0x0924, 0x0924, 0x0924, 0x0924, 0x0924, 
    0x0924, 0x0924, 0x0924, 0x0924, 0x0924, 0x0924, 0x0924, 0x0924, 0x0924, 0x0924, 0x0924, 0x0924, 
    0x0924, 0x0924, 0x0924, 0x0924, 0x0924, 0x0924, 0x0924, 0x0924, 0x0924, 0x0924, 0x0924, 0x0924, 
    0x0924, 0x0924, 0x0924, 0x0924, 0x0924, 0x0924, 0x0924, 0x0924, 0x0924, 0x0924, 0x0924, 0x0924, 
    0x0924, 0x0924, 0x0924, 0x0924, 0x0924, 0x0924, 0x0924, 0x0924, 0x0924, 0x0924, 0x0924, 0x0924, 
    0x0924, 0x0924, 0x0924, 0x0924, 0x0924, 0x0924, 0x0924, 0x0924, 0x0924, 0x0924, 0x0924, 0x0924, 
    0x0924, 0x0924, 0x0924, 0x0924, 0x0924, 0x0924, 0x0924, 0x0924, 0x0924, 0x0924, 0x0924, 0x0924, 
    0x0924, 0x0924, 0x0924, 0x0924, 0x0924, 0x0924, 0x0924, 0x0924, 0x0924, 0x0924, 0x0924, 0x0924, 
    0x0924, 0x0924, 0x0924, 0x0924, 0x0924, 0x0924, 0x0924, 0x0924, 0x0924, 0x0924, 0x0924, 0x0924, 
    0x0924, 0x0924, 0x0924, 0x0924, 0x0924, 0x0924, 0x0924, 0x0924, 0x0924, 0x0924, 0x0924, 0x0924, 
    0x0924, 0x0924, 0x0924, 0x0924, 0x0924, 0x0924, 0x0924, 0x0924, 0x0924, 0x0924, 0x0924, 0x0924, 
    0x0924, 0x0924, 0x0924, 0x0924, 0x0924, 0x0924, 0x0924, 0x0924, 0x0924, 0x0924, 0x0924, 0x0924, 
    0x0924, 0x0924, 0x0924, 0x0924, 0x0924, 0x0924, 0x0924, 0x0924, 0x0924, 0x0924, 0x0924, 0x0924, 
    0x0924, 0x0924, 0x0924, 0x0924, 0x0924, 0x0924, 0x0924, 0x0924, 0x0924, 0x0924, 0x0924, 0x0924, 
    0x0924, 0x0924, 0x0924, 0x0924, 0x0924, 0x0924, 0x0924, 0x0924, 0x0924, 0x0924, 0x0924, 0x0924, 
    0x0924, 0x0924, 0x0924, 0x0924, 0x0924, 0x0924, 0x0924, 0x0924, 0x0924, 0x0924, 0x0924, 0x0924, 
    0x0924, 0x0924, 0x0924, 0x0924, 0x0924, 0x0924, 0x0924, 0x0924, 0x0924, 0x0924, 0x0924, 0x0924, 
    0x0924, 0x0924, 0x0924, 0x0924, 0x0924, 0x0924, 0x0924, 0x0924, 0x0924, 0x0924, 0x0924, 0x0924, 
    0x0924, 0x0924, 0x0924, 0x0924, 0x0924, 0x0924, 0x0924, 0x0924, 0x0924, 0x0924, 0x0924, 0x0924, 
    0x0924, 0x0924, 0x0924, 0x0924, 0x0924, 0x0924, 0x0924, 0x0924, 0x0924, 0x0924, 0x0924, 0x0924, 
    0x0924, 0x0924, 0x0924, 0x0924, 0x0924, 0x0924, 0x0924, 0x0924, 0x0924, 0x0924, 0x0924, 0x0924, 
    0x0924, 0x0924, 0x0924, 0x0924, 0x0924, 0x0924, 0x0924, 0x0924, 0x0924, 0x0924, 0x0924, 0x0924, 
    0x0924, 0x0924, 0x0924, 0x0924, 0x0924, 0x0924, 0x0924, 0x0924, 0x0924, 0x0924, 0x0924, 0x0924, 
    0x0924, 0x0924, 0x0924, 0x0924, 0x0924, 0x0924, 0x0924, 0x0924, 0x0924, 0x0924, 0x0924, 0x0924, 
    0x0924, 0x0924, 0x0924, 0x0924, 0x0924, 0x0924, 0x0924, 0x0924, 0x0924, 0x0924, 0x0924, 0x0924, 
    0x0924, 0x0924, 0x0924, 0x0924, 0x0924, 0x0924, 0x0924, 0x0924, 0x0924, 0x0924, 0x0924, 0x0924, 
    0x0924, 0x0924, 0x0924, 0x0924, 0x0924, 0x0924, 0x0924, 0x0924, 0x0924, 0x0924, 0x0924, 0x0924, 
    0x0924, 0x0924, 0x0924, 0x0924, 0x0924, 0x0924, 0x0924, 0x0924, 0x0924, 0x0924, 0x0924, 0x0924, 
    0x0924, 0x0924, 0x0924, 0x0924, 0x0924, 0x0924, 0x0924, 0x0924, 0x0924, 0x0924, 0x0924, 0x0924, 
    0x0924, 0x0924, 0x0924, 0x0924, 0x0924, 0x0924, 0x0924, 0x0924, 0x0924, 0x0924, 0x0924, 0x0924, 
    0x0924, 0x0924, 0x0924, 0x0924, 0x0924, 0x0924, 0x0924, 0x0924, 0x0924, 0x0924, 0x0924, 0x0924, 
    0x0924, 0x0924, 0x0924, 0x0924, 0x0924, 0x0924, 0x0924, 0x0924, 0x0924, 0x0924, 0x0924, 0x0924, 
    0x0924, 0x0924, 0x0924, 0x0924, 0x0924, 0x0924, 0x0924, 0x0924, 0x0924, 0x0924, 0x0924, 0x0924, 
    0x0924, 0x0924, 0x0924, 0x0924, 0x0924, 0x0924, 0x0924, 0x0924, 0x0924, 0x0924, 0x0924, 0x0924, 
    0x0924, 0x0924, 0x0924, 0x0924, 0x0924, 0x0924, 0x0924, 0x0924, 0x0924, 0x0924, 0x0924, 0x0924, 
    0x0924, 0x0924, 0x0924, 0x0924, 0x0924, 0x0924, 0x0924, 0x0924, 0x0924, 0x0924, 0x0924, 0x0924, 
    0x0924, 0x0924, 0x0924, 0x0924, 0x0924, 0x0924, 0x0924, 0x0924, 0x0924, 0x0924, 0x0924, 0x0924, 
    0x0924, 0x0924, 0x0924, 0x0924, 0x0924, 0x0924, 0x0924, 0x0924, 0x0924, 0x0924, 0x0924, 0x0924, 
    0x0924, 0x0924, 0x0924, 0x0924, 0x0924, 0x0924, 0x0924, 0x0924, 0x0924, 0x0924, 0x0924, 0x0924, 
    0x0924, 0x0924, 0x0924, 0x0924, 0x0924, 0x0924, 0x0924, 0x0924, 0x0924, 0x0924, 0x0924, 0x0924, 
    0x0924, 0x0924, 0x0924, 0x0924, 0x0924, 0x0924, 0x0924, 0x0924, 0x0924, 0x0924, 0x0924, 0x0924, 
    0x0924, 0x0924, 0x0924, 0x0924, 0x0924, 0x0924, 0x0924, 0x0924, 0x0924, 0x0924, 0x0924, 0x0924, 
    0x0924, 0x0924, 0x0924, 0x0924, 0x0924, 0x0924, 0x0924, 0x0924, 0x0924, 0x0924, 0x0924, 0x0924, 
    0x0924, 0x0924, 0x0924, 0x0924, 0x0924, 0x0924, 0x0924, 0x0924, 0x0924, 0x0924, 0x0924, 0x0924, 
    0x0924, 0x0924, 0x0924, 0x0924, 0x0924, 0x0924, 0x0924, 0x0924, 0x0924, 0x0924, 0x0924, 0x0924, 
    0x0924, 0x0924, 0x0924, 0x0924, 0x0924, 0x0924, 0x0924, 0x0924, 0x0924, 0x0924, 0x0924, 0x0924, 
    0x0924, 0x0924, 0x0924, 0x0924, 0x0924, 0x0924, 0x0924, 0x0924, 0x0924, 0x0924, 0x0924, 0x0924, 
    0x0924, 0x0924, 0x0924, 0x0924, 0x0924, 0x0924, 0x0924, 0x0924, 0x0924, 0x0924, 0x0924, 0x0924, 
    0x0924, 0x0924, 0x0924, 0x0924, 0x0924, 0x0924, 0x0924, 0x0924, 0x0924, 0x0924, 0x0924, 0x0924, 
    0x0924, 0x0924, 0x0924, 0x0924, 0x0924, 0x0924, 0x0924, 0x0924, 0x0924, 0x0924, 0x0924, 0x0924, 
    0x0924, 0x0924, 0x0924, 0x0924, 0x0924, 0x0924, 0x0924, 0x0924, 0x0924, 0x0924, 0x0924, 0x0924, 
    0x0924, 0x0924, 0x0924, 0x0924, 0x0924, 0x0924, 0x0924, 0x0924, 0x0924, 0x0924, 0x0924, 0x0924, 
    0x0924, 0x0924, 0x0924, 0x0924, 0x0924, 0x0924, 0x0924, 0x0924, 0x0924, 0x0924, 0x0924, 0x0924, 
    0x0924, 0x0924, 0x0924, 0x0924, 0x0924, 0x0924, 0x0924, 0x0924, 0x0924, 0x0924, 0x0924, 0x0924, 
    0x0924, 0x0924, 0x0924, 0x0924, 0x0924, 0x0924, 0x0924, 0x0924, 0x0924, 0x0924, 0x0924, 0x0924, 
    0x0924, 0x0924, 0x0924, 0x0924, 0x0924, 0x0924, 0x0924, 0x0924, 0x0924, 0x0924, 0x0924, 0x0924, 
    0x0924, 0x0924, 0x0924, 0x0924, 0x0924, 0x0924, 0x0924, 0x0924, 0x0924, 0x0924, 0x0924, 0x0924, 
    0x0924, 0x0924, 0x0924, 0x0924, 0x0924, 0x0924, 0x0924, 0x0924, 0x0924, 0x0924, 0x0924, 0x0924, 
    0x0924, 0x0924, 0x0924, 0x0924, 0x0924, 0x0924, 0x0924, 0x0924, 0x0924, 0x0924, 0x0924, 0x0924, 
    0x0924, 0x0924, 0x0924, 0x0924, 0x0924, 0x0924, 0x0924, 0x0924, 0x0924, 0x0924, 0x0924, 0x0924, 
    0x0924, 0x0924, 0x0924, 0x0924, 0x0924, 0x0924, 0x0924, 0x0924, 0x0924, 0x0924, 0x0924, 0x0924, 
    0x0924, 0x0924, 0x0924, 0x0924, 0x0924, 0x0924, 0x0924, 0x0924, 0x0924, 0x0924, 0x0924, 0x0924, 
    0x0924, 0x0924, 0x0924, 0x0924, 0x0924, 0x0924, 0x0924, 0x0924, 0x0924, 0x0924, 0x0924, 0x0924, 
    0x0924, 0x0924, 0x0924, 0x0924, 0x0924, 0x0924, 0x0924, 0x0924, 0x0924, 0x0924, 0x0924, 0x0924, 
    0x0924, 0x0924, 0x0924, 0x0924, 0x0924, 0x0924, 0x0924, 0x0924, 0x0924, 0x0924, 0x0924, 0x0924, 
    0x0924, 0x0924, 0x0924, 0x0924, 0x0924, 0x0924, 0x0924, 0x0924, 0x0924, 0x0924, 0x0924, 0x0924, 
    0x0924, 0x0924, 0x0924, 0x0924, 0x0924, 0x0924, 0x0924, 0x0924, 0x0924, 0x0924, 0x0924, 0x0924, 
    0x0924, 0x0924, 0x0924, 0x0924, 0x0924, 0x0924, 0x0924, 0x0924, 0x0924, 0x0924, 0x0924, 0x0924, 
    0x0924, 0x0924, 0x0924, 0x0924, 0x0924, 0x0924, 0x0924, 0x0924, 0x0924, 0x0924, 0x0924, 0x0924, 
    0x0924, 0x0924, 0x0924, 0x0924, 0x0924, 0x0924, 0x0924, 0x0924, 0x0924, 0x0924, 0x0924, 0x0924, 
    0x0924, 0x0924, 0x0924, 0x0924, 0x0924, 0x0924, 0x0924, 0x0924, 0x0924, 0x0924, 0x0924, 0x0924, 
    0x0924, 0x0924, 0x0924, 0x0924, 0x0924, 0x0924, 0x0924, 0x0924, 0x0924, 0x0924, 0x0924, 0x0924, 
    0x0924, 0x0924, 0x0924, 0x0924, 0x0924, 0x0924, 0x0924, 0x0924, 0x0924, 0x0924, 0x0924, 0x0924, 
    0x0924, 0x0924, 0x0924, 0x0924, 0x0924, 0x0924, 0x0924, 0x0924, 0x0924, 0x0924, 0x0924, 0x0924, 
    0x0924, 0x0924, 0x0924, 0x0924, 0x0924, 0x0924, 0x0924, 0x0924, 0x0924, 0x0924, 0x0924, 0x0924, 
    0x0924, 0x0924, 0x0924, 0x0924, 0x0924, 0x0924, 0x0924, 0x0924, 0x0924, 0x0924, 0x0924, 0x0924, 
    0x0924, 0x0924, 0x0924, 0x0924, 0x0924, 0x0924, 0x0924, 0x0924, 0x0924, 0x0924, 0x0924, 0x0924, 
    0x0924, 0x0924, 0x0924, 0x0924, 0x0924, 0x0924, 0x0924, 0x0924, 0x0924, 0x0924, 0x0924, 0x0924, 
    0x0924, 0x0924, 0x0924, 0x0924, 0x0924, 0x0924, 0x0924, 0x0924, 0x0924, 0x0924, 0x0924, 0x0924, 
    0x0924, 0x0924, 0x0924, 0x0924, 0x0924, 0x0924, 0x0924, 0x0924, 0x0924, 0x0924, 0x0924, 0x0924, 
    0x0924, 0x0924, 0x0924, 0x0924, 0x0924, 0x0924, 0x0924, 0x0924, 0x0924, 0x0924, 0x0924, 0x0924, 
    0x0924, 0x0924, 0x0924, 0x0924, 0x0924, 0x0924, 0x0924, 0x0924, 0x0924, 0x0924, 0x0924, 0x0924, 
    0x0924, 0x0924, 0x0924, 0x0924, 0x0924, 0x0924, 0x0924, 0x0924, 0x0924, 0x0924, 0x0924, 0x0924, 
    0x0924, 0x0924, 0x0924, 0x0924, 0x0924, 0x0924, 0x0924, 0x0924, 0x0924, 0x0924, 0x0924, 0x0924, 
    0x0924, 0x0924, 0x0924, 0x0924, 0x0924, 0x0924, 0x0924, 0x0924, 0x0924, 0x0924, 0x0924, 0x0924, 
    0x0924, 0x0924, 0x0924, 0x0924, 0x0924, 0x0924, 0x0924, 0x0924, 0x0924, 0x0924, 0x0924, 0x0924, 
    0x0924, 0x0924, 0x0924, 0x0924, 0x0924, 0x0924, 0x0924, 0x0924, 0x0924, 0x0924, 0x0924, 0x0924, 
    0x0924, 0x0924, 0x0924, 0x0924, 0x0924, 0x0924, 0x0924, 0x0924, 0x0924, 0x0924, 0x0924, 0x0924, 
    0x0924, 0x0924, 0x0924, 0x0924, 0x0924, 0x0924, 0x0924, 0x0924, 0x0924, 0x0924, 0x0924, 0x0924, 
    0x0924, 0x0924, 0x0924, 0x0924, 0x0924, 0x0924, 0x0924, 0x0924, 0x0924, 0x0924, 0x0924, 0x0924, 
    0x0924, 0x0924, 0x0924, 0x0924, 0x0924, 0x0924, 0x0924, 0x0924, 0x0924, 0x0924, 0x0924, 0x0924, 
    0x0924, 0x0924, 0x0924, 0x0924, 0x0924, 0x0924, 0x0924, 0x0924, 0x0924, 0x0924, 0x0924, 0x0924, 
    0x0924, 0x0924, 0x0924, 0x0924, 0x0924, 0x0924, 0x0924, 0x0924, 0x0924, 0x0924, 0x0924, 0x0924, 
    0x0924, 0x0924, 0x0924, 0x0924, 0x0924, 0x0924, 0x0924, 0x0924, 0x0924, 0x0924, 0x0924, 0x0924, 
    0x0924, 0x0924, 0x0924, 0x0924, 0x0924, 0x0924, 0x0924, 0x0924, 0x0924, 0x0924, 0x0924, 0x0924, 
    0x0924, 0x0924, 0x0924, 0x0924, 0x0924, 0x0924, 0x0924, 0x0924, 0x0924, 0x0924, 0x0924, 0x0924, 
    0x0924, 0x0924, 0x0924, 0x0924, 0x0924, 0x0924, 0x0924, 0x0924, 0x0924, 0x0924, 0x0924, 0x0924, 
    0x0924, 0x0924, 0x0924, 0x0924, 0x0924, 0x0924, 0x0924, 0x0924, 0x0924, 0x0924, 0x0924, 0x0924, 
    0x0924, 0x0924, 0x0924, 0x0924, 0x0924, 0x0924, 0x0924, 0x0924, 0x0924, 0x0924, 0x0924, 0x0924, 
    0x0924, 0x0924, 0x0924, 0x0924, 0x0924, 0x0924, 0x0924, 0x0924, 0x0924, 0x0924, 0x0924, 0x0924, 
    0x0924, 0x0924, 0x0924, 0x0924, 0x0924, 0x0924, 0x0924, 0x0924, 0x0924, 0x0924, 0x0924, 0x0924, 
    0x0924, 0x0924, 0x0924, 0x0924, 0x0924, 0x0924, 0x0924, 0x0924, 0x0924, 0x0924, 0x0924, 0x0924, 
    0x0924, 0x0924, 0x0924, 0x0924, 0x0924, 0x0924, 0x0924, 0x0924, 0x0924, 0x0924, 0x0924, 0x0924, 
    0x0924, 0x0924, 0x0924, 0x0924, 0x0924, 0x0924, 0x0924, 0x0924, 0x0924, 0x0924, 0x0924, 0x0924, 
    0x0924, 0x0924, 0x0924, 0x0924, 0x0924, 0x0924, 0x0924, 0x0924, 0x0924, 0x0924, 0x0924, 0x0924, 
    0x0924, 0x0924, 0x0924, 0x0924, 0x0924, 0x0924, 0x0924, 0x0924, 0x0924, 0x0924, 0x0924, 0x0924, 
    0x0924, 0x0924, 0x0924, 0x0924, 0x0924, 0x0924, 0x0924, 0x0924, 0x0924, 0x0924, 0x0924, 0x0924, 
    0x0924, 0x0924, 0x0924, 0x0924, 0x0924, 0x0924, 0x0924, 0x0924, 0x0924, 0x0924, 0x0924, 0x0924, 
    0x0924, 0x0924, 0x0924, 0x0924, 0x0924, 0x0924, 0x0924, 0x0924, 0x0924, 0x0924, 0x0924, 0x0924, 
    0x0924, 0x0924, 0x0924, 0x0924, 0x0924, 0x0924, 0x0924, 0x0924, 0x0924, 0x0924, 0x0924, 0x0924, 
    0x0924, 0x0924, 0x0924, 0x0924, 0x0924, 0x0924, 0x0924, 0x0924, 0x0924, 0x0924, 0x0924, 0x0924, 
    0x0924, 0x0924, 0x0924, 0x0924, 0x0924, 0x0924, 0x0924, 0x0924, 0x0924, 0x0924, 0x0924, 0x0924, 
    0x0924, 0x0924, 0x0924, 0x0924, 0x0924, 0x0924, 0x0924, 0x0924, 0x0924, 0x0924, 0x0924, 0x0924, 
    0x0924, 0x0924, 0x0924, 0x0924, 0x0924, 0x0924, 0x0924, 0x0924, 0x0924, 0x0924, 0x0924, 0x0924, 
    0x0924, 0x0924, 0x0924, 0x0924, 0x0924, 0x0924, 0x0924, 0x0924, 0x0924, 0x0924, 0x0924, 0x0924, 
    0x0924, 0x0924, 0x0924, 0x0924, 0x0924, 0x0924, 0x0924, 0x0924, 0x0924, 0x0924, 0x0924, 0x0924, 
    0x0924, 0x0924, 0x0924, 0x0924, 0x0924, 0x0924, 0x0924, 0x0924, 0x0924, 0x0924, 0x0924, 0x0924, 
    0x0924, 0x0924, 0x0924, 0x0924, 0x0924, 0x0924, 0x0924, 0x0924, 0x0924, 0x0924, 0x0924, 0x0924, 
    0x0924, 0x0924, 0x0924, 0x0924, 0x0924, 0x0924, 0x0924, 0x0924, 0x0924, 0x0924, 0x0924, 0x0924, 
    0x0924, 0x0924, 0x0924, 0x0924, 0x0924, 0x0924, 0x0924, 0x0924, 0x0924, 0x0924, 0x0924, 0x0924, 
    0x0924, 0x0924, 0x0924, 0x0924, 0x0924, 0x0924, 0x0924, 0x0924, 0x0924, 0x0924, 0x0924, 0x0924, 
    0x0924, 0x0924, 0x0924, 0x0924, 0x0924, 0x0924, 0x0924, 0x0924, 0x0924, 0x0924, 0x0924, 0x0924, 
    0x0924, 0x0924, 0x0924, 0x0924, 0x0924, 0x0924, 0x0924, 0x0924, 0x0924, 0x0924, 0x0924, 0x0924, 
    0x0924, 0x0924, 0x0924, 0x0924, 0x0924, 0x0924, 0x0924, 0x0924, 0x0924, 0x0924, 0x0924, 0x0924, 
    0x0924, 0x0924, 0x0924, 0x0924, 0x0924, 0x0924, 0x0924, 0x0924, 0x0924, 0x0924, 0x0924, 0x0924, 
    0x0924, 0x0924, 0x0924, 0x0924, 0x0924, 0x0924, 0x0924, 0x0924, 0x0924, 0x0924, 0x0924, 0x0924, 
    0x0924, 0x0924, 0x0924, 0x0924, 0x0924, 0x0924, 0x0924, 0x0924, 0x0924, 0x0924, 0x0924, 0x0924, 
    0x0924, 0x0924, 0x0924, 0x0924, 0x0924, 0x0924, 0x0924, 0x0924, 0x0924, 0x0924, 0x0924, 0x0924, 
    0x0924, 0x0924, 0x0924, 0x0924, 0x0924, 0x0924, 0x0924, 0x0924, 0x0924, 0x0924, 0x0924, 0x0924, 
    0x0924, 0x0924, 0x0924, 0x0924, 0x0924, 0x0924, 0x0924, 0x0924, 0x0924, 0x0924, 0x0924, 0x0924, 
    0x0924, 0x0924, 0x0924, 0x0924, 0x0924, 0x0924, 0x0924, 0x0924, 0x0924, 0x0924, 0x0924, 0x0924, 
    0x0924, 0x0924, 0x0924, 0x0924, 0x0924, 0x0924, 0x0924, 0x0924, 0x0924, 0x0924, 0x0924, 0x0924, 
    0x0924, 0x0924, 0x0924, 0x0924, 0x0924, 0x0924, 0x0924, 0x0924, 0x0924, 0x0924, 0x0924, 0x0924, 
    0x0924, 0x0924, 0x0924, 0x0924, 0x0924, 0x0924, 0x0924, 0x0924, 0x0924, 0x0924, 0x0924, 0x0924, 
    0x0924, 0x0924, 0x0924, 0x0924, 0x0924, 0x0924, 0x0924, 0x0924, 0x0924, 0x0924, 0x0924, 0x0924, 
    0x0924, 0x0924, 0x0924, 0x0924, 0x0924, 0x0924, 0x0924, 0x0924, 0x0924, 0x0924, 0x0924, 0x0924, 
    0x0924, 0x0924, 0x0924, 0x0924, 0x0924, 0x0924, 0x0924, 0x0924, 0x0924, 0x0924, 0x0924, 0x0924, 
    0x0924, 0x0924, 0x0924, 0x0924, 0x0924, 0x0924, 0x0924, 0x0924, 0x0924, 0x0924, 0x0924, 0x0924, 
    0x0924, 0x0924, 0x0924, 0x0924, 0x0924, 0x0924, 0x0924, 0x0924, 0x0924, 0x0924, 0x0924, 0x0924, 
    0x0924, 0x0924, 0x0924, 0x0924, 0x0924, 0x0924, 0x0924, 0x0924, 0x0924, 0x0924, 0x0924, 0x0924, 
    0x0924, 0x0924, 0x0924, 0x0924, 0x0924, 0x0924, 0x0924, 0x0924, 0x0924, 0x0924, 0x0924, 0x0924, 
    0x0924, 0x0924, 0x0924, 0x0924, 0x0924, 0x0924, 0x0924, 0x0924, 0x0924, 0x0924, 0x0924, 0x0924, 
    0x0924, 0x0924, 0x0924, 0x0924, 0x0924, 0x0924, 0x0924, 0x0924, 0x0924, 0x0924, 0x0924, 0x0924, 
    0x0924, 0x0924, 0x0924, 0x0924, 0x0924, 0x0924, 0x0924, 0x0924, 0x0924, 0x0924, 0x0924, 0x0924, 
    0x0924, 0x0924, 0x0924, 0x0924, 0x0924, 0x0924, 0x0924, 0x0924, 0x0924, 0x0924, 0x0924, 0x0924, 
    0x0924, 0x0924, 0x0924, 0x0924, 0x0924, 0x0924, 0x0924, 0x0924, 0x0924, 0x0924, 0x0924, 0x0924, 
    0x0924, 0x0924, 0x0924, 0x0924, 0x0924, 0x0924, 0x0924, 0x0924, 0x0924, 0x0924, 0x0924, 0x0924, 
    0x0924, 0x0924, 0x0924, 0x0924, 0x0924, 0x0924, 0x0924, 0x0924, 0x0924, 0x0924, 0x0924, 0x0924, 
    0x0924, 0x0924, 0x0924, 0x0924, 0x0924, 0x0924, 0x0924, 0x0924, 0x0924, 0x0924, 0x0924, 0x0924, 
    0x0924, 0x0924, 0x0924, 0x0924, 0x0924, 0x0924, 0x0924, 0x0924, 0x0924, 0x0924, 0x0924, 0x0924, 
    0x0924, 0x0924, 0x0924, 0x0924, 0x0924, 0x0924, 0x0924, 0x0924, 0x0924, 0x0924, 0x0924, 0x0924, 
    0x0924, 0x0924, 0x0924, 0x0924, 0x0924, 0x0924, 0x0924, 0x0924, 0x0924, 0x0924, 0x0924, 0x0924, 
    0x0924, 0x0924, 0x0924, 0x0924, 0x0924, 0x0924, 0x0924, 0x0924, 0x0924, 0x0924, 0x0924, 0x0924, 
    0x0924, 0x0924, 0x0924, 0x0924, 0x0924, 0x0924, 0x0924, 0x0924, 0x0924, 0x0924, 0x0924, 0x0924, 
    0x0924, 0x0924, 0x0924, 0x0924, 0x0924, 0x0924, 0x0924, 0x0924, 0x0924, 0x0924, 0x0924, 0x0924, 
    0x0924, 0x0924, 0x0924, 0x0924, 0x0924, 0x0924, 0x0924, 0x0924, 0x0924, 0x0924, 0x0924, 0x0924, 
    0x0924, 0x0924, 0x0924, 0x0924, 0x0924, 0x0924, 0x0924, 0x0924, 0x0924, 0x0924, 0x0924, 0x0924, 
    0x0924, 0x0924, 0x0924, 0x0924, 0x0924, 0x0924, 0x0924, 0x0924, 0x0924, 0x0924, 0x0924, 0x0924, 
    0x0924, 0x0924, 0x0924, 0x0924, 0x0924, 0x0924, 0x0924, 0x0924, 0x0924, 0x0924, 0x0924, 0x0924, 
    0x0924, 0x0924, 0x0924, 0x0924, 0x0924, 0x0924, 0x0924, 0x0924, 0x0924, 0x0924, 0x0924, 0x0924, 
    0x0924, 0x0924, 0x0924, 0x0924, 0x0924, 0x0924, 0x0924, 0x0924, 0x0924, 0x0924, 0x0924, 0x0924, 
    0x0924, 0x0924, 0x0924, 0x0924, 0x0924, 0x0924, 0x0924, 0x0924, 0x0924, 0x0924, 0x0924, 0x0924, 
    0x0924, 0x0924, 0x0924, 0x0924, 0x0924, 0x0924, 0x0924, 0x0924, 0x0924, 0x0924, 0x0924, 0x0924, 
    0x0924, 0x0924, 0x0924, 0x0924, 0x0924, 0x0924, 0x0924, 0x0924, 0x0924, 0x0924, 0x0924, 0x0924, 
    0x0924, 0x0924, 0x0924, 0x0924, 0x0924, 0x0924, 0x0924, 0x0924, 0x0924, 0x0924, 0x0924, 0x0924, 
    0x0924, 0x0924, 0x0924, 0x0924, 0x0924, 0x0924, 0x0924, 0x0924, 0x0924, 0x0924, 0x0924, 0x0924, 
    0x0924, 0x0924, 0x0924, 0x0924, 0x0924, 0x0924, 0x0924, 0x0924, 0x0924, 0x0924, 0x0924, 0x0924, 
    0x0924, 0x0924, 0x0924, 0x0924, 0x0924, 0x0924, 0x0924, 0x0924, 0x0924, 0x0924, 0x0924, 0x0924, 
    0x0924, 0x0924, 0x0924, 0x0924, 0x0924, 0x0924, 0x0924, 0x0924, 0x0924, 0x0924, 0x0924, 0x0924, 
    0x0924, 0x0924, 0x0924, 0x0924, 0x0924, 0x0924, 0x0924, 0x0924, 0x0924, 0x0924, 0x0924, 0x0924, 
    0x0924, 0x0924, 0x0924, 0x0924, 0x0924, 0x0924, 0x0924, 0x0924, 0x0924, 0x0924, 0x0924, 0x0924, 
    0x0924, 0x0924, 0x0924, 0x0924, 0x0924, 0x0924, 0x0924, 0x0924, 0x0924, 0x0924, 0x0924, 0x0924, 
    0x0924, 0x0924, 0x0924, 0x0924, 0x0924, 0x0924, 0x0924, 0x0924, 0x0924, 0x0924, 0x0924, 0x0924, 
    0x0924, 0x0924, 0x0924, 0x0924, 0x0924, 0x0924, 0x0924, 0x0924, 0x0924, 0x0924, 0x0924, 0x0924, 
    0x0924, 0x0924, 0x0924, 0x0924, 0x0924, 0x0924, 0x0924, 0x0924, 0x0924, 0x0924, 0x0924, 0x0924, 
    0x0924, 0x0924, 0x0924, 0x0924, 0x0924, 0x0924, 0x0924, 0x0924, 0x0924, 0x0924, 0x0924, 0x0924, 
    0x0924, 0x0924, 0x0924, 0x0924, 0x0924, 0x0924, 0x0924, 0x0924, 0x0924, 0x0924, 0x0924, 0x0924, 
    0x0924, 0x0924, 0x0924, 0x0924, 0x0924, 0x0924, 0x0924, 0x0924, 0x0924, 0x0924, 0x0924, 0x0924, 
    0x0924, 0x0924, 0x0924, 0x0924, 0x0924, 0x0924, 0x0924, 0x0924, 0x0924, 0x0924, 0x0924, 0x0924, 
    0x0924, 0x0924, 0x0924, 0x0924, 0x0924, 0x0924, 0x0924, 0x0924, 0x0924, 0x0924, 0x0924, 0x0924, 
    0x0924, 0x0924, 0x0924, 0x0924, 0x0924, 0x0924, 0x0924, 0x0924, 0x0924, 0x0924, 0x0924, 0x0924, 
    0x0924, 0x0924, 0x0924, 0x0924, 0x0924, 0x0924, 0x0924, 0x0924, 0x0924, 0x0924, 0x0924, 0x0924, 
    0x0924, 0x0924, 0x0924, 0x0924, 0x0924, 0x0924, 0x0924, 0x0924, 0x0924, 0x0924, 0x0924, 0x0924, 
    0x0924, 0x0924, 0x0924, 0x0924, 0x0924, 0x0924, 0x0924, 0x0924, 0x0924, 0x0924, 0x0924, 0x0924, 
    0x0924, 0x0924, 0x0924, 0x0924, 0x0924, 0x0924, 0x0924, 0x0924, 0x0924, 0x0924, 0x0924, 0x0924, 
    0x0924, 0x0924, 0x0924, 0x0924, 0x0924, 0x0924, 0x0924, 0x0924, 0x0924, 0x0924, 0x0924, 0x0924, 
    0x0924, 0x0924, 0x0924, 0x0924, 0x0924, 0x0924, 0x0924, 0x0924, 0x0924, 0x0924, 0x0924, 0x0924, 
    0x0924, 0x0924, 0x0924, 0x0924, 0x0924, 0x0924, 0x0924, 0x0924, 0x0924, 0x0924, 0x0924, 0x0924, 
    0x0924, 0x0924, 0x0924, 0x0924, 0x0924, 0x0924, 0x0924, 0x0924, 0x0924, 0x0924, 0x0924, 0x0924, 
    0x0924, 0x0924, 0x0924, 0x0924, 0x0924, 0x0924, 0x0924, 0x0924, 0x0924, 0x0924, 0x0924, 0x0924, 
    0x0924, 0x0924, 0x0924, 0x0924, 0x0924, 0x0924, 0x0924, 0x0924, 0x0924, 0x0924, 0x0924, 0x0924, 
    0x0924, 0x0924, 0x0924, 0x0924, 0x0924, 0x0924, 0x0924, 0x0924, 0x0924, 0x0924, 0x0924, 0x0924, 
    0x0924, 0x0924, 0x0924, 0x0924, 0x0924, 0x0924, 0x0924, 0x0924, 0x0924, 0x0924, 0x0924, 0x0924, 
    0x0924, 0x0924, 0x0924, 0x0924, 0x0924, 0x0924, 0x0924, 0x0924, 0x0924, 0x0924, 0x0924, 0x0924, 
    0x0924, 0x0924, 0x0924, 0x0924, 0x0924, 0x0924, 0x0924, 0x0924, 0x0924, 0x0924, 0x0924, 0x0924, 
    0x0924, 0x0924, 0x0924, 0x0924, 0x0924, 0x0924, 0x0924, 0x0924, 0x0924, 0x0924, 0x0924, 0x0924, 
    0x0924, 0x0924, 0x0924, 0x0924, 0x0924, 0x0924, 0x0924, 0x0924, 0x0924, 0x0924, 0x0924, 0x0924, 
    0x0924, 0x0924, 0x0924, 0x0924, 0x0924, 0x0924, 0x0924, 0x0924, 0x0924, 0x0924, 0x0924, 0x0924, 
    0x0924, 0x0924, 0x0924, 0x0924, 0x0924, 0x0924, 0x0924, 0x0924, 0x0924, 0x0924, 0x0924, 0x0924, 
    0x0924, 0x0924, 0x0924, 0x0924, 0x0924, 0x0924, 0x0924, 0x0924, 0x0924, 0x0924, 0x0924, 0x0924, 
    0x0924, 0x0924, 0x0924, 0x0924, 0x0924, 0x0924, 0x0924, 0x0924, 0x0924, 0x0924, 0x0924, 0x0924, 
    0x0924, 0x0924, 0x0924, 0x0924, 0x0924, 0x0924, 0x0924, 0x0924, 0x0924, 0x0924, 0x0924, 0x0924, 
    0x0924, 0x0924, 0x0924, 0x0924, 0x0924, 0x0924, 0x0924, 0x0924, 0x0924, 0x0924, 0x0924, 0x0924, 
    0x0924, 0x0924, 0x0924, 0x0924, 0x0924, 0x0924, 0x0924, 0x0924, 0x0924, 0x0924, 0x0924, 0x0924, 
    0x0924, 0x0924, 0x0924, 0x0924, 0x0924, 0x0924, 0x0924, 0x0924, 0x0924, 0x0924, 0x0924, 0x0924, 
    0x0924, 0x0924, 0x0924, 0x0924, 0x0924, 0x0924, 0x0924, 0x0924, 0x0924, 0x0924, 0x0924, 0x0924, 
    0x0924, 0x0924, 0x0924, 0x0924, 0x0924, 0x0924, 0x0924, 0x0924, 0x0924, 0x0924, 0x0924, 0x0924, 
    0x0924, 0x0924, 0x0924, 0x0924, 0x0924, 0x0924, 0x0924, 0x0924, 0x0924, 0x0924, 0x0924, 0x0924, 
    0x0924, 0x0924, 0x0924, 0x0924, 0x0924, 0x0924, 0x0924, 0x0924, 0x0924, 0x0924, 0x0924, 0x0924, 
    0x0924, 0x0924, 0x0924, 0x0924, 0x0924, 0x0924, 0x0924, 0x0924, 0x0924, 0x0924, 0x0924, 0x0924, 
    0x0924, 0x0924, 0x0924, 0x0924, 0x0924, 0x0924, 0x0924, 0x0924, 0x0924, 0x0924, 0x0924, 0x0924, 
    0x0924, 0x0924, 0x0924, 0x0924, 0x0924, 0x0924, 0x0924, 0x0924, 0x0924, 0x0924, 0x0924, 0x0924, 
    0x0924, 0x0924, 0x0924, 0x0924, 0x0924, 0x0924, 0x0924, 0x0924, 0x0924, 0x0924, 0x0924, 0x0924, 
    0x0924, 0x0924, 0x0924, 0x0924, 0x0924, 0x0924, 0x0924, 0x0924, 0x0924, 0x0924, 0x0924, 0x0924, 
    0x0924, 0x0924, 0x0924, 0x0924, 0x0924, 0x0924, 0x0924, 0x0924, 0x0924, 0x0924, 0x0924, 0x0924, 
    0x0924, 0x0924, 0x0924, 0x0924, 0x0924, 0x0924, 0x0924, 0x0924, 0x0924, 0x0924, 0x0924, 0x0924, 
    0x0924, 0x0924, 0x0924, 0x0924, 0x0924, 0x0924, 0x0924, 0x0924, 0x0924, 0x0924, 0x0924, 0x0924, 
    0x0924, 0x0924, 0x0924, 0x0924, 0x0924, 0x0924, 0x0924, 0x0924, 0x0924, 0x0924, 0x0924, 0x0924, 
    0x0924, 0x0924, 0x0924, 0x0924, 0x0924, 0x0924, 0x0924, 0x0924, 0x0924, 0x0924, 0x0924, 0x0924, 
    0x0924, 0x0924, 0x0924, 0x0924, 0x0924, 0x0924, 0x0924, 0x0924, 0x0924, 0x0924, 0x0924, 0x0924, 
    0x0924, 0x0924, 0x0924, 0x0924, 0x0924, 0x0924, 0x0924, 0x0924, 0x0924, 0x0924, 0x0924, 0x0924, 
    0x0924, 0x0924, 0x0924, 0x0924, 0x0924, 0x0924, 0x0924, 0x0924, 0x0924, 0x0924, 0x0924, 0x0924, 
    0x0924, 0x0924, 0x0924, 0x0924, 0x0924, 0x0924, 0x0924, 0x0924, 0x0924, 0x0924, 0x0924, 0x0924, 
    0x0924, 0x0924, 0x0924, 0x0924, 0x0924, 0x0924, 0x0924, 0x0924, 0x0924, 0x0924, 0x0924, 0x0924, 
    0x0924, 0x0924, 0x0924, 0x0924, 0x0924, 0x0924, 0x0924, 0x0924, 0x0924, 0x0924, 0x0924, 0x0924, 
    0x0924, 0x0924, 0x0924, 0x0924, 0x0924, 0x0924, 0x0924, 0x0924, 0x0924, 0x0924, 0x0924, 0x0924, 
    0x0924, 0x0924, 0x0924, 0x0924, 0x0924, 0x0924, 0x0924, 0x0924, 0x0924, 0x0924, 0x0924, 0x0924, 
    0x0924, 0x0924, 0x0924, 0x0924, 0x0924, 0x0924, 0x0924, 0x0924, 0x0924, 0x0924, 0x0924, 0x0924, 
    0x0924, 0x0924, 0x0924, 0x0924, 0x0924, 0x0924, 0x0924, 0x0924, 0x0924, 0x0924, 0x0924, 0x0924, 
    0x0924, 0x0924, 0x0924, 0x0924, 0x0924, 0x0924, 0x0924, 0x0924, 0x0924, 0x0924, 0x0924, 0x0924, 
    0x0924, 0x0924, 0x0924, 0x0924, 0x0924, 0x0924, 0x0924, 0x0924, 0x0924, 0x0924, 0x0924, 0x0924, 
    0x0924, 0x0924, 0x0924, 0x0924, 0x0924, 0x0924, 0x0924, 0x0924, 0x0924, 0x0924, 0x0924, 0x0924, 
    0x0924, 0x0924, 0x0924, 0x0924, 0x0924, 0x0924, 0x0924, 0x0924, 0x0924, 0x0924, 0x0924, 0x0924, 
    0x0924, 0x0924, 0x0924, 0x0924, 0x0924, 0x0924, 0x0924, 0x0924, 0x0924, 0x0924, 0x0924, 0x0924, 
    0x0924, 0x0924, 0x0924, 0x0924, 0x0924, 0x0924, 0x0924, 0x0924, 0x0924, 0x0924, 0x0924, 0x0924, 
    0x0924, 0x0924, 0x0924, 0x0924, 0x0924, 0x0924, 0x0924, 0x0924, 0x0924, 0x0924, 0x0924, 0x0924, 
    0x0924, 0x0924, 0x0924, 0x0924, 0x0924, 0x0924, 0x0924, 0x0924, 0x0924, 0x0924, 0x0924, 0x0924, 
    0x0924, 0x0924, 0x0924, 0x0924, 0x0924, 0x0924, 0x0924, 0x0924, 0x0924, 0x0924, 0x0924, 0x0924, 
    0x0924, 0x0924, 0x0924, 0x0924, 0x0924, 0x0924, 0x0924, 0x0924, 0x0924, 0x0924, 0x0924, 0x0924, 
    0x0924, 0x0924, 0x0924, 0x0924, 0x0924, 0x0924, 0x0924, 0x0924, 0x0924, 0x0924, 0x0924, 0x0924, 
    0x0924, 0x0924, 0x0924, 0x0924, 0x0924, 0x0924, 0x0924, 0x0924, 0x0924, 0x0924, 0x0924, 0x0924, 
    0x0924, 0x0924, 0x0924, 0x0924, 0x0924, 0x0924, 0x0924, 0x0924, 0x0924, 0x0924, 0x0924, 0x0924, 
    
  },
  {
    0x0924, 0x0924, 0x0924, 0x0924, 0x0924, 0x0924, 0x0924, 0x0924, 0x0924, 0x0924, 0x0924, 0x0924, 
    0x0924, 0x0924, 0x0924, 0x0924, 0x0924, 0x0924, 0x0924, 0x0924, 0x0924, 0x0924, 0x0924, 0x0924, 
    0x0924, 0x0924, 0x0924, 0x0924, 0x0924, 0x0924, 0x0924, 0x0924, 0x0924, 0x0924, 0x0924, 0x0924, 
    0x0924, 0x0924, 0x0924, 0x0924, 0x0924, 0x0924, 0x0924, 0x0924, 0x0924, 0x0924, 0x0924, 0x0924, 
    0x0924, 0x0924, 0x0924, 0x0924, 0x0924, 0x0924, 0x0924, 0x0924, 0x0924, 0x0924, 0x0924, 0x0924, 
    0x0924, 0x0924, 0x0924, 0x0924, 0x0924, 0x0924, 0x0924, 0x0924, 0x0924, 0x0924, 0x0924, 0x0924, 
    0x0924, 0x0924, 0x0924, 0x0924, 0x0924, 0x0924, 0x0924, 0x0924, 0x0924, 0x0924, 0x0924, 0x0924, 
    0x0924, 0x0924, 0x0924, 0x0924, 0x0924, 0x0924, 0x0924, 0x0924, 0x0924, 0x0924, 0x0924, 0x0924, 
    0x0924, 0x0924, 0x0924, 0x0924, 0x0924, 0x0924, 0x0924, 0x0924, 0x0924, 0x0924, 0x0924, 0x0924, 
    0x0924, 0x0924, 0x0924, 0x0924, 0x0924, 0x0924, 0x0924, 0x0924, 0x0924, 0x0924, 0x0924, 0x0924, 
    0x0924, 0x0924, 0x0924, 0x0924, 0x0924, 0x0924, 0x0924, 0x0924, 0x0924, 0x0924, 0x0924, 0x0924, 
    0x0924, 0x0924, 0x0924, 0x0924, 0x0924, 0x0924, 0x0924, 0x0924, 0x0924, 0x0924, 0x0924, 0x0924, 
    0x0924, 0x0924, 0x0924, 0x0924, 0x0924, 0x0924, 0x0924, 0x0924, 0x0924, 0x0924, 0x0924, 0x0924, 
    0x0924, 0x0924, 0x0924, 0x0924, 0x0924, 0x0924, 0x0924, 0x0924, 0x0924, 0x0924, 0x0924, 0x0924, 
    0x0924, 0x0924, 0x0924, 0x0924, 0x0924, 0x0924, 0x0924, 0x0924, 0x0924, 0x0924, 0x0924, 0x0924, 
    0x0924, 0x0924, 0x0924, 0x0924, 0x0924, 0x0924, 0x0924, 0x0924, 0x0924, 0x0924, 0x0924, 0x0924, 
    0x0924, 0x0924, 0x0924, 0x0924, 0x0924, 0x0924, 0x0924, 0x0924, 0x0924, 0x0924, 0x0924, 0x0924, 
    0x0924, 0x0924, 0x0924, 0x0924, 0x0924, 0x0924, 0x0924, 0x0924, 0x0924, 0x0924, 0x0924, 0x0924, 
    0x0924, 0x0924, 0x0924, 0x0924, 0x0924, 0x0924, 0x0924, 0x0924, 0x0924, 0x0924, 0x0924, 0x0924, 
    0x0924, 0x0924, 0x0924, 0x0924, 0x0924, 0x0924, 0x0924, 0x0924, 0x0924, 0x0924, 0x0924, 0x0924, 
    0x0924, 0x0924, 0x0924, 0x0924, 0x0924, 0x0924, 0x0924, 0x0924, 0x0924, 0x0924, 0x0924, 0x0924, 
    0x0924, 0x0924, 0x0924, 0x0924, 0x0924, 0x0924, 0x0924, 0x0924, 0x0924, 0x0924, 0x0924, 0x0924, 
    0x0924, 0x0924, 0x0924, 0x0924, 0x0924, 0x0924, 0x0924, 0x0924, 0x0924, 0x0924, 0x0924, 0x0924, 
    0x0924, 0x0924, 0x0924, 0x0924, 0x0924, 0x0924, 0x0924, 0x0924, 0x0924, 0x0924, 0x0924, 0x0924, 
    0x0924, 0x0924, 0x0924, 0x0924, 0x0924, 0x0924, 0x0924, 0x0924, 0x0924, 0x0924, 0x0924, 0x0924, 
    0x0924, 0x0924, 0x0924, 0x0924, 0x0924, 0x0924, 0x0924, 0x0924, 0x0924, 0x0924, 0x0924, 0x0924, 
    0x0924, 0x0924, 0x0924, 0x0924, 0x0924, 0x0924, 0x0924, 0x0924, 0x0924, 0x0924, 0x0924, 0x0924, 
    0x0924, 0x0924, 0x0924, 0x0924, 0x0924, 0x0924, 0x0924, 0x0924, 0x0924, 0x0924, 0x0924, 0x0924, 
    0x0924, 0x0924, 0x0924, 0x0924, 0x0924, 0x0924, 0x0924, 0x0924, 0x0924, 0x0924, 0x0924, 0x0924, 
    0x0924, 0x0924, 0x0924, 0x0924, 0x0924, 0x0924, 0x0924, 0x0924, 0x0924, 0x0924, 0x0924, 0x0924, 
    0x0924, 0x0924, 0x0924, 0x0924, 0x0924, 0x0924, 0x0924, 0x0924, 0x0924, 0x0924, 0x0924, 0x0924, 
    0x0924, 0x0924, 0x0924, 0x0924, 0x0924, 0x0924, 0x0924, 0x0924, 0x0924, 0x0924, 0x0924, 0x0924, 
    0x0924, 0x0924, 0x0924, 0x0924, 0x0924, 0x0924, 0x0924, 0x0924, 0x0924, 0x0924, 0x0924, 0x0924, 
    0x0924, 0x0924, 0x0924, 0x0924, 0x0924, 0x0924, 0x0924, 0x0924, 0x0924, 0x0924, 0x0924, 0x0924, 
    0x0924, 0x0924, 0x0924, 0x0924, 0x0924, 0x0924, 0x0924, 0x0924, 0x0924, 0x0924, 0x0924, 0x0924, 
    0x0924, 0x0924, 0x0924, 0x0924, 0x0924, 0x0924, 0x0924, 0x0924, 0x0924, 0x0924, 0x0924, 0x0924, 
    0x0924, 0x0924, 0x0924, 0x0924, 0x0924, 0x0924, 0x0924, 0x0924, 0x0924, 0x0924, 0x0924, 0x0924, 
    0x0924, 0x0924, 0x0924, 0x0924, 0x0924, 0x0924, 0x0924, 0x0924, 0x0924, 0x0924, 0x0924, 0x0924, 
    0x0924, 0x0924, 0x0924, 0x0924, 0x0924, 0x0924, 0x0924, 0x0924, 0x0924, 0x0924, 0x0924, 0x0924, 
    0x0924, 0x0924, 0x0924, 0x0924, 0x0924, 0x0924, 0x0924, 0x0924, 0x0924, 0x0924, 0x0924, 0x0924, 
    0x0924, 0x0924, 0x0924, 0x0924, 0x0924, 0x0924, 0x0924, 0x0924, 0x0924, 0x0924, 0x0924, 0x0924, 
    0x0924, 0x0924, 0x0924, 0x0924, 0x0924, 0x0924, 0x0924, 0x0924, 0x0924, 0x0924, 0x0924, 0x0924, 
    0x0924, 0x0924, 0x0924, 0x0924, 0x0924, 0x0924, 0x0924, 0x0924, 0x0924, 0x0924, 0x0924, 0x0924, 
    0x0924, 0x0924, 0x0924, 0x0924, 0x0924, 0x0924, 0x0924, 0x0924, 0x0924, 0x0924, 0x0924, 0x0924, 
    0x0924, 0x0924, 0x0924, 0x0924, 0x0924, 0x0924, 0x0924, 0x0924, 0x0924, 0x0924, 0x0924, 0x0924, 
    0x0924, 0x0924, 0x0924, 0x0924, 0x0924, 0x0924, 0x0924, 0x0924, 0x0924, 0x0924, 0x0924, 0x0924, 
    0x0924, 0x0924, 0x0924, 0x0924, 0x0924, 0x0924, 0x0924, 0x0924, 0x0924, 0x0924, 0x0924, 0x0924, 
    0x0924, 0x0924, 0x0924, 0x0924, 0x0924, 0x0924, 0x0924, 0x0924, 0x0924, 0x0924, 0x0924, 0x0924, 
    0x0924, 0x0924, 0x0924, 0x0924, 0x0924, 0x0924, 0x0924, 0x0924, 0x0924, 0x0924, 0x0924, 0x0924, 
    0x0924, 0x0924, 0x0924, 0x0924, 0x0924, 0x0924, 0x0924, 0x0924, 0x0924, 0x0924, 0x0924, 0x0924, 
    0x0924, 0x0924, 0x0924, 0x0924, 0x0924, 0x0924, 0x0924, 0x0924, 0x0924, 0x0924, 0x0924, 0x0924, 
    0x0924, 0x0924, 0x0924, 0x0924, 0x0924, 0x0924, 0x0924, 0x0924, 0x0924, 0x0924, 0x0924, 0x0924, 
    0x0924, 0x0924, 0x0924, 0x0924, 0x0924, 0x0924, 0x0924, 0x0924, 0x0924, 0x0924, 0x0924, 0x0924, 
    0x0924, 0x0924, 0x0924, 0x0924, 0x0924, 0x0924, 0x0924, 0x0924, 0x0924, 0x0924, 0x0924, 0x0924, 
    0x0924, 0x0924, 0x0924, 0x0924, 0x0924, 0x0924, 0x0924, 0x0924, 0x0924, 0x0924, 0x0924, 0x0924, 
    0x0924, 0x0924, 0x0924, 0x0924, 0x0924, 0x0924, 0x0924, 0x0924, 0x0924, 0x0924, 0x0924, 0x0924, 
    0x0924, 0x0924, 0x0924, 0x0924, 0x0924, 0x0924, 0x0924, 0x0924, 0x0924, 0x0924, 0x0924, 0x0924, 
    0x0924, 0x0924, 0x0924, 0x0924, 0x0924, 0x0924, 0x0924, 0x0924, 0x0924, 0x0924, 0x0924, 0x0924, 
    0x0924, 0x0924, 0x0924, 0x0924, 0x0924, 0x0924, 0x0924, 0x0924, 0x0924, 0x0924, 0x0924, 0x0924, 
    0x0924, 0x0924, 0x0924, 0x0924, 0x0924, 0x0924, 0x0924, 0x0924, 0x0924, 0x0924, 0x0924, 0x0924, 
    0x0924, 0x0924, 0x0924, 0x0924, 0x0924, 0x0924, 0x0924, 0x0924, 0x0924, 0x0924, 0x0924, 0x0924, 
    0x0924, 0x0924, 0x0924, 0x0924, 0x0924, 0x0924, 0x0924, 0x0924, 0x0924, 0x0924, 0x0924, 0x0924, 
    0x0924, 0x0924, 0x0924, 0x0924, 0x0924, 0x0924, 0x0924, 0x0924, 0x0924, 0x0924, 0x0924, 0x0924, 
    0x0924, 0x0924, 0x0924, 0x0924, 0x0924, 0x0924, 0x0924, 0x0924, 0x0924, 0x0924, 0x0924, 0x0924, 
    0x0924, 0x0924, 0x0924, 0x0924, 0x0924, 0x0924, 0x0924, 0x0924, 0x0924, 0x0924, 0x0924, 0x0924, 
    0x0924, 0x0924, 0x0924, 0x0924, 0x0924, 0x0924, 0x0924, 0x0924, 0x0924, 0x0924, 0x0924, 0x0924, 
    0x0924, 0x0924, 0x0924, 0x0924, 0x0924, 0x0924, 0x0924, 0x0924, 0x0924, 0x0924, 0x0924, 0x0924, 
    0x0924, 0x0924, 0x0924, 0x0924, 0x0924, 0x0924, 0x0924, 0x0924, 0x0924, 0x0924, 0x0924, 0x0924, 
    0x0924, 0x0924, 0x0924, 0x0924, 0x0924, 0x0924, 0x0924, 0x0924, 0x0924, 0x0924, 0x0924, 0x0924, 
    0x0924, 0x0924, 0x0924, 0x0924, 0x0924, 0x0924, 0x0924, 0x0924, 0x0924, 0x0924, 0x0924, 0x0924, 
    0x0924, 0x0924, 0x0924, 0x0924, 0x0924, 0x0924, 0x0924, 0x0924, 0x0924, 0x0924, 0x0924, 0x0924, 
    0x0924, 0x0924, 0x0924, 0x0924, 0x0924, 0x0924, 0x0924, 0x0924, 0x0924, 0x0924, 0x0924, 0x0924, 
    0x0924, 0x0924, 0x0924, 0x0924, 0x0924, 0x0924, 0x0924, 0x0924, 0x0924, 0x0924, 0x0924, 0x0924, 
    0x0924, 0x0924, 0x0924, 0x0924, 0x0924, 0x0924, 0x0924, 0x0924, 0x0924, 0x0924, 0x0924, 0x0924, 
    0x0924, 0x0924, 0x0924, 0x0924, 0x0924, 0x0924, 0x0924, 0x0924, 0x0924, 0x0924, 0x0924, 0x0924, 
    0x0924, 0x0924, 0x0924, 0x0924, 0x0924, 0x0924, 0x0924, 0x0924, 0x0924, 0x0924, 0x0924, 0x0924, 
    0x0924, 0x0924, 0x0924, 0x0924, 0x0924, 0x0924, 0x0924, 0x0924, 0x0924, 0x0924, 0x0924, 0x0924, 
    0x0924, 0x0924, 0x0924, 0x0924, 0x0924, 0x0924, 0x0924, 0x0924, 0x0924, 0x0924, 0x0924, 0x0924, 
    0x0924, 0x0924, 0x0924, 0x0924, 0x0924, 0x0924, 0x0924, 0x0924, 0x0924, 0x0924, 0x0924, 0x0924, 
    0x0924, 0x0924, 0x0924, 0x0924, 0x0924, 0x0924, 0x0924, 0x0924, 0x0924, 0x0924, 0x0924, 0x0924, 
    0x0924, 0x0924, 0x0924, 0x0924, 0x0924, 0x0924, 0x0924, 0x0924, 0x0924, 0x0924, 0x0924, 0x0924, 
    0x0924, 0x0924, 0x0924, 0x0924, 0x0924, 0x0924, 0x0924, 0x0924, 0x0924, 0x0924, 0x0924, 0x0924, 
    0x0924, 0x0924, 0x0924, 0x0924, 0x0924, 0x0924, 0x0924, 0x0924, 0x0924, 0x0924, 0x0924, 0x0924, 
    0x0924, 0x0924, 0x0924, 0x0924, 0x0924, 0x0924, 0x0924, 0x0924, 0x0924, 0x0924, 0x0924, 0x0924, 
    0x0924, 0x0924, 0x0924, 0x0924, 0x0924, 0x0924, 0x0924, 0x0924, 0x0924, 0x0924, 0x0924, 0x0924, 
    0x0924, 0x0924, 0x0924, 0x0924, 0x0924, 0x0924, 0x0924, 0x0924, 0x0924, 0x0924, 0x0924, 0x0924, 
    0x0924, 0x0924, 0x0924, 0x0924, 0x0924, 0x0924, 0x0924, 0x0924, 0x0924, 0x0924, 0x0924, 0x0924, 
    0x0924, 0x0924, 0x0924, 0x0924, 0x0924, 0x0924, 0x0924, 0x0924, 0x0924, 0x0924, 0x0924, 0x0924, 
    0x0924, 0x0924, 0x0924, 0x0924, 0x0924, 0x0924, 0x0924, 0x0924, 0x0924, 0x0924, 0x0924, 0x0924, 
    0x0924, 0x0924, 0x0924, 0x0924, 0x0924, 0x0924, 0x0924, 0x0924, 0x0924, 0x0924, 0x0924, 0x0924, 
    0x0924, 0x0924, 0x0924, 0x0924, 0x0924, 0x0924, 0x0924, 0x0924, 0x0924, 0x0924, 0x0924, 0x0924, 
    0x0924, 0x0924, 0x0924, 0x0924, 0x0924, 0x0924, 0x0924, 0x0924, 0x0924, 0x0924, 0x0924, 0x0924, 
    0x0924, 0x0924, 0x0924, 0x0924, 0x0924, 0x0924, 0x0924, 0x0924, 0x0924, 0x0924, 0x0924, 0x0924, 
    0x0924, 0x0924, 0x0924, 0x0924, 0x0924, 0x0924, 0x0924, 0x0924, 0x0924, 0x0924, 0x0924, 0x0924, 
    0x0924, 0x0924, 0x0924, 0x0924, 0x0924, 0x0924, 0x0924, 0x0924, 0x0924, 0x0924, 0x0924, 0x0924, 
    0x0924, 0x0924, 0x0924, 0x0924, 0x0924, 0x0924, 0x0924, 0x0924, 0x0924, 0x0924, 0x0924, 0x0924, 
    0x0924, 0x0924, 0x0924, 0x0924, 0x0924, 0x0924, 0x0924, 0x0924, 0x0924, 0x0924, 0x0924, 0x0924, 
    0x0924, 0x0924, 0x0924, 0x0924, 0x0924, 0x0924, 0x0924, 0x0924, 0x0924, 0x0924, 0x0924, 0x0924, 
    0x0924, 0x0924, 0x0924, 0x0924, 0x0924, 0x0924, 0x0924, 0x0924, 0x0924, 0x0924, 0x0924, 0x0924, 
    0x0924, 0x0924, 0x0924, 0x0924, 0x0924, 0x0924, 0x0924, 0x0924, 0x0924, 0x0924, 0x0924, 0x0924, 
    0x0924, 0x0924, 0x0924, 0x0924, 0x0924, 0x0924, 0x0924, 0x0924, 0x0924, 0x0924, 0x0924, 0x0924, 
    0x0924, 0x0924, 0x0924, 0x0924, 0x0924, 0x0924, 0x0924, 0x0924, 0x0924, 0x0924, 0x0924, 0x0924, 
    0x0924, 0x0924, 0x0924, 0x0924, 0x0924, 0x0924, 0x0924, 0x0924, 0x0924, 0x0924, 0x0924, 0x0924, 
    0x0924, 0x0924, 0x0924, 0x0924, 0x0924, 0x0924, 0x0924, 0x0924, 0x0924, 0x0924, 0x0924, 0x0924, 
    0x0924, 0x0924, 0x0924, 0x0924, 0x0924, 0x0924, 0x0924, 0x0924, 0x0924, 0x0924, 0x0924, 0x0924, 
    0x0924, 0x0924, 0x0924, 0x0924, 0x0924, 0x0924, 0x0924, 0x0924, 0x0924, 0x0924, 0x0924, 0x0924, 
    0x0924, 0x0924, 0x0924, 0x0924, 0x0924, 0x0924, 0x0924, 0x0924, 0x0924, 0x0924, 0x0924, 0x0924, 
    0x0924, 0x0924, 0x0924, 0x0924, 0x0924, 0x0924, 0x0924, 0x0924, 0x0924, 0x0924, 0x0924, 0x0924, 
    0x0924, 0x0924, 0x0924, 0x0924, 0x0924, 0x0924, 0x0924, 0x0924, 0x0924, 0x0924, 0x0924, 0x0924, 
    0x0924, 0x0924, 0x0924, 0x0924, 0x0924, 0x0924, 0x0924, 0x0924, 0x0924, 0x0924, 0x0924, 0x0924, 
    0x0924, 0x0924, 0x0924, 0x0924, 0x0924, 0x0924, 0x0924, 0x0924, 0x0924, 0x0924, 0x0924, 0x0924, 
    0x0924, 0x0924, 0x0924, 0x0924, 0x0924, 0x0924, 0x0924, 0x0924, 0x0924, 0x0924, 0x0924, 0x0924, 
    0x0924, 0x0924, 0x0924, 0x0924, 0x0924, 0x0924, 0x0924, 0x0924, 0x0924, 0x0924, 0x0924, 0x0924, 
    0x0924, 0x0924, 0x0924, 0x0924, 0x0924, 0x0924, 0x0924, 0x0924, 0x0924, 0x0924, 0x0924, 0x0924, 
    0x0924, 0x0924, 0x0924, 0x0924, 0x0924, 0x0924, 0x0924, 0x0924, 0x0924, 0x0924, 0x0924, 0x0924, 
    0x0924, 0x0924, 0x0924, 0x0924, 0x0924, 0x0924, 0x0924, 0x0924, 0x0924, 0x0924, 0x0924, 0x0924, 
    0x0924, 0x0924, 0x0924, 0x0924, 0x0924, 0x0924, 0x0924, 0x0924, 0x0924, 0x0924, 0x0924, 0x0924, 
    0x0924, 0x0924, 0x0924, 0x0924, 0x0924, 0x0924, 0x0924, 0x0924, 0x0924, 0x0924, 0x0924, 0x0924, 
    0x0924, 0x0924, 0x0924, 0x0924, 0x0924, 0x0924, 0x0924, 0x0924, 0x0924, 0x0924, 0x0924, 0x0924, 
    0x0924, 0x0924, 0x0924, 0x0924, 0x0924, 0x0924, 0x0924, 0x0924, 0x0924, 0x0924, 0x0924, 0x0924, 
    0x0924, 0x0924, 0x0924, 0x0924, 0x0924, 0x0924, 0x0924, 0x0924, 0x0924, 0x0924, 0x0924, 0x0924, 
    0x0924, 0x0924, 0x0924, 0x0924, 0x0924, 0x0924, 0x0924, 0x0924, 0x0924, 0x0924, 0x0924, 0x0924, 
    0x0924, 0x0924, 0x0924, 0x0924, 0x0924, 0x0924, 0x0924, 0x0924, 0x0924, 0x0924, 0x0924, 0x0924, 
    0x0924, 0x0924, 0x0924, 0x0924, 0x0924, 0x0924, 0x0924, 0x0924, 0x0924, 0x0924, 0x0924, 0x0924, 
    0x0924, 0x0924, 0x0924, 0x0924, 0x0924, 0x0924, 0x0924, 0x0924, 0x0924, 0x0924, 0x0924, 0x0924, 
    0x0924, 0x0924, 0x0924, 0x0924, 0x0924, 0x0924, 0x0924, 0x0924, 0x0924, 0x0924, 0x0924, 0x0924, 
    0x0924, 0x0924, 0x0924, 0x0924, 0x0924, 0x0924, 0x0924, 0x0924, 0x0924, 0x0924, 0x0924, 0x0924, 
    0x0924, 0x0924, 0x0924, 0x0924, 0x0924, 0x0924, 0x0924, 0x0924, 0x0924, 0x0924, 0x0924, 0x0924, 
    0x0924, 0x0924, 0x0924, 0x0924, 0x0924, 0x0924, 0x0924, 0x0924, 0x0924, 0x0924, 0x0924, 0x0924, 
    0x0924, 0x0924, 0x0924, 0x0924, 0x0924, 0x0924, 0x0924, 0x0924, 0x0924, 0x0924, 0x0924, 0x0924, 
    0x0924, 0x0924, 0x0924, 0x0924, 0x0924, 0x0924, 0x0924, 0x0924, 0x0924, 0x0924, 0x0924, 0x0924, 
    0x0924, 0x0924, 0x0924, 0x0924, 0x0924, 0x0924, 0x0924, 0x0924, 0x0924, 0x0924, 0x0924, 0x0924, 
    0x0924, 0x0924, 0x0924, 0x0924, 0x0924, 0x0924, 0x0924, 0x0924, 0x0924, 0x0924, 0x0924, 0x0924, 
    0x0924, 0x0924, 0x0924, 0x0924, 0x0924, 0x0924, 0x0924, 0x0924, 0x0924, 0x0924, 0x0924, 0x0924, 
    0x0924, 0x0924, 0x0924, 0x0924, 0x0924, 0x0924, 0x0924, 0x0924, 0x0924, 0x0924, 0x0924, 0x0924, 
    0x0924, 0x0924, 0x0924, 0x0924, 0x0924, 0x0924, 0x0924, 0x0924, 0x0924, 0x0924, 0x0924, 0x0924, 
    0x0924, 0x0924, 0x0924, 0x0924, 0x0924, 0x0924, 0x0924, 0x0924, 0x0924, 0x0924, 0x0924, 0x0924, 
    0x0924, 0x0924, 0x0924, 0x0924, 0x0924, 0x0924, 0x0924, 0x0924, 0x0924, 0x0924, 0x0924, 0x0924, 
    0x0924, 0x0924, 0x0924, 0x0924, 0x0924, 0x0924, 0x0924, 0x0924, 0x0924, 0x0924, 0x0924, 0x0924, 
    0x0924, 0x0924, 0x0924, 0x0924, 0x0924, 0x0924, 0x0924, 0x0924, 0x0924, 0x0924, 0x0924, 0x0924, 
    0x0924, 0x0924, 0x0924, 0x0924, 0x0924, 0x0924, 0x0924, 0x0924, 0x0924, 0x0924, 0x0924, 0x0924, 
    0x0924, 0x0924, 0x0924, 0x0924, 0x0924, 0x0924, 0x0924, 0x0924, 0x0924, 0x0924, 0x0924, 0x0924, 
    0x0924, 0x0924, 0x0924, 0x0924, 0x0924, 0x0924, 0x0924, 0x0924, 0x0924, 0x0924, 0x0924, 0x0924, 
    0x0924, 0x0924, 0x0924, 0x0924, 0x0924, 0x0924, 0x0924, 0x0924, 0x0924, 0x0924, 0x0924, 0x0924, 
    0x0924, 0x0924, 0x0924, 0x0924, 0x0924, 0x0924, 0x0924, 0x0924, 0x0924, 0x0924, 0x0924, 0x0924, 
    0x0924, 0x0924, 0x0924, 0x0924, 0x0924, 0x0924, 0x0924, 0x0924, 0x0924, 0x0924, 0x0924, 0x0924, 
    0x0924, 0x0924, 0x0924, 0x0924, 0x0924, 0x0924, 0x0924, 0x0924, 0x0924, 0x0924, 0x0924, 0x0924, 
    0x0924, 0x0924, 0x0924, 0x0924, 0x0924, 0x0924, 0x0924, 0x0924, 0x0924, 0x0924, 0x0924, 0x0924, 
    0x0924, 0x0924, 0x0924, 0x0924, 0x0924, 0x0924, 0x0924, 0x0924, 0x0924, 0x0924, 0x0924, 0x0924, 
    0x0924, 0x0924, 0x0924, 0x0924, 0x0924, 0x0924, 0x0924, 0x0924, 0x0924, 0x0924, 0x0924, 0x0924, 
    0x0924, 0x0924, 0x0924, 0x0924, 0x0924, 0x0924, 0x0924, 0x0924, 0x0924, 0x0924, 0x0924, 0x0924, 
    0x0924, 0x0924, 0x0924, 0x0924, 0x0924, 0x0924, 0x0924, 0x0924, 0x0924, 0x0924, 0x0924, 0x0924, 
    0x0924, 0x0924, 0x0924, 0x0924, 0x0924, 0x0924, 0x0924, 0x0924, 0x0924, 0x0924, 0x0924, 0x0924, 
    0x0924, 0x0924, 0x0924, 0x0924, 0x0924, 0x0924, 0x0924, 0x0924, 0x0924, 0x0924, 0x0924, 0x0924, 
    0x0924, 0x0924, 0x0924, 0x0924, 0x0924, 0x0924, 0x0924, 0x0924, 0x0924, 0x0924, 0x0924, 0x0924, 
    0x0924, 0x0924, 0x0924, 0x0924, 0x0924, 0x0924, 0x0924, 0x0924, 0x0924, 0x0924, 0x0924, 0x0924, 
    0x0924, 0x0924, 0x0924, 0x0924, 0x0924, 0x0924, 0x0924, 0x0924, 0x0924, 0x0924, 0x0924, 0x0924, 
    0x0924, 0x0924, 0x0924, 0x0924, 0x0924, 0x0924, 0x0924, 0x0924, 0x0924, 0x0924, 0x0924, 0x0924, 
    0x0924, 0x0924, 0x0924, 0x0924, 0x0924, 0x0924, 0x0924, 0x0924, 0x0924, 0x0924, 0x0924, 0x0924, 
    0x0924, 0x0924, 0x0924, 0x0924, 0x0924, 0x0924, 0x0924, 0x0924, 0x0924, 0x0924, 0x0924, 0x0924, 
    0x0924, 0x0924, 0x0924, 0x0924, 0x0924, 0x0924, 0x0924, 0x0924, 0x0924, 0x0924, 0x0924, 0x0924, 
    0x0924, 0x0924, 0x0924, 0x0924, 0x0924, 0x0924, 0x0924, 0x0924, 0x0924, 0x0924, 0x0924, 0x0924, 
    0x0924, 0x0924, 0x0924, 0x0924, 0x0924, 0x0924, 0x0924, 0x0924, 0x0924, 0x0924, 0x0924, 0x0924, 
    0x0924, 0x0924, 0x0924, 0x0924, 0x0924, 0x0924, 0x0924, 0x0924, 0x0924, 0x0924, 0x0924, 0x0924, 
    0x0924, 0x0924, 0x0924, 0x0924, 0x0924, 0x0924, 0x0924, 0x0924, 0x0924, 0x0924, 0x0924, 0x0924, 
    0x0924, 0x0924, 0x0924, 0x0924, 0x0924, 0x0924, 0x0924, 0x0924, 0x0924, 0x0924, 0x0924, 0x0924, 
    0x0924, 0x0924, 0x0924, 0x0924, 0x0924, 0x0924, 0x0924, 0x0924, 0x0924, 0x0924, 0x0924, 0x0924, 
    0x0924, 0x0924, 0x0924, 0x0924, 0x0924, 0x0924, 0x0924, 0x0924, 0x0924, 0x0924, 0x0924, 0x0924, 
    0x0924, 0x0924, 0x0924, 0x0924, 0x0924, 0x0924, 0x0924, 0x0924, 0x0924, 0x0924, 0x0924, 0x0924, 
    0x0924, 0x0924, 0x0924, 0x0924, 0x0924, 0x0924, 0x0924, 0x0924, 0x0924, 0x0924, 0x0924, 0x0924, 
    0x0924, 0x0924, 0x0924, 0x0924, 0x0924, 0x0924, 0x0924, 0x0924, 0x0924, 0x0924, 0x0924, 0x0924, 
    0x0924, 0x0924, 0x0924, 0x0924, 0x0924, 0x0924, 0x0924, 0x0924, 0x0924, 0x0924, 0x0924, 0x0924, 
    0x0924, 0x0924, 0x0924, 0x0924, 0x0924, 0x0924, 0x0924, 0x0924, 0x0924, 0x0924, 0x0924, 0x0924, 
    0x0924, 0x0924, 0x0924, 0x0924, 0x0924, 0x0924, 0x0924, 0x0924, 0x0924, 0x0924, 0x0924, 0x0924, 
    0x0924, 0x0924, 0x0924, 0x0924, 0x0924, 0x0924, 0x0924, 0x0924, 0x0924, 0x0924, 0x0924, 0x0924, 
    0x0924, 0x0924, 0x0924, 0x0924, 0x0924, 0x0924, 0x0924, 0x0924, 0x0924, 0x0924, 0x0924, 0x0924, 
    0x0924, 0x0924, 0x0924, 0x0924, 0x0924, 0x0924, 0x0924, 0x0924, 0x0924, 0x0924, 0x0924, 0x0924, 
    0x0924, 0x0924, 0x0924, 0x0924, 0x0924, 0x0924, 0x0924, 0x0924, 0x0924, 0x0924, 0x0924, 0x0924, 
    0x0924, 0x0924, 0x0924, 0x0924, 0x0924, 0x0924, 0x0924, 0x0924, 0x0924, 0x0924, 0x0924, 0x0924, 
    0x0924, 0x0924, 0x0924, 0x0924, 0x0924, 0x0924, 0x0924, 0x0924, 0x0924, 0x0924, 0x0924, 0x0924, 
    0x0924, 0x0924, 0x0924, 0x0924, 0x0924, 0x0924, 0x0924, 0x0924, 0x0924, 0x0924, 0x0924, 0x0924, 
    0x0924, 0x0924, 0x0924, 0x0924, 0x0924, 0x0924, 0x0924, 0x0924, 0x0924, 0x0924, 0x0924, 0x0924, 
    0x0924, 0x0924, 0x0924, 0x0924, 0x0924, 0x0924, 0x0924, 0x0924, 0x0924, 0x0924, 0x0924, 0x0924, 
    0x0924, 0x0924, 0x0924, 0x0924, 0x0924, 0x0924, 0x0924, 0x0924, 0x0924, 0x0924, 0x0924, 0x0924, 
    0x0924, 0x0924, 0x0924, 0x0924, 0x0924, 0x0924, 0x0924, 0x0924, 0x0924, 0x0924, 0x0924, 0x0924, 
    0x0924, 0x0924, 0x0924, 0x0924, 0x0924, 0x0924, 0x0924, 0x0924, 0x0924, 0x0924, 0x0924, 0x0924, 
    0x0924, 0x0924, 0x0924, 0x0924, 0x0924, 0x0924, 0x0924, 0x0924, 0x0924, 0x0924, 0x0924, 0x0924, 
    0x0924, 0x0924, 0x0924, 0x0924, 0x0924, 0x0924, 0x0924, 0x0924, 0x0924, 0x0924, 0x0924, 0x0924, 
    0x0924, 0x0924, 0x0924, 0x0924, 0x0924, 0x0924, 0x0924, 0x0924, 0x0924, 0x0924, 0x0924, 0x0924, 
    0x0924, 0x0924, 0x0924, 0x0924, 0x0924, 0x0924, 0x0924, 0x0924, 0x0924, 0x0924, 0x0924, 0x0924, 
    0x0924, 0x0924, 0x0924, 0x0924, 0x0924, 0x0924, 0x0924, 0x0924, 0x0924, 0x0924, 0x0924, 0x0924, 
    0x0924, 0x0924, 0x0924, 0x0924, 0x0924, 0x0924, 0x0924, 0x0924, 0x0924, 0x0924, 0x0924, 0x0924, 
    0x0924, 0x0924, 0x0924, 0x0924, 0x0924, 0x0924, 0x0924, 0x0924, 0x0924, 0x0924, 0x0924, 0x0924, 
    0x0924, 0x0924, 0x0924, 0x0924, 0x0924, 0x0924, 0x0924, 0x0924, 0x0924, 0x0924, 0x0924, 0x0924, 
    0x0924, 0x0924, 0x0924, 0x0924, 0x0924, 0x0924, 0x0924, 0x0924, 0x0924, 0x0924, 0x0924, 0x0924, 
    0x0924, 0x0924, 0x0924, 0x0924, 0x0924, 0x0924, 0x0924, 0x0924, 0x0924, 0x0924, 0x0924, 0x0924, 
    0x0924, 0x0924, 0x0924, 0x0924, 0x0924, 0x0924, 0x0924, 0x0924, 0x0924, 0x0924, 0x0924, 0x0924, 
    0x0924, 0x0924, 0x0924, 0x0924, 0x0924, 0x0924, 0x0924, 0x0924, 0x0924, 0x0924, 0x0924, 0x0924, 
    0x0924, 0x0924, 0x0924, 0x0924, 0x0924, 0x0924, 0x0924, 0x0924, 0x0924, 0x0924, 0x0924, 0x0924, 
    0x0924, 0x0924, 0x0924, 0x0924, 0x0924, 0x0924, 0x0924, 0x0924, 0x0924, 0x0924, 0x0924, 0x0924, 
    0x0924, 0x0924, 0x0924, 0x0924, 0x0924, 0x0924, 0x0924, 0x0924, 0x0924, 0x0924, 0x0924, 0x0924, 
    0x0924, 0x0924, 0x0924, 0x0924, 0x0924, 0x0924, 0x0924, 0x0924, 0x0924, 0x0924, 0x0924, 0x0924, 
    0x0924, 0x0924, 0x0924, 0x0924, 0x0924, 0x0924, 0x0924, 0x0924, 0x0924, 0x0924, 0x0924, 0x0924, 
    0x0924, 0x0924, 0x0924, 0x0924, 0x0924, 0x0924, 0x0924, 0x0924, 0x0924, 0x0924, 0x0924, 0x0924, 
    0x0924, 0x0924, 0x0924, 0x0924, 0x0924, 0x0924, 0x0924, 0x0924, 0x0924, 0x0924, 0x0924, 0x0924, 
    0x0924, 0x0924, 0x0924, 0x0924, 0x0924, 0x0924, 0x0924, 0x0924, 0x0924, 0x0924, 0x0924, 0x0924, 
    0x0924, 0x0924, 0x0924, 0x0924, 0x0924, 0x0924, 0x0924, 0x0924, 0x0924, 0x0924, 0x0924, 0x0924, 
    0x0924, 0x0924, 0x0924, 0x0924, 0x0924, 0x0924, 0x0924, 0x0924, 0x0924, 0x0924, 0x0924, 0x0924, 
    0x0924, 0x0924, 0x0924, 0x0924, 0x0924, 0x0924, 0x0924, 0x0924, 0x0924, 0x0924, 0x0924, 0x0924, 
    0x0924, 0x0924, 0x0924, 0x0924, 0x0924, 0x0924, 0x0924, 0x0924, 0x0924, 0x0924, 0x0924, 0x0924, 
    0x0924, 0x0924, 0x0924, 0x0924, 0x0924, 0x0924, 0x0924, 0x0924, 0x0924, 0x0924, 0x0924, 0x0924, 
    0x0924, 0x0924, 0x0924, 0x0924, 0x0924, 0x0924, 0x0924, 0x0924, 0x0924, 0x0924, 0x0924, 0x0924, 
    0x0924, 0x0924, 0x0924, 0x0924, 0x0924, 0x0924, 0x0924, 0x0924, 0x0924, 0x0924, 0x0924, 0x0924, 
    0x0924, 0x0924, 0x0924, 0x0924, 0x0924, 0x0924, 0x0924, 0x0924, 0x0924, 0x0924, 0x0924, 0x0924, 
    0x0924, 0x0924, 0x0924, 0x0924, 0x0924, 0x0924, 0x0924, 0x0924, 0x0924, 0x0924, 0x0924, 0x0924, 
    0x0924, 0x0924, 0x0924, 0x0924, 0x0924, 0x0924, 0x0924, 0x0924, 0x0924, 0x0924, 0x0924, 0x0924, 
    0x0924, 0x0924, 0x0924, 0x0924, 0x0924, 0x0924, 0x0924, 0x0924, 0x0924, 0x0924, 0x0924, 0x0924, 
    0x0924, 0x0924, 0x0924, 0x0924, 0x0924, 0x0924, 0x0924, 0x0924, 0x0924, 0x0924, 0x0924, 0x0924, 
    0x0924, 0x0924, 0x0924, 0x0924, 0x0924, 0x0924, 0x0924, 0x0924, 0x0924, 0x0924, 0x0924, 0x0924, 
    0x0924, 0x0924, 0x0924, 0x0924, 0x0924, 0x0924, 0x0924, 0x0924, 0x0924, 0x0924, 0x0924, 0x0924, 
    0x0924, 0x0924, 0x0924, 0x0924, 0x0924, 0x0924, 0x0924, 0x0924, 0x0924, 0x0924, 0x0924, 0x0924, 
    0x0924, 0x0924, 0x0924, 0x0924, 0x0924, 0x0924, 0x0924, 0x0924, 0x0924, 0x0924, 0x0924, 0x0924, 
    0x0924, 0x0924, 0x0924, 0x0924, 0x0924, 0x0924, 0x0924, 0x0924, 0x0924, 0x0924, 0x0924, 0x0924, 
    0x0924, 0x0924, 0x0924, 0x0924, 0x0924, 0x0924, 0x0924, 0x0924, 0x0924, 0x0924, 0x0924, 0x0924, 
    0x0924, 0x0924, 0x0924, 0x0924, 0x0924, 0x0924, 0x0924, 0x0924, 0x0924, 0x0924, 0x0924, 0x0924, 
    0x0924, 0x0924, 0x0924, 0x0924, 0x0924, 0x0924, 0x0924, 0x0924, 0x0924, 0x0924, 0x0924, 0x0924, 
    0x0924, 0x0924, 0x0924, 0x0924, 0x0924, 0x0924, 0x0924, 0x0924, 0x0924, 0x0924, 0x0924, 0x0924, 
    0x0924, 0x0924, 0x0924, 0x0924, 0x0924, 0x0924, 0x0924, 0x0924, 0x0924, 0x0924, 0x0924, 0x0924, 
    0x0924, 0x0924, 0x0924, 0x0924, 0x0924, 0x0924, 0x0924, 0x0924, 0x0924, 0x0924, 0x0924, 0x0924, 
    0x0924, 0x0924, 0x0924, 0x0924, 0x0924, 0x0924, 0x0924, 0x0924, 0x0924, 0x0924, 0x0924, 0x0924, 
    0x0924, 0x0924, 0x0924, 0x0924, 0x0924, 0x0924, 0x0924, 0x0924, 0x0924, 0x0924, 0x0924, 0x0924, 
    0x0924, 0x0924, 0x0924, 0x0924, 0x0924, 0x0924, 0x0924, 0x0924, 0x0924, 0x0924, 0x0924, 0x0924, 
    0x0924, 0x0924, 0x0924, 0x0924, 0x0924, 0x0924, 0x0924, 0x0924, 0x0924, 0x0924, 0x0924, 0x0924, 
    0x0924, 0x0924, 0x0924, 0x0924, 0x0924, 0x0924, 0x0924, 0x0924, 0x0924, 0x0924, 0x0924, 0x0924, 
    0x0924, 0x0924, 0x0924, 0x0924, 0x0924, 0x0924, 0x0924, 0x0924, 0x0924, 0x0924, 0x0924, 0x0924, 
    0x0924, 0x0924, 0x0924, 0x0924, 0x0924, 0x0924, 0x0924, 0x0924, 0x0924, 0x0924, 0x0924, 0x0924, 
    0x0924, 0x0924, 0x0924, 0x0924, 0x0924, 0x0924, 0x0924, 0x0924, 0x0924, 0x0924, 0x0924, 0x0924, 
    0x0924, 0x0924, 0x0924, 0x0924, 0x0924, 0x0924, 0x0924, 0x0924, 0x0924, 0x0924, 0x0924, 0x0924, 
    0x0924, 0x0924, 0x0924, 0x0924, 0x0924, 0x0924, 0x0924, 0x0924, 0x0924, 0x0924, 0x0924, 0x0924, 
    0x0924, 0x0924, 0x0924, 0x0924, 0x0924, 0x0924, 0x0924, 0x0924, 0x0924, 0x0924, 0x0924, 0x0924, 
    0x0924, 0x0924, 0x0924, 0x0924, 0x0924, 0x0924, 0x0924, 0x0924, 0x0924, 0x0924, 0x0924, 0x0924, 
    0x0924, 0x0924, 0x0924, 0x0924, 0x0924, 0x0924, 0x0924, 0x0924, 0x0924, 0x0924, 0x0924, 0x0924, 
    0x0924, 0x0924, 0x0924, 0x0924, 0x0924, 0x0924, 0x0924, 0x0924, 0x0924, 0x0924, 0x0924, 0x0924, 
    0x0924, 0x0924, 0x0924, 0x0924, 0x0924, 0x0924, 0x0924, 0x0924, 0x0924, 0x0924, 0x0924, 0x0924, 
    0x0924, 0x0924, 0x0924, 0x0924, 0x0924, 0x0924, 0x0924, 0x0924, 0x0924, 0x0924, 0x0924, 0x0924, 
    0x0924, 0x0924, 0x0924, 0x0924, 0x0924, 0x0924, 0x0924, 0x0924, 0x0924, 0x0924, 0x0924, 0x0924, 
    0x0924, 0x0924, 0x0924, 0x0924, 0x0924, 0x0924, 0x0924, 0x0924, 0x0924, 0x0924, 0x0924, 0x0924, 
    0x0924, 0x0924, 0x0924, 0x0924, 0x0924, 0x0924, 0x0924, 0x0924, 0x0924, 0x0924, 0x0924, 0x0924, 
    0x0924, 0x0924, 0x0924, 0x0924, 0x0924, 0x0924, 0x0924, 0x0924, 0x0924, 0x0924, 0x0924, 0x0924, 
    0x0924, 0x0924, 0x0924, 0x0924, 0x0924, 0x0924, 0x0924, 0x0924, 0x0924, 0x0924, 0x0924, 0x0924, 
    0x0924, 0x0924, 0x0924, 0x0924, 0x0924, 0x0924, 0x0924, 0x0924, 0x0924, 0x0924, 0x0924, 0x0924, 
    0x0924, 0x0924, 0x0924, 0x0924, 0x0924, 0x0924, 0x0924, 0x0924, 0x0924, 0x0924, 0x0924, 0x0924, 
    0x0924, 0x0924, 0x0924, 0x0924, 0x0924, 0x0924, 0x0924, 0x0924, 0x0924, 0x0924, 0x0924, 0x0924, 
    0x0924, 0x0924, 0x0924, 0x0924, 0x0924, 0x0924, 0x0924, 0x0924, 0x0924, 0x0924, 0x0924, 0x0924, 
    0x0924, 0x0924, 0x0924, 0x0924, 0x0924, 0x0924, 0x0924, 0x0924, 0x0924, 0x0924, 0x0924, 0x0924, 
    0x0924, 0x0924, 0x0924, 0x0924, 0x0924, 0x0924, 0x0924, 0x0924, 0x0924, 0x0924, 0x0924, 0x0924, 
    0x0924, 0x0924, 0x0924, 0x0924, 0x0924, 0x0924, 0x0924, 0x0924, 0x0924, 0x0924, 0x0924, 0x0924, 
    0x0924, 0x0924, 0x0924, 0x0924, 0x0924, 0x0924, 0x0924, 0x0924, 0x0924, 0x0924, 0x0924, 0x0924, 
    0x0924, 0x0924, 0x0924, 0x0924, 0x0924, 0x0924, 0x0924, 0x0924, 0x0924, 0x0924, 0x0924, 0x0924, 
    0x0924, 0x0924, 0x0924, 0x0924, 0x0924, 0x0924, 0x0924, 0x0924, 0x0924, 0x0924, 0x0924, 0x0924, 
    0x0924, 0x0924, 0x0924, 0x0924, 0x0924, 0x0924, 0x0924, 0x0924, 0x0924, 0x0924, 0x0924, 0x0924, 
    0x0924, 0x0924, 0x0924, 0x0924, 0x0924, 0x0924, 0x0924, 0x0924, 0x0924, 0x0924, 0x0924, 0x0924, 
    0x0924, 0x0924, 0x0924, 0x0924, 0x0924, 0x0924, 0x0924, 0x0924, 0x0924, 0x0924, 0x0924, 0x0924, 
    0x0924, 0x0924, 0x0924, 0x0924, 0x0924, 0x0924, 0x0924, 0x0924, 0x0924, 0x0924, 0x0924, 0x0924, 
    0x0924, 0x0924, 0x0924, 0x0924, 0x0924, 0x0924, 0x0924, 0x0924, 0x0924, 0x0924, 0x0924, 0x0924, 
    0x0924, 0x0924, 0x0924, 0x0924, 0x0924, 0x0924, 0x0924, 0x0924, 0x0924, 0x0924, 0x0924, 0x0924, 
    0x0924, 0x0924, 0x0924, 0x0924, 0x0924, 0x0924, 0x0924, 0x0924, 0x0924, 0x0924, 0x0924, 0x0924, 
    0x0924, 0x0924, 0x0924, 0x0924, 0x0924, 0x0924, 0x0924, 0x0924, 0x0924, 0x0924, 0x0924, 0x0924, 
    0x0924, 0x0924, 0x0924, 0x0924, 0x0924, 0x0924, 0x0924, 0x0924, 0x0924, 0x0924, 0x0924, 0x0924, 
    0x0924, 0x0924, 0x0924, 0x0924, 0x0924, 0x0924, 0x0924, 0x0924, 0x0924, 0x0924, 0x0924, 0x0924, 
    0x0924, 0x0924, 0x0924, 0x0924, 0x0924, 0x0924, 0x0924, 0x0924, 0x0924, 0x0924, 0x0924, 0x0924, 
    0x0924, 0x0924, 0x0924, 0x0924, 0x0924, 0x0924, 0x0924, 0x0924, 0x0924, 0x0924, 0x0924, 0x0924, 
    0x0924, 0x0924, 0x0924, 0x0924, 0x0924, 0x0924, 0x0924, 0x0924, 0x0924, 0x0924, 0x0924, 0x0924, 
    0x0924, 0x0924, 0x0924, 0x0924, 0x0924, 0x0924, 0x0924, 0x0924, 0x0924, 0x0924, 0x0924, 0x0924, 
    0x0924, 0x0924, 0x0924, 0x0924, 0x0924, 0x0924, 0x0924, 0x0924, 0x0924, 0x0924, 0x0924, 0x0924, 
    0x0924, 0x0924, 0x0924, 0x0924, 0x0924, 0x0924, 0x0924, 0x0924, 0x0924, 0x0924, 0x0924, 0x0924, 
    0x0924, 0x0924, 0x0924, 0x0924, 0x0924, 0x0924, 0x0924, 0x0924, 0x0924, 0x0924, 0x0924, 0x0924, 
    0x0924, 0x0924, 0x0924, 0x0924, 0x0924, 0x0924, 0x0924, 0x0924, 0x0924, 0x0924, 0x0924, 0x0924, 
    0x0924, 0x0924, 0x0924, 0x0924, 0x0924, 0x0924, 0x0924, 0x0924, 0x0924, 0x0924, 0x0924, 0x0924, 
    0x0924, 0x0924, 0x0924, 0x0924, 0x0924, 0x0924, 0x0924, 0x0924, 0x0924, 0x0924, 0x0924, 0x0924, 
    0x0924, 0x0924, 0x0924, 0x0924, 0x0924, 0x0924, 0x0924, 0x0924, 0x0924, 0x0924, 0x0924, 0x0924, 
    0x0924, 0x0924, 0x0924, 0x0924, 0x0924, 0x0924, 0x0924, 0x0924, 0x0924, 0x0924, 0x0924, 0x0924, 
    0x0924, 0x0924, 0x0924, 0x0924, 0x0924, 0x0924, 0x0924, 0x0924, 0x0924, 0x0924, 0x0924, 0x0924, 
    0x0924, 0x0924, 0x0924, 0x0924, 0x0924, 0x0924, 0x0924, 0x0924, 0x0924, 0x0924, 0x0924, 0x0924, 
    0x0924, 0x0924, 0x0924, 0x0924, 0x0924, 0x0924, 0x0924, 0x0924, 0x0924, 0x0924, 0x0924, 0x0924, 
    0x0924, 0x0924, 0x0924, 0x0924, 0x0924, 0x0924, 0x0924, 0x0924, 0x0924, 0x0924, 0x0924, 0x0924, 
    0x0924, 0x0924, 0x0924, 0x0924, 0x0924, 0x0924, 0x0924, 0x0924, 0x0924, 0x0924, 0x0924, 0x0924, 
    0x0924, 0x0924, 0x0924, 0x0924, 0x0924, 0x0924, 0x0924, 0x0924, 0x0924, 0x0924, 0x0924, 0x0924, 
    0x0924, 0x0924, 0x0924, 0x0924, 0x0924, 0x0924, 0x0924, 0x0924, 0x0924, 0x0924, 0x0924, 0x0924, 
    0x0924, 0x0924, 0x0924, 0x0924, 0x0924, 0x0924, 0x0924, 0x0924, 0x0924, 0x0924, 0x0924, 0x0924, 
    0x0924, 0x0924, 0x0924, 0x0924, 0x0924, 0x0924, 0x0924, 0x0924, 0x0924, 0x0924, 0x0924, 0x0924, 
    0x0924, 0x0924, 0x0924, 0x0924, 0x0924, 0x0924, 0x0924, 0x0924, 0x0924, 0x0924, 0x0924, 0x0924, 
    0x0924, 0x0924, 0x0924, 0x0924, 0x0924, 0x0924, 0x0924, 0x0924, 0x0924, 0x0924, 0x0924, 0x0924, 
    0x0924, 0x0924, 0x0924, 0x0924, 0x0924, 0x0924, 0x0924, 0x0924, 0x0924, 0x0924, 0x0924, 0x0924, 
    0x0924, 0x0924, 0x0924, 0x0924, 0x0924, 0x0924, 0x0924, 0x0924, 0x0924, 0x0924, 0x0924, 0x0924, 
    0x0924, 0x0924, 0x0924, 0x0924, 0x0924, 0x0924, 0x0924, 0x0924, 0x0924, 0x0924, 0x0924, 0x0924, 
    0x0924, 0x0924, 0x0924, 0x0924, 0x0924, 0x0924, 0x0924, 0x0924, 0x0924, 0x0924, 0x0924, 0x0924, 
    0x0924, 0x0924, 0x0924, 0x0924, 0x0924, 0x0924, 0x0924, 0x0924, 0x0924, 0x0924, 0x0924, 0x0924, 
    0x0924, 0x0924, 0x0924, 0x0924, 0x0924, 0x0924, 0x0924, 0x0924, 0x0924, 0x0924, 0x0924, 0x0924, 
    0x0924, 0x0924, 0x0924, 0x0924, 0x0924, 0x0924, 0x0924, 0x0924, 0x0924, 0x0924, 0x0924, 0x0924, 
    0x0924, 0x0924, 0x0924, 0x0924, 0x0924, 0x0924, 0x0924, 0x0924, 0x0924, 0x0924, 0x0924, 0x0924, 
    0x0924, 0x0924, 0x0924, 0x0924, 0x0924, 0x0924, 0x0924, 0x0924, 0x0924, 0x0924, 0x0924, 0x0924, 
    0x0924, 0x0924, 0x0924, 0x0924, 0x0924, 0x0924, 0x0924, 0x0924, 0x0924, 0x0924, 0x0924, 0x0924, 
    0x0924, 0x0924, 0x0924, 0x0924, 0x0924, 0x0924, 0x0924, 0x0924, 0x0924, 0x0924, 0x0924, 0x0924, 
    0x0924, 0x0924, 0x0924, 0x0924, 0x0924, 0x0924, 0x0924, 0x0924, 0x0924, 0x0924, 0x0924, 0x0924, 
    0x0924, 0x0924, 0x0924, 0x0924, 0x0924, 0x0924, 0x0924, 0x0924, 0x0924, 0x0924, 0x0924, 0x0924, 
    0x0924, 0x0924, 0x0924, 0x0924, 0x0924, 0x0924, 0x0924, 0x0924, 0x0924, 0x0924, 0x0924, 0x0924, 
    0x0924, 0x0924, 0x0924, 0x0924, 0x0924, 0x0924, 0x0924, 0x0924, 0x0924, 0x0924, 0x0924, 0x0924, 
    0x0924, 0x0924, 0x0924, 0x0924, 0x0924, 0x0924, 0x0924, 0x0924, 0x0924, 0x0924, 0x0924, 0x0924, 
    0x0924, 0x0924, 0x0924, 0x0924, 0x0924, 0x0924, 0x0924, 0x0924, 0x0924, 0x0924, 0x0924, 0x0924, 
    0x0924, 0x0924, 0x0924, 0x0924, 0x0924, 0x0924, 0x0924, 0x0924, 0x0924, 0x0924, 0x0924, 0x0924, 
    0x0924, 0x0924, 0x0924, 0x0924, 0x0924, 0x0924, 0x0924, 0x0924, 0x0924, 0x0924, 0x0924, 0x0924, 
    0x0924, 0x0924, 0x0924, 0x0924, 0x0924, 0x0924, 0x0924, 0x0924, 0x0924, 0x0924, 0x0924, 0x0924, 
    0x0924, 0x0924, 0x0924, 0x0924, 0x0924, 0x0924, 0x0924, 0x0924, 0x0924, 0x0924, 0x0924, 0x0924, 
    0x0924, 0x0924, 0x0924, 0x0924, 0x0924, 0x0924, 0x0924, 0x0924, 0x0924, 0x0924, 0x0924, 0x0924, 
    0x0924, 0x0924, 0x0924, 0x0924, 0x0924, 0x0924, 0x0924, 0x0924, 0x0924, 0x0924, 0x0924, 0x0924, 
    0x0924, 0x0924, 0x0924, 0x0924, 0x0924, 0x0924, 0x0924, 0x0924, 0x0924, 0x0924, 0x0924, 0x0924, 
    0x0924, 0x0924, 0x0924, 0x0924, 0x0924, 0x0924, 0x0924, 0x0924, 0x0924, 0x0924, 0x0924, 0x0924, 
    0x0924, 0x0924, 0x0924, 0x0924, 0x0924, 0x0924, 0x0924, 0x0924, 0x0924, 0x0924, 0x0924, 0x0924, 
    0x0924, 0x0924, 0x0924, 0x0924, 0x0924, 0x0924, 0x0924, 0x0924, 0x0924, 0x0924, 0x0924, 0x0924, 
    0x0924, 0x0924, 0x0924, 0x0924, 0x0924, 0x0924, 0x0924, 0x0924, 0x0924, 0x0924, 0x0924, 0x0924, 
    0x0924, 0x0924, 0x0924, 0x0924, 0x0924, 0x0924, 0x0924, 0x0924, 0x0924, 0x0924, 0x0924, 0x0924, 
    0x0924, 0x0924, 0x0924, 0x0924, 0x0924, 0x0924, 0x0924, 0x0924, 0x0924, 0x0924, 0x0924, 0x0924, 
    0x0924, 0x0924, 0x0924, 0x0924, 0x0924, 0x0924, 0x0924, 0x0924, 0x0924, 0x0924, 0x0924, 0x0924, 
    0x0924, 0x0924, 0x0924, 0x0924, 0x0924, 0x0924, 0x0924, 0x0924, 0x0924, 0x0924, 0x0924, 0x0924, 
    0x0924, 0x0924, 0x0924, 0x0924, 0x0924, 0x0924, 0x0924, 0x0924, 0x0924, 0x0924, 0x0924, 0x0924, 
    0x0924, 0x0924, 0x0924, 0x0924, 0x0924, 0x0924, 0x0924, 0x0924, 0x0924, 0x0924, 0x0924, 0x0924, 
    0x0924, 0x0924, 0x0924, 0x0924, 0x0924, 0x0924, 0x0924, 0x0924, 0x0924, 0x0924, 0x0924, 0x0924, 
    0x0924, 0x0924, 0x0924, 0x0924, 0x0924, 0x0924, 0x0924, 0x0924, 0x0924, 0x0924, 0x0924, 0x0924, 
    0x0924, 0x0924, 0x0924, 0x0924, 0x0924, 0x0924, 0x0924, 0x0924, 0x0924, 0x0924, 0x0924, 0x0924, 
    0x0924, 0x0924, 0x0924, 0x0924, 0x0924, 0x0924, 0x0924, 0x0924, 0x0924, 0x0924, 0x0924, 0x0924, 
    0x0924, 0x0924, 0x0924, 0x0924, 0x0924, 0x0924, 0x0924, 0x0924, 0x0924, 0x0924, 0x0924, 0x0924, 
    0x0924, 0x0924, 0x0924, 0x0924, 0x0924, 0x0924, 0x0924, 0x0924, 0x0924, 0x0924, 0x0924, 0x0924, 
    0x0924, 0x0924, 0x0924, 0x0924, 0x0924, 0x0924, 0x0924, 0x0924, 0x0924, 0x0924, 0x0924, 0x0924, 
    0x0924, 0x0924, 0x0924, 0x0924, 0x0924, 0x0924, 0x0924, 0x0924, 0x0924, 0x0924, 0x0924, 0x0924, 
    0x0924, 0x0924, 0x0924, 0x0924, 0x0924, 0x0924, 0x0924, 0x0924, 0x0924, 0x0924, 0x0924, 0x0924, 
    0x0924, 0x0924, 0x0924, 0x0924, 0x0924, 0x0924, 0x0924, 0x0924, 0x0924, 0x0924, 0x0924, 0x0924, 
    0x0924, 0x0924, 0x0924, 0x0924, 0x0924, 0x0924, 0x0924, 0x0924, 0x0924, 0x0924, 0x0924, 0x0924, 
    0x0924, 0x0924, 0x0924, 0x0924, 0x0924, 0x0924, 0x0924, 0x0924, 0x0924, 0x0924, 0x0924, 0x0924, 
    0x0924, 0x0924, 0x0924, 0x0924, 0x0924, 0x0924, 0x0924, 0x0924, 0x0924, 0x0924, 0x0924, 0x0924, 
    0x0924, 0x0924, 0x0924, 0x0924, 0x0924, 0x0924, 0x0924, 0x0924, 0x0924, 0x0924, 0x0924, 0x0924, 
    0x0924, 0x0924, 0x0924, 0x0924, 0x0924, 0x0924, 0x0924, 0x0924, 0x0924, 0x0924, 0x0924, 0x0924, 
    0x0924, 0x0924, 0x0924, 0x0924, 0x0924, 0x0924, 0x0924, 0x0924, 0x0924, 0x0924, 0x0924, 0x0924, 
    0x0924, 0x0924, 0x0924, 0x0924, 0x0924, 0x0924, 0x0924, 0x0924, 0x0924, 0x0924, 0x0924, 0x0924, 
    0x0924, 0x0924, 0x0924, 0x0924, 0x0924, 0x0924, 0x0924, 0x0924, 0x0924, 0x0924, 0x0924, 0x0924, 
    0x0924, 0x0924, 0x0924, 0x0924, 0x0924, 0x0924, 0x0924, 0x0924, 0x0924, 0x0924, 0x0924, 0x0924, 
    0x0924, 0x0924, 0x0924, 0x0924, 0x0924, 0x0924, 0x0924, 0x0924, 0x0924, 0x0924, 0x0924, 0x0924, 
    0x0924, 0x0924, 0x0924, 0x0924, 0x0924, 0x0924, 0x0924, 0x0924, 0x0924, 0x0924, 0x0924, 0x0924, 
    0x0924, 0x0924, 0x0924, 0x0924, 0x0924, 0x0924, 0x0924, 0x0924, 0x0924, 0x0924, 0x0924, 0x0924, 
    0x0924, 0x0924, 0x0924, 0x0924, 0x0924, 0x0924, 0x0924, 0x0924, 0x0924, 0x0924, 0x0924, 0x0924, 
    0x0924, 0x0924, 0x0924, 0x0924, 0x0924, 0x0924, 0x0924, 0x0924, 0x0924, 0x0924, 0x0924, 0x0924, 
    0x0924, 0x0924, 0x0924, 0x0924, 0x0924, 0x0924, 0x0924, 0x0924, 0x0924, 0x0924, 0x0924, 0x0924, 
    0x0924, 0x0924, 0x0924, 0x0924, 0x0924, 0x0924, 0x0924, 0x0924, 0x0924, 0x0924, 0x0924, 0x0924, 
    0x0924, 0x0924, 0x0924, 0x0924, 0x0924, 0x0924, 0x0924, 0x0924, 0x0924, 0x0924, 0x0924, 0x0924, 
    0x0924, 0x0924, 0x0924, 0x0924, 0x0924, 0x18E3, 0x18E3, 0x0924, 0x0924, 0x0924, 0x0924, 0x0924, 
    0x0924, 0x0924, 0x0924, 0x0924, 0x0924, 0x0924, 0x0924, 0x0924, 0x0924, 0x0924, 0x0924, 0x0924, 
    0x0924, 0x0924, 0x0924, 0x0924, 0x0924, 0x0924, 0x0924, 0x0924, 0x0924, 0x0924, 0x0924, 0x0924, 
    0x0924, 0x0924, 0x0924, 0x0924, 0x0924, 0x0924, 0x0924, 0x0924, 0x0924, 0x0924, 0x0924, 0x0924, 
    0x0924, 0x0924, 0x0924, 0x0924, 0x0924, 0x0924, 0x0924, 0x0924, 0x0924, 0x0924, 0x0924, 0x0924, 
    0x0924, 0x0924, 0x0924, 0x0924, 0x0924, 0x0924, 0x0924, 0x0924, 0x0924, 0x0924, 0x0924, 0x0924, 
    0x0924, 0x0924, 0x0924, 0x0924, 0x0924, 0x0924, 0x0924, 0x0924, 0x0924, 0x0924, 0x0924, 0x0924, 
    0x0924, 0x0924, 0x0924, 0x0924, 0x0924, 0x0924, 0x0924, 0x0924, 0x0924, 0x0924, 0x0924, 0x0924, 
    0x0924, 0x0924, 0x0924, 0x0924, 0x0924, 0x0924, 0x0924, 0x0924, 0x0924, 0x0924, 0x0924, 0x0924, 
    0x0924, 0x0924, 0x0924, 0x0924, 0x0924, 0x0924, 0x0924, 0x0924, 0x0924, 0x0924, 0x0924, 0x0924, 
    0x0924, 0x0924, 0x0924, 0x9061, 0xE000, 0xF800, 0x1104, 0x0924, 0x0924, 0x0924, 0x0924, 0x0924, 
    0x0924, 0x0924, 0x0924, 0x0924, 0x0904, 0x6082, 0x0924, 0x0904, 0x0924, 0x0924, 0x0924, 0x0924, 
    0x0924, 0x0924, 0x0924, 0x0924, 0x0924, 0x0924, 0x0924, 0x0924, 0x0924, 0x0924, 0x0924, 0x0924, 
    0x0924, 0x0924, 0x0924, 0x0924, 0x0924, 0x0924, 0x0924, 0x0924, 0x0924, 0x0924, 0x0924, 0x0924, 
    0x0924, 0x0924, 0x0924, 0x0924, 0x0924, 0x0924, 0x0924, 0x0924, 0x0924, 0x0924, 0x0924, 0x0924, 
    0x0924, 0x0924, 0x0924, 0x0924, 0x0924, 0x0924, 0x0924, 0x0924, 0x0924, 0x0924, 0x0924, 0x0924, 
    0x0924, 0x0924, 0x0924, 0x0924, 0x0924, 0x0924, 0x0924, 0x0924, 0x0924, 0x0924, 0x0924, 0x0924, 
    0x0924, 0x0924, 0x0924, 0x0924, 0x0924, 0x0924, 0x0924, 0x0924, 0x0924, 0x0924, 0x0924, 0x0924, 
    0x0924, 0x0924, 0x0924, 0x0924, 0x0924, 0x0924, 0x0924, 0x0924, 0x0924, 0x0924, 0x0924, 0x0924, 
    0x0924, 0x0924, 0x0924, 0x0924, 0x0924, 0x0924, 0x0924, 0x0924, 0x0924, 0x0924, 0x0924, 0x0924, 
    0xF800, 0xF800, 0xF800, 0xF800, 0xF800, 0xF800, 0x40A2, 0x0924, 0x0924, 0x0924, 0x0924, 0x0924, 
    0x0924, 0x0924, 0x0924, 0x0924, 0x0924, 0xF800, 0xF800, 0xF800, 0xF800, 0xF800, 0xF800, 0x0924, 
    0x0924, 0x0924, 0x0924, 0x0924, 0x0924, 0x0924, 0x0924, 0x0924, 0x0924, 0x0924, 0x0924, 0x0924, 
    0x0924, 0x0924, 0x0924, 0x0924, 0x0924, 0x0924, 0x0924, 0x0924, 0x0924, 0x0924, 0x0924, 0x0924, 
    0x0924, 0x0924, 0x0924, 0x0924, 0x0924, 0x0924, 0x0924, 0x0924, 0x0924, 0x0924, 0x0924, 0x0924, 
    0x0924, 0x0924, 0x0924, 0x0924, 0x0924, 0x0924, 0x0924, 0x0924, 0x0924, 0x0924, 0x0924, 0x0924, 
    0x0924, 0x0924, 0x0924, 0x0924, 0x0924, 0x0924, 0x0924, 0x0924, 0x0924, 0x0924, 0x0924, 0x0924, 
    0x0924, 0x0924, 0x0924, 0x0924, 0x0924, 0x0924, 0x0924, 0x0924, 0x0924, 0x0924, 0x0924, 0x0924, 
    0x0924, 0x0924, 0x0924, 0x0924, 0x0924, 0x0924, 0x0924, 0x0924, 0x0924, 0x0924, 0x0924, 0x0924, 
    0x0924, 0x0924, 0x0924, 0x0924, 0x0924, 0x0924, 0x0924, 0x0924, 0x0924, 0x0924, 0x0924, 0x0924, 
    0xF800, 0xF000, 0xF000, 0xF800, 0xF800, 0xF000, 0xF800, 0x0904, 0x0924, 0x0924, 0x0924, 0x0924, 
    0x0924, 0x0924, 0x0924, 0x0924, 0x0924, 0xF800, 0xE800, 0xF000, 0xF000, 0xE800, 0xF800, 0x0924, 
    0x0924, 0x0924, 0x0924, 0x0924, 0x0924, 0x0924, 0x0924, 0x0924, 0x0924, 0x0924, 0x0924, 0x0924, 
    0x0924, 0x0924, 0x0924, 0x0924, 0x0924, 0x0924, 0x0924, 0x0924, 0x0924, 0x0924, 0x0924, 0x0924, 
    0x0924, 0x0924, 0x0924, 0x0924, 0x0924, 0x0924, 0x0924, 0x0924, 0x0924, 0x0924, 0x0924, 0x0924, 
    0x0924, 0x0924, 0x0924, 0x0924, 0x0924, 0x0924, 0x0924, 0x0924, 0x0924, 0x0924, 0x0924, 0x0924, 
    0x0924, 0x0924, 0x0924, 0x0924, 0x0924, 0x0924, 0x0924, 0x0924, 0x0924, 0x0924, 0x0924, 0x0924, 
    0x0924, 0x0924, 0x0924, 0x0924, 0x0924, 0x0924, 0x0924, 0x0924, 0x0924, 0x0924, 0x0924, 0x0924, 
    0x0924, 0x0924, 0x0924, 0x0924, 0x0924, 0x0924, 0x0924, 0x0924, 0x0924, 0x0924, 0x0924, 0x0924, 
    0x0924, 0x0924, 0x0924, 0x0924, 0x0924, 0x0924, 0x0924, 0x0924, 0x0924, 0x0924, 0x0924, 0x0924, 
    0x1104, 0xF800, 0xF000, 0xF800, 0xF800, 0xF000, 0xF000, 0x0924, 0x0924, 0x0924, 0x0924, 0x0924, 
    0x0924, 0x0924, 0x0924, 0x0924, 0x9061, 0xF800, 0xF800, 0xF800, 0xF000, 0xF800, 0x20E3, 0x0924, 
    0x0924, 0x0924, 0x0924, 0x0924, 0x0924, 0x0924, 0x0924, 0x0924, 0x0924, 0x0924, 0x0924, 0x0924, 
    0x0924, 0x0924, 0x0924, 0x0924, 0x0924, 0x0924, 0x0924, 0x0924, 0x0924, 0x0924, 0x0924, 0x0924, 
    0x0924, 0x0924, 0x0924, 0x0924, 0x0924, 0x0924, 0x0924, 0x0924, 0x0924, 0x0924, 0x0924, 0x0924, 
    0x0924, 0x0924, 0x0924, 0x0924, 0x0924, 0x0924, 0x0924, 0x0924, 0x0924, 0x0924, 0x0924, 0x0924, 
    0x0924, 0x0924, 0x0924, 0x0924, 0x0924, 0x0924, 0x0924, 0x0924, 0x0924, 0x0924, 0x0924, 0x0924, 
    0x0924, 0x0924, 0x0924, 0x0924, 0x0924, 0x0924, 0x0924, 0x0924, 0x0924, 0x0924, 0x0924, 0x0924, 
    0x0924, 0x0924, 0x0924, 0x0924, 0x0924, 0x0924, 0x0924, 0x0924, 0x0924, 0x0924, 0x0924, 0x0924, 
    0x0924, 0x0924, 0x0924, 0x0924, 0x0924, 0x0924, 0x0924, 0x0924, 0x0924, 0x0924, 0x0924, 0x0924, 
    0x0924, 0xF800, 0xF000, 0xF800, 0xF800, 0xF000, 0xF800, 0x0904, 0x0924, 0x0924, 0x0924, 0x0924, 
    0x0924, 0x0924, 0x0924, 0x0924, 0xF800, 0xF800, 0xF800, 0xF800, 0xE800, 0xF800, 0x1104, 0x0924, 
    0x0924, 0x0924, 0x0924, 0x0924, 0x0924, 0x0924, 0x0924, 0x0924, 0x0924, 0x0924, 0x0924, 0x0924, 
    0x0924, 0x0924, 0x0924, 0x0924, 0x0924, 0x0924, 0x0924, 0x0924, 0x0924, 0x0924, 0x0924, 0x0924, 
    0x0924, 0x0924, 0x0924, 0x0924, 0x0924, 0x0924, 0x0924, 0x0924, 0x0924, 0x0924, 0x0924, 0x0924, 
    0x0924, 0x0924, 0x0924, 0x0924, 0x0924, 0x0924, 0x0924, 0x0924, 0x0924, 0x0924, 0x0924, 0x0924, 
    0x0924, 0x0924, 0x0924, 0x0924, 0x0924, 0x0924, 0x0924, 0x0924, 0x0924, 0x0924, 0x0924, 0x0924, 
    0x0924, 0x0924, 0x0924, 0x0924, 0x0924, 0x0924, 0x0924, 0x0924, 0x0924, 0x0924, 0x0924, 0x0924, 
    0x0924, 0x0924, 0x0924, 0x0924, 0x0924, 0x0924, 0x0924, 0x0924, 0x0924, 0x0924, 0x0924, 0x0924, 
    0x0924, 0x0924, 0x0924, 0x0924, 0x0924, 0x0924, 0x0924, 0x0924, 0x0924, 0x0924, 0x0924, 0x0924, 
    0x0924, 0xF800, 0xF000, 0xF800, 0xF800, 0xF000, 0xF800, 0x0924, 0x0924, 0x0924, 0x0924, 0x0924, 
    0x0924, 0x0924, 0x0924, 0x0924, 0xE000, 0xF800, 0xF800, 0xF800, 0xE800, 0xF800, 0x10E3, 0x0924, 
    0x0924, 0x0924, 0x0924, 0x0924, 0x0924, 0x0924, 0x0924, 0x0924, 0x0924, 0x0924, 0x0924, 0x0924, 
    0x0924, 0x0924, 0x0924, 0x0924, 0x0924, 0x0924, 0x0924, 0x0924, 0x0924, 0x0924, 0x0924, 0x0924, 
    0x0924, 0x0924, 0x0924, 0x0924, 0x0924, 0x0924, 0x0924, 0x0924, 0x0924, 0x0924, 0x0924, 0x0924, 
    0x0924, 0x0924, 0x0924, 0x0924, 0x0924, 0x0924, 0x0924, 0x0924, 0x0924, 0x0924, 0x0924, 0x0924, 
    0x0924, 0x0924, 0x0924, 0x0924, 0x0924, 0x0924, 0x0924, 0x0924, 0x0924, 0x0924, 0x0924, 0x0924, 
    0x0924, 0x0924, 0x0924, 0x0924, 0x0924, 0x0924, 0x0924, 0x0924, 0x0924, 0x0924, 0x0924, 0x0924, 
    0x0924, 0x0924, 0x0924, 0x0924, 0x0924, 0x0924, 0x0924, 0x0924, 0x0924, 0x0924, 0x0924, 0x0924, 
    0x0924, 0x0924, 0x0924, 0x0924, 0x0924, 0x0924, 0x0924, 0x0924, 0x0924, 0x0924, 0x0924, 0x0924, 
    0x0924, 0xF800, 0xF000, 0xF800, 0xF800, 0xF800, 0xF800, 0x50A2, 0x0924, 0x0924, 0x0924, 0x0924, 
    0x0924, 0x0924, 0x0924, 0x0924, 0xE800, 0xF800, 0xF800, 0xF800, 0xE800, 0xF800, 0x10E3, 0x0924, 
    0x0924, 0x0924, 0x0924, 0x0924, 0x0924, 0x0924, 0x0924, 0x0924, 0x0924, 0x0924, 0x0924, 0x0924, 
    0x0924, 0x0924, 0x0924, 0x0924, 0x0924, 0x0924, 0x0924, 0x0924, 0x0924, 0x0924, 0x0924, 0x0924, 
    0x0924, 0x0924, 0x0924, 0x0924, 0x0924, 0x0924, 0x0924, 0x0924, 0x0924, 0x0924, 0x0924, 0x0924, 
    0x0924, 0x0924, 0x0924, 0x0924, 0x0924, 0x0924, 0x0924, 0x0924, 0x0924, 0x0924, 0x0924, 0x0924, 
    0x0924, 0x0924, 0x0924, 0x0924, 0x0924, 0x0924, 0x0924, 0x0924, 0x0924, 0x0924, 0x0924, 0x0924, 
    0x0924, 0x0924, 0x0924, 0x0924, 0x0924, 0x0924, 0x0924, 0x0924, 0x0924, 0x0924, 0x0924, 0x0924, 
    0x0924, 0x0924, 0x0924, 0x0924, 0x0924, 0x0924, 0x0924, 0x0924, 0x0924, 0x0924, 0x0924, 0x0924, 
    0x0924, 0x0924, 0x0924, 0x0924, 0x0924, 0x0924, 0x0924, 0x0924, 0x0924, 0x0924, 0x0924, 0x0924, 
    0x0924, 0xF000, 0xF000, 0xF800, 0xF800, 0xF800, 0xF800, 0xF800, 0x0924, 0x0924, 0x0924, 0x0924, 
    0x0924, 0x0924, 0x0924, 0x0924, 0xE800, 0xF800, 0xF800, 0xF800, 0xE800, 0xF000, 0x1104, 0x0924, 
    0x0924, 0x0924, 0x0924, 0x0924, 0x0924, 0x0924, 0x0924, 0x0924, 0x0924, 0x0924, 0x0924, 0x0924, 
    0x0924, 0x0924, 0x0924, 0x0924, 0x0924, 0x0924, 0x0924, 0x0924, 0x0924, 0x0924, 0x0924, 0x0924, 
    0x0924, 0x0924, 0x0924, 0x0924, 0x0924, 0x0924, 0x0924, 0x0924, 0x0924, 0x0924, 0x0924, 0x0924, 
    0x0924, 0x0924, 0x0924, 0x0924, 0x0924, 0x0924, 0x0924, 0x0924, 0x0924, 0x0924, 0x0924, 0x0924, 
    0x0924, 0x0924, 0x0924, 0x0924, 0x0924, 0x0924, 0x0924, 0x0924, 0x0924, 0x0924, 0x0924, 0x0924, 
    0x0924, 0x0924, 0x0924, 0x0924, 0x0924, 0x0924, 0x0924, 0x0924, 0x0924, 0x0924, 0x0924, 0x0924, 
    0x0924, 0x0924, 0x0924, 0x0924, 0x0924, 0x0924, 0x0924, 0x0924, 0x0924, 0x0924, 0x0924, 0x0924, 
    0x0924, 0x0924, 0x0924, 0x0924, 0x0924, 0x0924, 0x0924, 0x0924, 0x0924, 0x0924, 0x0924, 0x0924, 
    0x0924, 0x18E3, 0xF800, 0xE800, 0xF800, 0xF800, 0xF800, 0xE000, 0x0924, 0x0924, 0x0924, 0x0924, 
    0x0924, 0x0924, 0x0924, 0x8061, 0xF800, 0xF800, 0xF800, 0xF000, 0xF800, 0x40A2, 0x0924, 0x0924, 
    0x0924, 0x0924, 0x0924, 0x0924, 0x0924, 0x0924, 0x0924, 0x0924, 0x0924, 0x0924, 0x0924, 0x0924, 
    0x0924, 0x0924, 0x0924, 0x0924, 0x0924, 0x0924, 0x0924, 0x0924, 0x0924, 0x0924, 0x0924, 0x0924, 
    0x0924, 0x0924, 0x0924, 0x0924, 0x0924, 0x0924, 0x0924, 0x0924, 0x0924, 0x0924, 0x0924, 0x0924, 
    0x0924, 0x0924, 0x0924, 0x0924, 0x0924, 0x0924, 0x0924, 0x0924, 0x0924, 0x0924, 0x0924, 0x0924, 
    0x0924, 0x0924, 0x0924, 0x0924, 0x0924, 0x0924, 0x0924, 0x0924, 0x0924, 0x0924, 0x0924, 0x0924, 
    0x0924, 0x0924, 0x0924, 0x0924, 0x0924, 0x0924, 0x0924, 0x0924, 0x0924, 0x0924, 0x0924, 0x0924, 
    0x0924, 0x0924, 0x0924, 0x0924, 0x0924, 0x0924, 0x0924, 0x0924, 0x0924, 0x0924, 0x0924, 0x0924, 
    0x0924, 0x0924, 0x0924, 0x0924, 0x0924, 0x0924, 0x0924, 0x0924, 0x0924, 0x0924, 0x0924, 0x0924, 
    0x0924, 0x1104, 0xF800, 0xE800, 0xF800, 0xF800, 0xF800, 0xE800, 0x0924, 0x0924, 0x0924, 0x0924, 
    0x0924, 0x0924, 0x0924, 0x9061, 0xF800, 0xF800, 0xF800, 0xF000, 0xF800, 0x38A2, 0x0924, 0x0924, 
    0x0924, 0x0924, 0x0924, 0x0924, 0x0924, 0x0924, 0x0924, 0x0924, 0x0924, 0x0924, 0x0924, 0x0924, 
    0x0924, 0x0924, 0x0924, 0x0924, 0x0924, 0x0924, 0x0924, 0x0924, 0x0924, 0x0924, 0x0924, 0x0924, 
    0x0924, 0x0924, 0x0924, 0x0924, 0x0924, 0x0924, 0x0924, 0x0924, 0x0924, 0x0924, 0x0924, 0x0924, 
    0x0924, 0x0924, 0x0924, 0x0924, 0x0924, 0x0924, 0x0924, 0x0924, 0x0924, 0x0924, 0x0924, 0x0924, 
    0x0924, 0x0924, 0x0924, 0x0924, 0x0924, 0x0924, 0x0924, 0x0924, 0x0924, 0x0924, 0x0924, 0x0924, 
    0x0924, 0x0924, 0x0924, 0x0924, 0x0924, 0x0924, 0x0924, 0x0924, 0x0924, 0x0924, 0x0924, 0x0924, 
    0x0924, 0x0924, 0x0924, 0x0924, 0x0924, 0x0924, 0x0924, 0x0924, 0x0924, 0x0924, 0x0924, 0x0924, 
    0x0924, 0x0924, 0x0924, 0x0924, 0x0924, 0x0924, 0x0924, 0x0924, 0x0924, 0x0924, 0x0924, 0x0924, 
    0x0924, 0x10E3, 0xF800, 0xE800, 0xF800, 0xF800, 0xF800, 0xF000, 0x28C3, 0x0924, 0x0924, 0x0924, 
    0x0924, 0x0924, 0x0924, 0x8861, 0xF800, 0xF800, 0xF800, 0xF000, 0xF800, 0x38A2, 0x0924, 0x0924, 
    0x0924, 0x0924, 0x0924, 0x0924, 0x0924, 0x0924, 0x0924, 0x0924, 0x0924, 0x0924, 0x0924, 0x0924, 
    0x0924, 0x0924, 0x0924, 0x0924, 0x0924, 0x0924, 0x0924, 0x0924, 0x0924, 0x0924, 0x0924, 0x0924, 
    0x0924, 0x0924, 0x0924, 0x0924, 0x0924, 0x0924, 0x0924, 0x0924, 0x0924, 0x0924, 0x0924, 0x0924, 
    0x0924, 0x0924, 0x0924, 0x0924, 0x0924, 0x0924, 0x0924, 0x0924, 0x0924, 0x0924, 0x0924, 0x0924, 
    0x0924, 0x0924, 0x0924, 0x0924, 0x0924, 0x0924, 0x0924, 0x0924, 0x0924, 0x0924, 0x0924, 0x0924, 
    0x0924, 0x0924, 0x0924, 0x0924, 0x0924, 0x0924, 0x0924, 0x0924, 0x0924, 0x0924, 0x0924, 0x0924, 
    0x0924, 0x0924, 0x0924, 0x0924, 0x0924, 0x0924, 0x0924, 0x0924, 0x0924, 0x0924, 0x0924, 0x0924, 
    0x0924, 0x0924, 0x0924, 0x0924, 0x0924, 0x18E3, 0x18E3, 0x0924, 0x0924, 0x0924, 0x0924, 0x0924, 
    0x0924, 0x1104, 0xF000, 0xE800, 0xF800, 0xF800, 0xF800, 0xF800, 0xB041, 0x0924, 0x0924, 0x0924, 
    0x0924, 0x0924, 0x0924, 0x8861, 0xF800, 0xF800, 0xF800, 0xF000, 0xF800, 0x40A2, 0x0924, 0x0924, 
    0x0924, 0x0924, 0x0924, 0x0924, 0x0924, 0x0924, 0x0924, 0x0924, 0x0924, 0x0924, 0x0924, 0x0924, 
    0x0924, 0x0924, 0x0924, 0x0924, 0x0924, 0x0924, 0x0924, 0x0924, 0x0924, 0x0924, 0x0924, 0x0924, 
    0x0924, 0x0924, 0x0924, 0x0924, 0x0924, 0x0924, 0x0924, 0x0924, 0x0924, 0x0924, 0x0924, 0x0924, 
    0x0924, 0x0924, 0x0924, 0x0924, 0x0924, 0x0924, 0x0924, 0x0924, 0x0924, 0x0924, 0x0924, 0x0924, 
    0x0924, 0x0924, 0x0924, 0x0924, 0x0924, 0x0924, 0x0924, 0x0924, 0x0924, 0x0924, 0x0924, 0x0924, 
    0x0924, 0x0924, 0x0924, 0x0924, 0x0924, 0x0924, 0x0924, 0x0924, 0x0924, 0x0924, 0x0924, 0x0924, 
    0x0924, 0x0924, 0x0924, 0x0924, 0x0924, 0x0924, 0x0924, 0x0924, 0x0924, 0x0924, 0x0924, 0x0924, 
    0x0924, 0x0924, 0x0924, 0x0924, 0x1104, 0xF800, 0xF800, 0x0924, 0x0924, 0x0924, 0x0924, 0x0924, 
    0x0924, 0x0924, 0x40A2, 0xF800, 0xF000, 0xF800, 0xF800, 0xF800, 0x8061, 0x0924, 0x0924, 0x0924, 
    0x0924, 0x0924, 0x0924, 0xA041, 0xF800, 0xF800, 0xF800, 0xF000, 0xE000, 0x20E3, 0x0924, 0x0924, 
    0x0924, 0x0924, 0x0924, 0x0924, 0x0924, 0x30C3, 0x30C3, 0x0924, 0x0924, 0x0924, 0x0924, 0x0924, 
    0x0924, 0x0924, 0x0924, 0x0924, 0x0924, 0x0924, 0x0924, 0x0924, 0x0924, 0x0924, 0x0924, 0x0924, 
    0x0924, 0x0924, 0x0924, 0x0924, 0x0924, 0x0924, 0x0924, 0x0924, 0x0924, 0x0924, 0x0924, 0x0924, 
    0x0924, 0x0924, 0x0924, 0x0924, 0x0924, 0x0924, 0x0924, 0x0924, 0x0924, 0x0924, 0x0924, 0x0924, 
    0x0924, 0x0924, 0x0924, 0x0924, 0x0924, 0x0924, 0x0924, 0x0924, 0x0924, 0x0924, 0x0924, 0x0924, 
    0x0924, 0x0924, 0x0924, 0x0924, 0x0924, 0x0924, 0x0924, 0x0924, 0x0924, 0x0924, 0x0924, 0x0924, 
    0x0924, 0x0924, 0x0924, 0x0924, 0x0924, 0x0924, 0x0924, 0x0924, 0x0924, 0x0924, 0x0924, 0x0924, 
    0x0924, 0x0924, 0x0924, 0xD020, 0xF800, 0xF000, 0xF800, 0x20E3, 0x0924, 0x0924, 0x0924, 0x0924, 
    0x0924, 0x0924, 0x38A2, 0xF800, 0xF000, 0xF800, 0xF800, 0xF800, 0x8861, 0x0924, 0x0924, 0x0924, 
    0x0924, 0x0924, 0x48A2, 0xF800, 0xF000, 0xF800, 0xF800, 0xF800, 0x8061, 0x0924, 0x0924, 0x0924, 
    0x0924, 0x0924, 0x0924, 0x0924, 0x0924, 0xF800, 0xF800, 0xF800, 0x18E3, 0x0924, 0x0924, 0x0924, 
    0x0924, 0x0924, 0x0924, 0x0924, 0x0924, 0x0924, 0x0924, 0x0924, 0x0924, 0x0924, 0x0924, 0x0924, 
    0x0924, 0x0924, 0x0924, 0x0924, 0x0924, 0x0924, 0x0924, 0x0924, 0x0924, 0x0924, 0x0924, 0x0924, 
    0x0924, 0x0924, 0x0924, 0x0924, 0x0924, 0x0924, 0x0924, 0x0924, 0x0924, 0x0924, 0x0924, 0x0924, 
    0x0924, 0x0924, 0x0924, 0x0924, 0x0924, 0x0924, 0x0924, 0x0924, 0x0924, 0x0924, 0x0924, 0x0924, 
    0x0924, 0x0924, 0x0924, 0x0924, 0x0924, 0x0924, 0x0924, 0x0924, 0x0924, 0x0924, 0x0924, 0x0924, 
    0x0924, 0x0924, 0x0924, 0x0924, 0x0924, 0x0924, 0x0924, 0x0924, 0x0924, 0x0924, 0x0924, 0x0924, 
    0x0924, 0x48A2, 0xB820, 0xF800, 0xE800, 0xF800, 0xF800, 0xF800, 0x0924, 0x0924, 0x0924, 0x0924, 
    0x0924, 0x0924, 0x38A2, 0xF800, 0xF000, 0xF800, 0xF800, 0xF800, 0x8061, 0x0924, 0x0924, 0x0924, 
    0x0924, 0x0924, 0x38C3, 0xF800, 0xF000, 0xF800, 0xF800, 0xF800, 0x8861, 0x0924, 0x0924, 0x0924, 
    0x0924, 0x0924, 0x0924, 0x0924, 0x48A2, 0xF800, 0xF000, 0xF000, 0xF800, 0xB820, 0x48A2, 0x0924, 
    0x0924, 0x0924, 0x0924, 0x0924, 0x0924, 0x0924, 0x0924, 0x0924, 0x0924, 0x0924, 0x0924, 0x0924, 
    0x0924, 0x0924, 0x0924, 0x0924, 0x0924, 0x0924, 0x0924, 0x0924, 0x0924, 0x0924, 0x0924, 0x0924, 
    0x0924, 0x0924, 0x0924, 0x0924, 0x0924, 0x0924, 0x0924, 0x0924, 0x0924, 0x0924, 0x0924, 0x0924, 
    0x0924, 0x0924, 0x0924, 0x0924, 0x0924, 0x0924, 0x0924, 0x0924, 0x0924, 0x0924, 0x0924, 0x0924, 
    0x0924, 0x0924, 0x0924, 0x0924, 0x0924, 0x0924, 0x0924, 0x0924, 0x0924, 0x0924, 0x0924, 0x0924, 
    0x0924, 0x0924, 0x0924, 0x0924, 0x0924, 0x0924, 0x0924, 0x0924, 0x0924, 0x0924, 0x0924, 0x0924, 
    0x0924, 0x38C3, 0xF800, 0xE800, 0xF800, 0xF800, 0xF800, 0xE800, 0x50A2, 0x0924, 0x0924, 0x0924, 
    0x0924, 0x0924, 0x40A2, 0xF800, 0xF000, 0xF800, 0xF800, 0xF000, 0xE000, 0x20E3, 0x0924, 0x0924, 
    0x0924, 0x0924, 0x40A2, 0xF800, 0xF000, 0xF800, 0xF800, 0xF800, 0x8061, 0x0924, 0x0924, 0x0924, 
    0x0924, 0x0924, 0x0924, 0x0924, 0xF800, 0xF800, 0xF800, 0xF800, 0xE000, 0xF800, 0x38C3, 0x0924, 
    0x0924, 0x0924, 0x0924, 0x0924, 0x0924, 0x0924, 0x0924, 0x0924, 0x0924, 0x0924, 0x0924, 0x0924, 
    0x0924, 0x0924, 0x0924, 0x0924, 0x0924, 0x0924, 0x0924, 0x0924, 0x0924, 0x0924, 0x0924, 0x0924, 
    0x0924, 0x0924, 0x0924, 0x0924, 0x0924, 0x0924, 0x0924, 0x0924, 0x0924, 0x0924, 0x0924, 0x0924, 
    0x0924, 0x0924, 0x0924, 0x0924, 0x0924, 0x0924, 0x0924, 0x0924, 0x0924, 0x0924, 0x0924, 0x0924, 
    0x0924, 0x0924, 0x0924, 0x0924, 0x0924, 0x0924, 0x0924, 0x0924, 0x0924, 0x0924, 0x0924, 0x0924, 
    0x0924, 0x0924, 0x0924, 0x0924, 0x0924, 0x0924, 0x0924, 0x0924, 0x0924, 0x0924, 0x0924, 0x0924, 
    0x0924, 0x0904, 0xB820, 0xE800, 0xF800, 0xF800, 0xF800, 0xF000, 0xF800, 0x30C3, 0x0924, 0x0924, 
    0x0924, 0x0924, 0x20E3, 0xE000, 0xF000, 0xF800, 0xF800, 0xF000, 0xF800, 0x40A2, 0x0924, 0x0924, 
    0x0924, 0x0924, 0x30C3, 0xF800, 0xF000, 0xF800, 0xF800, 0xF800, 0xB041, 0x0924, 0x0924, 0x0924, 
    0x0924, 0x0924, 0x0924, 0x7861, 0xF000, 0xF800, 0xF800, 0xF800, 0xE800, 0xB820, 0x0904, 0x0924, 
    0x0924, 0x0924, 0x0924, 0x0924, 0x0924, 0x0924, 0x0924, 0x0924, 0x0924, 0x0924, 0x0924, 0x0924, 
    0x0924, 0x0924, 0x0924, 0x0924, 0x0924, 0x0924, 0x0924, 0x0924, 0x0924, 0x0924, 0x0924, 0x0924, 
    0x0924, 0x0924, 0x0924, 0x0924, 0x0924, 0x0924, 0x0924, 0x0924, 0x0924, 0x0924, 0x0924, 0x0924, 
    0x0924, 0x0924, 0x0924, 0x0924, 0x0924, 0x0924, 0x0924, 0x0924, 0x0924, 0x0924, 0x0924, 0x0924, 
    0x0924, 0x0924, 0x0924, 0x0924, 0x0924, 0x0924, 0x0924, 0x0924, 0x0924, 0x0924, 0x0924, 0x0924, 
    0x0924, 0x0924, 0x0924, 0x0924, 0x0924, 0x0924, 0x0924, 0x0924, 0x0924, 0x0924, 0x0924, 0x0924, 
    0x0924, 0x0924, 0x48A2, 0xF800, 0xE800, 0xF800, 0xF800, 0xF000, 0xF000, 0x7061, 0x0924, 0x0924, 
    0x0924, 0x0924, 0x0924, 0x8061, 0xF800, 0xF800, 0xF800, 0xF000, 0xF800, 0x38A2, 0x0924, 0x0924, 
    0x0924, 0x0924, 0x7061, 0xF800, 0xF000, 0xF800, 0xF800, 0xF000, 0x28C3, 0x0924, 0x0924, 0x0924, 
    0x0924, 0x0924, 0x0924, 0xB820, 0xF800, 0xF800, 0xF800, 0xE800, 0xF800, 0x48A2, 0x0924, 0x0924, 
    0x0924, 0x0924, 0x0924, 0x0924, 0x0924, 0x0924, 0x0924, 0x0924, 0x0924, 0x0924, 0x0924, 0x0924, 
    0x0924, 0x0924, 0x0924, 0x0924, 0x0924, 0x0924, 0x0924, 0x0924, 0x0924, 0x0924, 0x0924, 0x0924, 
    0x0924, 0x0924, 0x0924, 0x0924, 0x0924, 0x0924, 0x0924, 0x0924, 0x0924, 0x0924, 0x0924, 0x0924, 
    0x0924, 0x0924, 0x0924, 0x0924, 0x0924, 0x0924, 0x0924, 0x0924, 0x0924, 0x0924, 0x0924, 0x0924, 
    0x0924, 0x0924, 0x0924, 0x0924, 0x0924, 0x0924, 0x0924, 0x0924, 0x0924, 0x0924, 0x0924, 0x0924, 
    0x0924, 0x0924, 0x0924, 0x0924, 0x0924, 0x0924, 0x0924, 0x0924, 0x0924, 0x0924, 0x0924, 0x0924, 
    0x0924, 0x0924, 0x0904, 0xD020, 0xF000, 0xF800, 0xF800, 0xF800, 0xE800, 0xF800, 0x10E3, 0x0924, 
    0x0924, 0x0924, 0x0924, 0x8861, 0xF800, 0xF800, 0xF800, 0xF000, 0xF800, 0x38C3, 0x0924, 0x0924, 
    0x0924, 0x18E3, 0xF800, 0xE800, 0xF800, 0xF800, 0xF800, 0xE800, 0x0924, 0x0924, 0x0924, 0x0924, 
    0x0924, 0x0904, 0xC020, 0xF800, 0xF800, 0xF800, 0xF800, 0xF000, 0xB820, 0x0904, 0x0924, 0x0924, 
    0x0924, 0x0924, 0x0924, 0x0924, 0x0924, 0x0924, 0x0924, 0x0924, 0x0924, 0x0924, 0x0924, 0x0924, 
    0x0924, 0x0924, 0x0924, 0x0924, 0x0924, 0x0924, 0x0924, 0x0924, 0x0924, 0x0924, 0x0924, 0x0924, 
    0x0924, 0x0924, 0x0924, 0x0924, 0x0924, 0x0924, 0x0924, 0x0924, 0x0924, 0x0924, 0x0924, 0x0924, 
    0x0924, 0x0924, 0x0924, 0x0924, 0x0924, 0x0924, 0x0924, 0x0924, 0x0924, 0x0924, 0x0924, 0x0924, 
    0x0924, 0x0924, 0x0924, 0x0924, 0x0924, 0x0924, 0x0924, 0x0924, 0x0924, 0x0924, 0x0924, 0x0924, 
    0x0924, 0x0924, 0x0924, 0x0924, 0x0924, 0x0924, 0x0924, 0x0924, 0x0924, 0x0924, 0x0924, 0x0924, 
    0x0924, 0x0924, 0x0924, 0x0924, 0xF800, 0xF800, 0xF800, 0xF800, 0xF800, 0xE800, 0xA841, 0x0924, 
    0x0924, 0x0924, 0x0924, 0xA041, 0xF800, 0xF800, 0xF800, 0xF800, 0xF000, 0xC820, 0x0904, 0x0924, 
    0x0924, 0x1104, 0xF800, 0xE800, 0xF800, 0xF800, 0xF800, 0xE800, 0x0924, 0x0924, 0x0924, 0x0924, 
    0x0924, 0x18E3, 0xF800, 0xE800, 0xF800, 0xF800, 0xF800, 0xF800, 0x7861, 0x0924, 0x0924, 0x0924, 
    0x0924, 0x0924, 0x0924, 0x0924, 0x0924, 0x0924, 0x0924, 0x0924, 0x0924, 0x0924, 0x0924, 0x0924, 
    0x0924, 0x0924, 0x0924, 0x0924, 0x0924, 0x0924, 0x0924, 0x0924, 0x0924, 0x0924, 0x0924, 0x0924, 
    0x0924, 0x0924, 0x0924, 0x0924, 0x0924, 0x0924, 0x0924, 0x0924, 0x0924, 0x0924, 0x0924, 0x0924, 
    0x0924, 0x0924, 0x0924, 0x0924, 0x0924, 0x0924, 0x0924, 0x0924, 0x0924, 0x0924, 0x0924, 0x0924, 
    0x0924, 0x0924, 0x0924, 0x0924, 0x0924, 0x0924, 0x0924, 0x0924, 0x0924, 0x0924, 0x0924, 0x0924, 
    0x0924, 0x0924, 0x0924, 0x0924, 0x0924, 0x0924, 0x0924, 0x0924, 0x0924, 0x0924, 0x0924, 0x0924, 
    0x0924, 0x0924, 0x0924, 0x0924, 0x8861, 0xF000, 0xF800, 0xF800, 0xF800, 0xF000, 0xF800, 0x1104, 
    0x0924, 0x0924, 0x0924, 0x50A2, 0xF800, 0xF800, 0xF800, 0xF800, 0xE800, 0xF800, 0x18E3, 0x0924, 
    0x0924, 0x18E3, 0xF800, 0xE800, 0xF800, 0xF800, 0xF800, 0xD800, 0x0924, 0x0924, 0x0924, 0x0924, 
    0x0924, 0xE800, 0xE800, 0xF800, 0xF800, 0xF800, 0xF000, 0x9061, 0x0924, 0x0924, 0x0924, 0x0924, 
    0x0924, 0x0924, 0x0924, 0x0924, 0x0924, 0x0924, 0x0924, 0x0924, 0x0924, 0x0924, 0x0924, 0x0924, 
    0x0924, 0x0924, 0x0924, 0x0924, 0x0924, 0x0924, 0x0924, 0x0924, 0x0924, 0x0924, 0x0924, 0x0924, 
    0x0924, 0x0924, 0x0924, 0x0924, 0x0924, 0x0924, 0x0924, 0x0924, 0x0924, 0x0924, 0x0924, 0x0924, 
    0x0924, 0x0924, 0x0924, 0x0924, 0x0924, 0x0924, 0x0924, 0x0924, 0x0924, 0x0924, 0x0924, 0x0924, 
    0x0924, 0x0924, 0x0924, 0x0924, 0x0924, 0x0924, 0x0924, 0x0924, 0x0924, 0x0924, 0x0924, 0x0924, 
    0x0924, 0x0924, 0x0924, 0x0924, 0x0924, 0x0924, 0x0924, 0x0924, 0x0924, 0x0924, 0x0924, 0x0924, 
    0x0924, 0x0924, 0x0924, 0x0924, 0x0924, 0xF800, 0xE800, 0xF800, 0xF800, 0xF800, 0xF800, 0xF800, 
    0x1104, 0x0924, 0x0924, 0x0924, 0xE800, 0xF800, 0xF800, 0xF800, 0xE800, 0xF800, 0x10E3, 0x0924, 
    0x0924, 0x1104, 0xF800, 0xE800, 0xF800, 0xF800, 0xF800, 0xF800, 0x0924, 0x0924, 0x0924, 0x0924, 
    0x20E3, 0xF800, 0xF800, 0xF800, 0xF800, 0xF000, 0xF800, 0x0924, 0x0924, 0x0924, 0x0924, 0x0924, 
    0x0924, 0x0924, 0x0924, 0x0924, 0x0924, 0x0924, 0x0924, 0x0924, 0x0924, 0x0924, 0x0924, 0x0924, 
    0x0924, 0x0924, 0x0924, 0x0924, 0x0924, 0x0924, 0x0924, 0x0924, 0x0924, 0x0924, 0x0924, 0x0924, 
    0x0924, 0x0924, 0x0924, 0x0924, 0x0924, 0x0924, 0x0924, 0x0924, 0x0924, 0x0924, 0x0924, 0x0924, 
    0x0924, 0x0924, 0x0924, 0x0924, 0x0924, 0x0924, 0x0924, 0x0924, 0x0924, 0x0924, 0x0924, 0x0924, 
    0x0924, 0x0924, 0x0924, 0x0924, 0x0924, 0x0924, 0x0924, 0x0924, 0x0924, 0x0924, 0x0924, 0x0924, 
    0x0924, 0x0924, 0x0924, 0x0924, 0x0924, 0x0924, 0x0924, 0x0924, 0x0924, 0x0924, 0x0924, 0x0924, 
    0x0924, 0x0924, 0x0924, 0x0924, 0x0924, 0x48A2, 0xF800, 0xF000, 0xF800, 0xF800, 0xF800, 0xF800, 
    0xB041, 0x0924, 0x0924, 0x0924, 0xE000, 0xF800, 0xF800, 0xF800, 0xE800, 0xF800, 0x10E3, 0x0924, 
    0x0924, 0x7082, 0xF800, 0xF800, 0xF800, 0xF800, 0xF800, 0x20E3, 0x0924, 0x0924, 0x0924, 0x0924, 
    0xF800, 0xF800, 0xF800, 0xF800, 0xF000, 0xF800, 0x40A2, 0x0924, 0x0924, 0x0924, 0x0924, 0x0924, 
    0x0924, 0x0924, 0x0924, 0x0924, 0x0924, 0x0924, 0x0924, 0x0924, 0x0924, 0x0924, 0x0924, 0x0924, 
    0x0924, 0x0924, 0x0924, 0x0924, 0x0924, 0x0924, 0x0924, 0x0924, 0x0924, 0x0924, 0x0924, 0x0924, 
    0x0924, 0x0924, 0x0924, 0x0924, 0x0924, 0x0924, 0x0924, 0x0924, 0x0924, 0x0924, 0x0924, 0x0924, 
    0x0924, 0x0924, 0x0924, 0x0924, 0x0924, 0x0924, 0x0924, 0x0924, 0x0924, 0x0924, 0x0924, 0x0924, 
    0x0924, 0x0924, 0x0924, 0x0924, 0x0924, 0x0924, 0x0924, 0x0924, 0x0924, 0x0924, 0x0924, 0x0924, 
    0x0924, 0x0924, 0x0924, 0x0924, 0x0924, 0x0924, 0x0924, 0x0924, 0x0924, 0x0924, 0x0924, 0x0924, 
    0x0924, 0x0924, 0x0924, 0x0924, 0x0924, 0x0924, 0x6082, 0xF800, 0xF000, 0xF800, 0xF800, 0xF000, 
    0xD820, 0x20E3, 0x0924, 0x0924, 0xF800, 0xF800, 0xF800, 0xF800, 0xE800, 0xF800, 0x18E3, 0x0924, 
    0x0904, 0xF800, 0xF000, 0xF800, 0xF800, 0xF000, 0xF800, 0x0924, 0x0924, 0x0924, 0x0924, 0x50A2, 
    0xE800, 0xF800, 0xF800, 0xF800, 0xE800, 0xF000, 0x1104, 0x0924, 0x0924, 0x0924, 0x0924, 0x0924, 
    0x0924, 0x0924, 0x0924, 0x0924, 0x0924, 0x0924, 0x0924, 0x0924, 0x0924, 0x0924, 0x0924, 0x0924, 
    0x0924, 0x0924, 0x0924, 0x0924, 0x0924, 0x0924, 0x0924, 0x0924, 0x0924, 0x0924, 0x0924, 0x0924, 
    0x0924, 0x0924, 0x0924, 0x0924, 0x0924, 0x0924, 0x0924, 0x0924, 0x0924, 0x0924, 0x0924, 0x0924, 
    0x0924, 0x0924, 0x0924, 0x0924, 0x0924, 0x0924, 0x0924, 0x0924, 0x0924, 0x0924, 0x0924, 0x0924, 
    0x0924, 0x0924, 0x0924, 0x0924, 0x0924, 0x0924, 0x0924, 0x0924, 0x0924, 0x0924, 0x0924, 0x0924, 
    0x0924, 0x0924, 0x0924, 0x0924, 0x0924, 0x0924, 0x0924, 0x0924, 0x0924, 0x0924, 0x0924, 0x0924, 
    0x0924, 0x0924, 0x0924, 0x0924, 0x0924, 0x0924, 0x20E3, 0xD820, 0xF000, 0xF800, 0xF800, 0xF000, 
    0xF800, 0x6082, 0x0924, 0x0924, 0x9041, 0xF800, 0xF800, 0xF800, 0xF800, 0xF000, 0xF000, 0x0924, 
    0x0924, 0xF000, 0xF000, 0xF800, 0xF800, 0xF000, 0xF800, 0x0924, 0x0924, 0x0924, 0x30C3, 0xF800, 
    0xF000, 0xF800, 0xF800, 0xF000, 0xF800, 0x50A2, 0x0924, 0x0924, 0x0924, 0x0924, 0x0924, 0x0924, 
    0x0924, 0x0924, 0x0924, 0x0924, 0x0924, 0x0924, 0x0924, 0x0924, 0x0924, 0x0924, 0x0924, 0x0924, 
    0x0924, 0x0924, 0x0924, 0x0924, 0x0924, 0x0924, 0x0924, 0x0924, 0x0924, 0x0924, 0x0924, 0x0924, 
    0x0924, 0x0924, 0x0924, 0x0924, 0x0924, 0x0924, 0x0924, 0x0924, 0x0924, 0x0924, 0x0924, 0x0924, 
    0x0924, 0x0924, 0x0924, 0x0924, 0x0924, 0x0924, 0x0924, 0x0924, 0x0924, 0x0924, 0x0924, 0x0924, 
    0x0924, 0x0924, 0x0924, 0x0924, 0x0924, 0x0924, 0x0924, 0x0924, 0x0924, 0x0924, 0x0924, 0x0924, 
    0x0924, 0x0924, 0x0924, 0x0924, 0x0924, 0x0924, 0x0924, 0x0924, 0x0924, 0x0924, 0x0924, 0x0924, 
    0x30C3, 0xA041, 0x0924, 0x0924, 0x0924, 0x0924, 0x0924, 0xB041, 0xF800, 0xF800, 0xF800, 0xF800, 
    0xF000, 0xF800, 0x48A2, 0x0924, 0x0924, 0xF800, 0xF000, 0xF800, 0xF800, 0xF000, 0xF800, 0x0924, 
    0x0924, 0xF800, 0xF000, 0xF800, 0xF800, 0xF000, 0xF800, 0x0924, 0x0924, 0x0924, 0x7061, 0xF000, 
    0xF000, 0xF800, 0xF800, 0xF000, 0xF800, 0x1104, 0x0924, 0x0924, 0x0924, 0x0924, 0x0924, 0x0924, 
    0x0924, 0x0924, 0x0924, 0x0924, 0x0924, 0x0924, 0x0924, 0x0924, 0x0924, 0x0924, 0x0924, 0x0924, 
    0x0924, 0x0924, 0x0924, 0x0924, 0x0924, 0x0924, 0x0924, 0x0924, 0x0924, 0x0924, 0x0924, 0x0924, 
    0x0924, 0x0924, 0x0924, 0x0924, 0x0924, 0x0924, 0x0924, 0x0924, 0x0924, 0x0924, 0x0924, 0x0924, 
    0x0924, 0x0924, 0x0924, 0x0924, 0x0924, 0x0924, 0x0924, 0x0924, 0x0924, 0x0924, 0x0924, 0x0924, 
    0x0924, 0x0924, 0x0924, 0x0924, 0x0924, 0x0924, 0x0924, 0x0924, 0x0924, 0x0924, 0x0924, 0x0924, 
    0x0924, 0x0924, 0x0924, 0x0924, 0x0924, 0x0924, 0x0924, 0x0924, 0x0924, 0x0924, 0x0924, 0x20E3, 
    0xF800, 0xF800, 0x8061, 0x0924, 0x0924, 0x0924, 0x0924, 0x1104, 0xF000, 0xF800, 0xF800, 0xF800, 
    0xF800, 0xE800, 0xF800, 0x0924, 0x0924, 0xF800, 0xF000, 0xF800, 0xF800, 0xF000, 0xF800, 0x0924, 
    0x0924, 0xF800, 0xF000, 0xF800, 0xF800, 0xF000, 0xF800, 0x0904, 0x0924, 0x10E3, 0xF800, 0xE800, 
    0xF800, 0xF800, 0xF800, 0xF800, 0x0904, 0x0924, 0x0924, 0x0924, 0x0924, 0xA041, 0xA041, 0x0924, 
    0x0924, 0x0924, 0x0924, 0x0924, 0x0924, 0x0924, 0x0924, 0x0924, 0x0924, 0x0924, 0x0924, 0x0924, 
    0x0924, 0x0924, 0x0924, 0x0924, 0x0924, 0x0924, 0x0924, 0x0924, 0x0924, 0x0924, 0x0924, 0x0924, 
    0x0924, 0x0924, 0x0924, 0x0924, 0x0924, 0x0924, 0x0924, 0x0924, 0x0924, 0x0924, 0x0924, 0x0924, 
    0x0924, 0x0924, 0x0924, 0x0924, 0x0924, 0x0924, 0x0924, 0x0924, 0x0924, 0x0924, 0x0924, 0x0924, 
    0x0924, 0x0924, 0x0924, 0x0924, 0x0924, 0x0924, 0x0924, 0x0924, 0x0924, 0x0924, 0x0924, 0x0924, 
    0x0924, 0x0924, 0x0924, 0x0924, 0x0924, 0x0924, 0x0924, 0x0924, 0x0924, 0x0924, 0x28C3, 0xF800, 
    0xE800, 0xF000, 0xF800, 0xA041, 0x50A2, 0x0924, 0x0924, 0x0924, 0xE000, 0xF800, 0xF800, 0xF800, 
    0xF800, 0xF800, 0xF000, 0x7861, 0x0924, 0xF800, 0xF000, 0xF800, 0xF800, 0xF000, 0xF800, 0x0904, 
    0x7861, 0xF800, 0xF800, 0xF800, 0xF000, 0xF800, 0x28C3, 0x0924, 0x0924, 0xA841, 0xE800, 0xF800, 
    0xF800, 0xF800, 0xF000, 0xD020, 0x0924, 0x0924, 0x0924, 0x0924, 0x9841, 0xF800, 0xF800, 0x9841, 
    0x0924, 0x0924, 0x0924, 0x0924, 0x0924, 0x0924, 0x0924, 0x0924, 0x0924, 0x0924, 0x0924, 0x0924, 
    0x0924, 0x0924, 0x0924, 0x0924, 0x0924, 0x0924, 0x0924, 0x0924, 0x0924, 0x0924, 0x0924, 0x0924, 
    0x0924, 0x0924, 0x0924, 0x0924, 0x0924, 0x0924, 0x0924, 0x0924, 0x0924, 0x0924, 0x0924, 0x0924, 
    0x0924, 0x0924, 0x0924, 0x0924, 0x0924, 0x0924, 0x0924, 0x0924, 0x0924, 0x0924, 0x0924, 0x0924, 
    0x0924, 0x0924, 0x0924, 0x0924, 0x0924, 0x0924, 0x0924, 0x0924, 0x0924, 0x0924, 0x0924, 0x0924, 
    0x0924, 0x0924, 0x0924, 0x0924, 0x0924, 0x0924, 0x0924, 0x0924, 0x0924, 0x28C3, 0xF800, 0xE800, 
    0xF800, 0xF800, 0xF000, 0xF800, 0xF800, 0x50A2, 0x0924, 0x0924, 0x0924, 0xA841, 0xE800, 0xF800, 
    0xF800, 0xF800, 0xF800, 0xE800, 0x1104, 0xF800, 0xF000, 0xF800, 0xF800, 0xF800, 0xF800, 0xF000, 
    0xF800, 0xF800, 0xF800, 0xF800, 0xE800, 0xF800, 0x1104, 0x0924, 0x1104, 0xF800, 0xF000, 0xF800, 
    0xF800, 0xF000, 0xF800, 0x0904, 0x0924, 0x0924, 0x0924, 0x9061, 0xF800, 0xF000, 0xF000, 0xF800, 
    0x9041, 0x0924, 0x0924, 0x0924, 0x0924, 0x0924, 0x0924, 0x0924, 0x0924, 0x0924, 0x0924, 0x0924, 
    0x0924, 0x0924, 0x0924, 0x0924, 0x0924, 0x0924, 0x0924, 0x0924, 0x0924, 0x0924, 0x0924, 0x0924, 
    0x0924, 0x0924, 0x0924, 0x0924, 0x0924, 0x0924, 0x0924, 0x0924, 0x0924, 0x0924, 0x0924, 0x0924, 
    0x0924, 0x0924, 0x0924, 0x0924, 0x0924, 0x0924, 0x0924, 0x0924, 0x0924, 0x0924, 0x0924, 0x0924, 
    0x0924, 0x0924, 0x0924, 0x0924, 0x0924, 0x0924, 0x0924, 0x0924, 0x0924, 0x0924, 0x0924, 0x0924, 
    0x0924, 0x0924, 0x0924, 0x0924, 0x0924, 0x0924, 0x0924, 0x0924, 0x0924, 0x9841, 0xF800, 0xE800, 
    0xF800, 0xF800, 0xF800, 0xF800, 0xF000, 0xF800, 0x48A2, 0x0924, 0x0924, 0x10E3, 0xF800, 0xE800, 
    0xF800, 0xF800, 0xF800, 0xF800, 0xF800, 0xF800, 0xF800, 0xF800, 0xF800, 0xF800, 0xF800, 0xF800, 
    0xF800, 0xF800, 0xF800, 0xF800, 0xE800, 0xF800, 0x10E3, 0x0924, 0xF800, 0xF800, 0xF800, 0xF800, 
    0xF800, 0xF000, 0x7082, 0x0924, 0x0924, 0x48A2, 0xF800, 0xF800, 0xF800, 0xF800, 0xF800, 0xF000, 
    0xF800, 0x9041, 0x0924, 0x0924, 0x0924, 0x0924, 0x0924, 0x0924, 0x0924, 0x0924, 0x0924, 0x0924, 
    0x0924, 0x0924, 0x0924, 0x0924, 0x0924, 0x0924, 0x0924, 0x0924, 0x0924, 0x0924, 0x0924, 0x0924, 
    0x0924, 0x0924, 0x0924, 0x0924, 0x0924, 0x0924, 0x0924, 0x0924, 0x0924, 0x0924, 0x0924, 0x0924, 
    0x0924, 0x0924, 0x0924, 0x0924, 0x0924, 0x0924, 0x0924, 0x0924, 0x0924, 0x0924, 0x0924, 0x0924, 
    0x0924, 0x0924, 0x0924, 0x0924, 0x0924, 0x0924, 0x0924, 0x0924, 0x0924, 0x0924, 0x0924, 0x0924, 
    0x0924, 0x0924, 0x0924, 0x0924, 0x0924, 0x0924, 0x0924, 0x0924, 0x0924, 0x0924, 0x8061, 0xF800, 
    0xF800, 0xF800, 0xF800, 0xF800, 0xF800, 0xF000, 0xF800, 0x5882, 0x0924, 0x0924, 0x7861, 0xF000, 
    0xF000, 0xF800, 0xF800, 0xF800, 0xF000, 0xF800, 0xF800, 0xF800, 0xF800, 0xF800, 0xF800, 0xF800, 
    0xF800, 0xF800, 0xF800, 0xF800, 0xE800, 0xF800, 0x0904, 0x18E3, 0xF000, 0xF800, 0xF800, 0xF800, 
    0xE800, 0xF800, 0x1104, 0x0924, 0x5882, 0xF800, 0xE800, 0xF800, 0xF800, 0xF800, 0xF800, 0xF000, 
    0xF800, 0x9041, 0x0924, 0x0924, 0x0924, 0x0924, 0x0924, 0x0924, 0x0924, 0x0924, 0x0924, 0x0924, 
    0x0924, 0x0924, 0x0924, 0x0924, 0x0924, 0x0924, 0x0924, 0x0924, 0x0924, 0x0924, 0x0924, 0x0924, 
    0x0924, 0x0924, 0x0924, 0x0924, 0x0924, 0x0924, 0x0924, 0x0924, 0x0924, 0x0924, 0x0924, 0x0924, 
    0x0924, 0x0924, 0x0924, 0x0924, 0x0924, 0x0924, 0x0924, 0x0924, 0x0924, 0x0924, 0x0924, 0x0924, 
    0x0924, 0x0924, 0x0924, 0x0924, 0x0924, 0x0924, 0x0924, 0x0924, 0x0924, 0x0924, 0x0924, 0x0924, 
    0x0924, 0x0924, 0x0924, 0x0924, 0x0924, 0x0924, 0x0924, 0x0924, 0x0924, 0x0924, 0x0924, 0x0904, 
    0xE000, 0xF800, 0xF800, 0xF800, 0xF800, 0xF800, 0xF000, 0xF800, 0x9061, 0x10E3, 0x18E3, 0xF800, 
    0xF000, 0xF800, 0xF800, 0xF800, 0xF800, 0xF800, 0xF800, 0xF800, 0xF800, 0xF800, 0xF800, 0xF800, 
    0xF800, 0xF800, 0xF800, 0xF800, 0xF800, 0xE000, 0x9041, 0xF800, 0xF800, 0xF800, 0xF800, 0xF000, 
    0xF800, 0x50A2, 0x0924, 0x5882, 0xF800, 0xF000, 0xF800, 0xF800, 0xF800, 0xF800, 0xF800, 0xF800, 
    0x9041, 0x0924, 0x0924, 0x0924, 0x0924, 0x0924, 0x0924, 0x0924, 0x0924, 0x0924, 0x0924, 0x0924, 
    0x0924, 0x0924, 0x0924, 0x0924, 0x0924, 0x0924, 0x0924, 0x0924, 0x0924, 0x0924, 0x0924, 0x0924, 
    0x0924, 0x0924, 0x0924, 0x0924, 0x0924, 0x0924, 0x0924, 0x0924, 0x0924, 0x0924, 0x0924, 0x0924, 
    0x0924, 0x0924, 0x0924, 0x0924, 0x0924, 0x0924, 0x0924, 0x0924, 0x0924, 0x0924, 0x0924, 0x0924, 
    0x0924, 0x0924, 0x0924, 0x0924, 0x0924, 0x0924, 0x0924, 0x0924, 0x0924, 0x0924, 0x0924, 0x0924, 
    0x0924, 0x0924, 0x0924, 0x0924, 0x0924, 0x0924, 0x0924, 0x0924, 0x0924, 0x0924, 0x0924, 0x0924, 
    0x0924, 0xC020, 0xF800, 0xF000, 0xF800, 0xF800, 0xF800, 0xF000, 0xF800, 0xF800, 0x18E3, 0x30C3, 
    0xF000, 0xF800, 0xF800, 0xF800, 0xF800, 0xF800, 0xF800, 0xF800, 0xF800, 0xF800, 0xF800, 0xF800, 
    0xF800, 0xF800, 0xF800, 0xF000, 0xF800, 0x40A2, 0x48A2, 0xF800, 0xF000, 0xF800, 0xF800, 0xF800, 
    0x8061, 0x0924, 0x48A2, 0xF800, 0xE800, 0xF800, 0xF800, 0xF800, 0xF000, 0xF800, 0xC020, 0x8061, 
    0x0924, 0x0924, 0x0924, 0x0924, 0x0924, 0x0924, 0x0924, 0x0924, 0x0924, 0x0924, 0x0924, 0x0924, 
    0x0924, 0x0924, 0x0924, 0x0924, 0x0924, 0x0924, 0x0924, 0x0924, 0x0924, 0x0924, 0x0924, 0x0924, 
    0x0924, 0x0924, 0x0924, 0x0924, 0x0924, 0x0924, 0x0924, 0x0924, 0x0924, 0x0924, 0x0924, 0x0924, 
    0x0924, 0x0924, 0x0924, 0x0924, 0x0924, 0x0924, 0x0924, 0x0924, 0x0924, 0x0924, 0x0924, 0x0924, 
    0x0924, 0x0924, 0x0924, 0x0924, 0x0924, 0x0924, 0x0924, 0x0924, 0x0924, 0x0924, 0x0924, 0x0924, 
    0x0924, 0x0924, 0x0924, 0x0924, 0x0924, 0x0924, 0x0904, 0x0924, 0x0924, 0x0924, 0x0924, 0x0924, 
    0x0924, 0x0924, 0xC020, 0xF800, 0xE800, 0xF800, 0xF800, 0xF800, 0xF800, 0xF800, 0xF800, 0x20E3, 
    0xD820, 0xF800, 0xF800, 0xF800, 0xF800, 0xF800, 0xF800, 0xF800, 0xF800, 0xF800, 0xF800, 0xF800, 
    0xF800, 0xF800, 0xF800, 0xF800, 0xF800, 0xF800, 0xF800, 0xF800, 0xF800, 0xF800, 0xF800, 0xF800, 
    0x9061, 0x38C3, 0xF800, 0xF000, 0xF800, 0xF800, 0xF800, 0xF000, 0xF800, 0xC020, 0x0924, 0x0924, 
    0x0924, 0x0924, 0x0924, 0x0924, 0x0924, 0x0924, 0x0924, 0x0924, 0x0924, 0x0924, 0x0924, 0x0924, 
    0x0924, 0x0924, 0x0924, 0x0924, 0x0924, 0x0924, 0x0924, 0x0924, 0x0924, 0x0924, 0x0924, 0x0924, 
    0x0924, 0x0924, 0x0924, 0x0924, 0x0924, 0x0924, 0x0924, 0x0924, 0x0924, 0x0924, 0x0924, 0x0924, 
    0x0924, 0x0924, 0x0924, 0x0924, 0x0924, 0x0924, 0x0924, 0x0924, 0x0924, 0x0924, 0x0924, 0x0924, 
    0x0924, 0x0924, 0x0924, 0x0924, 0x0924, 0x0924, 0x0924, 0x0924, 0x0924, 0x0924, 0x0924, 0x0924, 
    0x0924, 0x0924, 0x0924, 0x0924, 0x0924, 0x0924, 0x50A2, 0x6882, 0x38A2, 0x1104, 0x0924, 0x0924, 
    0x0924, 0x0924, 0x0904, 0xD800, 0xF800, 0xF800, 0xF800, 0xF800, 0xF800, 0xF800, 0xF000, 0xF800, 
    0xF800, 0xF800, 0xF800, 0xF800, 0xF800, 0xF800, 0xF800, 0xF800, 0xF800, 0xF800, 0xF800, 0xF800, 
    0xF800, 0xF800, 0xF800, 0xF800, 0xF800, 0xF800, 0xF800, 0xF800, 0xF800, 0xF800, 0xF800, 0xF800, 
    0xF800, 0xF800, 0xF800, 0xF800, 0xF800, 0xF800, 0xF000, 0xF800, 0xD820, 0x0924, 0x0924, 0x0924, 
    0x0924, 0x0924, 0x0924, 0x0924, 0x0924, 0x18E3, 0x0924, 0x0924, 0x0924, 0x0924, 0x0924, 0x0924, 
    0x0924, 0x0924, 0x0924, 0x0924, 0x0924, 0x0924, 0x0924, 0x0924, 0x0924, 0x0924, 0x0924, 0x0924, 
    0x0924, 0x0924, 0x0924, 0x0924, 0x0924, 0x0924, 0x0924, 0x0924, 0x0924, 0x0924, 0x0924, 0x0924, 
    0x0924, 0x0924, 0x0924, 0x0924, 0x0924, 0x0924, 0x0924, 0x0924, 0x0924, 0x0924, 0x0924, 0x0924, 
    0x0924, 0x0924, 0x0924, 0x0924, 0x0924, 0x0924, 0x0924, 0x0924, 0x0924, 0x0924, 0x0924, 0x0924, 
    0x0924, 0x0924, 0x0924, 0x0924, 0x0924, 0x0904, 0xB820, 0xF800, 0xF800, 0xE000, 0x8861, 0x0924, 
    0x0924, 0x0924, 0x0924, 0x0924, 0x1104, 0xF800, 0xF800, 0xF800, 0xF800, 0xF800, 0xF800, 0xF000, 
    0xF800, 0xF800, 0xF800, 0xF800, 0xF800, 0xF800, 0xF800, 0xF800, 0xF800, 0xF800, 0xF800, 0xF800, 
    0xF800, 0xF800, 0xF800, 0xF800, 0xF800, 0xF800, 0xF800, 0xF800, 0xF800, 0xF800, 0xF800, 0xF800, 
    0xF800, 0xF000, 0xF800, 0xF800, 0xF800, 0xF000, 0xF800, 0xE800, 0x0924, 0x0924, 0x0924, 0x0924, 
    0x0924, 0x0924, 0x28C3, 0x8861, 0xB041, 0x5882, 0x0924, 0x0924, 0x0924, 0x0924, 0x0924, 0x0924, 
    0x0924, 0x0924, 0x0924, 0x0924, 0x0924, 0x0924, 0x0924, 0x0924, 0x0924, 0x0924, 0x0924, 0x0924, 
    0x0924, 0x0924, 0x0924, 0x0924, 0x0924, 0x0924, 0x0924, 0x0924, 0x0924, 0x0924, 0x0924, 0x0924, 
    0x0924, 0x0924, 0x0924, 0x0924, 0x0924, 0x0924, 0x0924, 0x0924, 0x0924, 0x0924, 0x0924, 0x0924, 
    0x0924, 0x0924, 0x0924, 0x0924, 0x0924, 0x0924, 0x0924, 0x0924, 0x0924, 0x0924, 0x0924, 0x0924, 
    0x0924, 0x0924, 0x0924, 0x0924, 0x0924, 0x18E3, 0xF800, 0xE000, 0xF000, 0xF800, 0xF800, 0xE800, 
    0xE800, 0x50A2, 0x0924, 0x0924, 0x0924, 0x0904, 0xE800, 0xF800, 0xF800, 0xF800, 0xF800, 0xF800, 
    0xF800, 0xF800, 0xF800, 0xF800, 0xF800, 0xF800, 0xF800, 0xF800, 0xF800, 0xF800, 0xF800, 0xF800, 
    0xF800, 0xF800, 0xF800, 0xF800, 0xF800, 0xF800, 0xF800, 0xF800, 0xF800, 0xF800, 0xF800, 0xF800, 
    0xF800, 0xF800, 0xF800, 0xF800, 0xF000, 0xF800, 0xD020, 0x0924, 0x0924, 0x0924, 0x0924, 0x0924, 
    0x1104, 0xE800, 0xF800, 0xF800, 0xF800, 0xE800, 0x1104, 0x0924, 0x0924, 0x0924, 0x0924, 0x0924, 
    0x0924, 0x0924, 0x0924, 0x0924, 0x0924, 0x0924, 0x0924, 0x0924, 0x0924, 0x0924, 0x0924, 0x0924, 
    0x0924, 0x0924, 0x0924, 0x0924, 0x0924, 0x0924, 0x0924, 0x0924, 0x0924, 0x0924, 0x0924, 0x0924, 
    0x0924, 0x0924, 0x0924, 0x0924, 0x0924, 0x0924, 0x0924, 0x0924, 0x0924, 0x0924, 0x0924, 0x0924, 
    0x0924, 0x0924, 0x0924, 0x0924, 0x0924, 0x0924, 0x0924, 0x0924, 0x0924, 0x0924, 0x0924, 0x0924, 
    0x0924, 0x0924, 0x0924, 0x0924, 0x0924, 0x1104, 0xF800, 0xE800, 0xF800, 0xF800, 0xF800, 0xF800, 
    0xF800, 0xF800, 0xF800, 0xF800, 0x18E3, 0x1104, 0x18E3, 0xA841, 0xF000, 0xF800, 0xF800, 0xF800, 
    0xF800, 0xF800, 0xF800, 0xF800, 0xF800, 0xF800, 0xF800, 0xF800, 0xF800, 0xF800, 0xF800, 0xF800, 
    0xF800, 0xF800, 0xF800, 0xF800, 0xF800, 0xF800, 0xF800, 0xF800, 0xF800, 0xF800, 0xF800, 0xF800, 
    0xF800, 0xF800, 0xF800, 0xF800, 0xF800, 0x40A2, 0x0924, 0x0924, 0x18E3, 0x10E3, 0x8061, 0xF800, 
    0xF800, 0xF800, 0xF800, 0xF800, 0xE800, 0xF800, 0x10E3, 0x0924, 0x0924, 0x0924, 0x0924, 0x0924, 
    0x0924, 0x0924, 0x0924, 0x0924, 0x0924, 0x0924, 0x0924, 0x0924, 0x0924, 0x0924, 0x0924, 0x0924, 
    0x0924, 0x0924, 0x0924, 0x0924, 0x0924, 0x0924, 0x0924, 0x0924, 0x0924, 0x0924, 0x0924, 0x0924, 
    0x0924, 0x0924, 0x0924, 0x0924, 0x0924, 0x0924, 0x0924, 0x0924, 0x0924, 0x0924, 0x0924, 0x0924, 
    0x0924, 0x0924, 0x0924, 0x0924, 0x0924, 0x0924, 0x0924, 0x0924, 0x0924, 0x0924, 0x0924, 0x0924, 
    0x0924, 0x0924, 0x0924, 0x0924, 0x0924, 0x7861, 0xF800, 0xF000, 0xF800, 0xF800, 0xF800, 0xF800, 
    0xF800, 0xF800, 0xF000, 0xF000, 0xF800, 0xF800, 0x6082, 0xA841, 0xF800, 0xF800, 0xF800, 0xF800, 
    0xF800, 0xF800, 0xF800, 0xF800, 0xF800, 0xF800, 0xF800, 0xF800, 0xF800, 0xF800, 0xF800, 0xF800, 
    0xF800, 0xF800, 0xF800, 0xF800, 0xF800, 0xF800, 0xF800, 0xF800, 0xF800, 0xF800, 0xF800, 0xF800, 
    0xF800, 0xF800, 0xF800, 0xF800, 0x0904, 0x0924, 0x1104, 0x40A2, 0xF800, 0xF800, 0xF800, 0xF000, 
    0xF000, 0xF800, 0xF800, 0xF800, 0xE800, 0xF800, 0x1104, 0x0924, 0x0924, 0x0924, 0x0924, 0x0924, 
    0x0924, 0x0924, 0x0924, 0x0924, 0x0924, 0x0924, 0x0924, 0x0924, 0x0924, 0x0924, 0x0924, 0x0924, 
    0x0924, 0x0924, 0x0924, 0x0924, 0x0924, 0x0924, 0x0924, 0x0924, 0x0924, 0x0924, 0x0924, 0x0924, 
    0x0924, 0x0924, 0x0924, 0x0924, 0x0924, 0x0924, 0x0924, 0x0924, 0x0924, 0x0924, 0x0924, 0x0924, 
    0x0924, 0x0924, 0x0924, 0x0924, 0x0924, 0x0924, 0x0924, 0x0924, 0x0924, 0x0924, 0x0924, 0x0924, 
    0x0924, 0x0924, 0x0924, 0x0924, 0x0924, 0xF800, 0xE000, 0xF800, 0xF800, 0xF000, 0xF000, 0xF800, 
    0xF800, 0xF800, 0xF800, 0xF800, 0xF000, 0xE800, 0xF800, 0xF800, 0xF800, 0xF800, 0xF800, 0xF800, 
    0xF800, 0xF800, 0xF800, 0xF800, 0xF800, 0xF800, 0xF800, 0xF800, 0xF800, 0xF800, 0xF800, 0xF800, 
    0xF800, 0xF800, 0xF800, 0xF800, 0xF800, 0xF800, 0xF800, 0xF800, 0xF800, 0xF800, 0xF800, 0xF800, 
    0xF800, 0xF000, 0xF800, 0x1104, 0x5882, 0x9841, 0xF000, 0xF800, 0xE800, 0xE800, 0xF800, 0xF800, 
    0xF800, 0xF800, 0xF800, 0xF000, 0xF000, 0xF800, 0xD020, 0x0924, 0x0924, 0x0924, 0x0924, 0x0924, 
    0x0924, 0x0924, 0x0924, 0x0924, 0x0924, 0x0924, 0x0924, 0x0924, 0x0924, 0x0924, 0x0924, 0x0924, 
    0x0924, 0x0924, 0x0924, 0x0924, 0x0924, 0x0924, 0x0924, 0x0924, 0x0924, 0x0924, 0x0924, 0x0924, 
    0x0924, 0x0924, 0x0924, 0x0924, 0x0924, 0x0924, 0x0924, 0x0924, 0x0924, 0x0924, 0x0924, 0x0924, 
    0x0924, 0x0924, 0x0924, 0x0924, 0x0924, 0x0924, 0x0924, 0x0924, 0x0924, 0x0924, 0x0924, 0x0924, 
    0x0924, 0x0924, 0x0924, 0x0924, 0x0924, 0x0924, 0x0924, 0x50A2, 0xA041, 0xF800, 0xF800, 0xF800, 
    0xE800, 0xF000, 0xF800, 0xF800, 0xF800, 0xF800, 0xF000, 0xF800, 0xF800, 0xF800, 0xF800, 0xF800, 
    0xF800, 0xF800, 0xF800, 0xF800, 0xF800, 0xF800, 0xF800, 0xF800, 0xF800, 0xF800, 0xF800, 0xF800, 
    0xF800, 0xF800, 0xF800, 0xF800, 0xF800, 0xF800, 0xF800, 0xF800, 0xF800, 0xF800, 0xF800, 0xF800, 
    0xF800, 0xF800, 0xF800, 0xD020, 0xF800, 0xF800, 0xF800, 0xF000, 0xF800, 0xF800, 0xF800, 0xF800, 
    0xF800, 0xE800, 0xE800, 0xF800, 0xF800, 0x8061, 0x9841, 0x0924, 0x0924, 0x0924, 0x0924, 0x0924, 
    0x0924, 0x0924, 0x0924, 0x0924, 0x0924, 0x0924, 0x0924, 0x0924, 0x0924, 0x0924, 0x0924, 0x0924, 
    0x0924, 0x0924, 0x0924, 0x0924, 0x0924, 0x0924, 0x0924, 0x0924, 0x0924, 0x0924, 0x0924, 0x0924, 
    0x0924, 0x0924, 0x0924, 0x0924, 0x0924, 0x0924, 0x0924, 0x0924, 0x0924, 0x0924, 0x0924, 0x0924, 
    0x0924, 0x0924, 0x0924, 0x0924, 0x0924, 0x0924, 0x0924, 0x0924, 0x0924, 0x0924, 0x0924, 0x0924, 
    0x0924, 0x0924, 0x0924, 0x0924, 0x0924, 0x0924, 0x0924, 0x0924, 0x0924, 0x40A2, 0x38C3, 0xF800, 
    0xF800, 0xF800, 0xF000, 0xF000, 0xF800, 0xF800, 0xF800, 0xF800, 0xF800, 0xF800, 0xF800, 0xF800, 
    0xF800, 0xF800, 0xF800, 0xF800, 0xF800, 0xF800, 0xF800, 0xF800, 0xF800, 0xF800, 0xF800, 0xF800, 
    0xF800, 0xF800, 0xF800, 0xF800, 0xF800, 0xF800, 0xF800, 0xF800, 0xF800, 0xF800, 0xF800, 0xF800, 
    0xF800, 0xF800, 0xF800, 0xF800, 0xF800, 0xF800, 0xF800, 0xF800, 0xF800, 0xF800, 0xF800, 0xF000, 
    0xF800, 0xF800, 0xF800, 0x5882, 0x20E3, 0x0924, 0x0924, 0x0924, 0x0924, 0x0924, 0x0924, 0x0924, 
    0x0924, 0x0924, 0x0924, 0x0924, 0x0924, 0x0924, 0x0924, 0x0924, 0x0924, 0x0924, 0x0924, 0x0924, 
    0x0924, 0x0924, 0x0924, 0x0924, 0x0924, 0x0924, 0x0924, 0x0924, 0x0924, 0x0924, 0x0924, 0x0924, 
    0x0924, 0x0924, 0x0924, 0x0924, 0x0924, 0x0924, 0x0924, 0x0924, 0x0924, 0x0924, 0x0924, 0x0924, 
    0x0924, 0x0924, 0x0924, 0x0924, 0x0924, 0x0924, 0x0924, 0x0924, 0x0924, 0x0924, 0x0924, 0x0924, 
    0x0924, 0x0924, 0x0924, 0x0924, 0x0924, 0x0924, 0x0924, 0x0924, 0x0924, 0x0924, 0x0924, 0x0904, 
    0x10E3, 0x48A2, 0xF800, 0xF800, 0xF800, 0xF800, 0xF800, 0xF800, 0xF800, 0xF800, 0xF800, 0xF800, 
    0xF800, 0xF800, 0xF800, 0xF800, 0xF800, 0xF800, 0xF800, 0xF800, 0xF800, 0xF800, 0xF800, 0xF800, 
    0xF800, 0xF800, 0xF800, 0xF800, 0xF800, 0xF800, 0xF800, 0xF800, 0xF800, 0xF800, 0xF800, 0xF800, 
    0xF800, 0xF800, 0xF800, 0xF800, 0xF800, 0xF800, 0xF800, 0xF800, 0xF800, 0xF800, 0xF800, 0xF800, 
    0xD020, 0x1104, 0x10E3, 0x0924, 0x0924, 0x0924, 0x0924, 0x0924, 0x0924, 0x0924, 0x0924, 0x0924, 
    0x0924, 0x0924, 0x0924, 0x0924, 0x0924, 0x0924, 0x0924, 0x0924, 0x0924, 0x0924, 0x0924, 0x0924, 
    0x0924, 0x0924, 0x0924, 0x0924, 0x0924, 0x0924, 0x0924, 0x0924, 0x0924, 0x0924, 0x0924, 0x0924, 
    0x0924, 0x0924, 0x0924, 0x0924, 0x0924, 0x0924, 0x0924, 0x0924, 0x0924, 0x0924, 0x0924, 0x0924, 
    0x0924, 0x0924, 0x0924, 0x0924, 0x0924, 0x0924, 0x0924, 0x0924, 0x0924, 0x0924, 0x0924, 0x0924, 
    0x0924, 0x0924, 0x0924, 0x0924, 0x0924, 0x0924, 0x0924, 0x0924, 0x0924, 0x0924, 0x0924, 0x0924, 
    0x0924, 0x0924, 0x0924, 0x0904, 0xD820, 0xF800, 0xF800, 0xF800, 0xF000, 0xF000, 0xF800, 0xF800, 
    0xF800, 0xF800, 0xF800, 0xF800, 0xF800, 0xF800, 0xF800, 0xF800, 0xF800, 0xF800, 0xF800, 0xF800, 
    0xF800, 0xF800, 0xF800, 0xF800, 0xF800, 0xF800, 0xF800, 0xF800, 0xF800, 0xF800, 0xF800, 0xF800, 
    0xF800, 0xF800, 0xF800, 0xF800, 0xF000, 0xF000, 0xF800, 0xF800, 0xF800, 0xE800, 0x20E3, 0x0924, 
    0x0924, 0x0924, 0x0924, 0x0924, 0x0924, 0x0924, 0x0924, 0x0924, 0x0924, 0x0924, 0x0924, 0x0924, 
    0x0924, 0x0924, 0x0924, 0x0924, 0x0924, 0x0924, 0x0924, 0x0924, 0x0924, 0x0924, 0x0924, 0x0924, 
    0x0924, 0x0924, 0x0924, 0x0924, 0x0924, 0x0924, 0x0924, 0x0924, 0x0924, 0x0924, 0x0924, 0x0924, 
    0x0924, 0x0924, 0x0924, 0x0924, 0x0924, 0x0924, 0x0924, 0x0924, 0x0924, 0x0924, 0x0924, 0x0924, 
    0x0924, 0x0924, 0x0924, 0x0924, 0x0924, 0x0924, 0x0924, 0x0924, 0x0924, 0x0924, 0x0924, 0x0924, 
    0x0924, 0x0924, 0x0924, 0x0924, 0x0924, 0x0924, 0x0924, 0x0924, 0x0924, 0x0924, 0x0924, 0x0924, 
    0x0924, 0x0924, 0x0924, 0x0924, 0x0924, 0x1104, 0x8861, 0x8061, 0xF800, 0xF800, 0xF800, 0xE800, 
    0xF800, 0xF800, 0xF800, 0xF800, 0xF800, 0xF800, 0xF800, 0xF800, 0xF800, 0xF800, 0xF800, 0xF800, 
    0xF800, 0xF800, 0xF800, 0xF800, 0xF800, 0xF800, 0xF800, 0xF800, 0xF800, 0xF800, 0xF800, 0xF800, 
    0xF800, 0xF800, 0xF000, 0xE800, 0xF800, 0xF800, 0xC020, 0x8861, 0x50A2, 0x0924, 0x0924, 0x0924, 
    0x0924, 0x0924, 0x0924, 0x0924, 0x0924, 0x0924, 0x0924, 0x0924, 0x0924, 0x0924, 0x0924, 0x0924, 
    0x0924, 0x0924, 0x0924, 0x0924, 0x0924, 0x0924, 0x0924, 0x0924, 0x0924, 0x0924, 0x0924, 0x0924, 
    0x0924, 0x0924, 0x0924, 0x0924, 0x0924, 0x0924, 0x0924, 0x0924, 0x0924, 0x0924, 0x0924, 0x0924, 
    0x0924, 0x0924, 0x0924, 0x0924, 0x0924, 0x0924, 0x0924, 0x0924, 0x0924, 0x0924, 0x0924, 0x0924, 
    0x0924, 0x0924, 0x0924, 0x0924, 0x0924, 0x0924, 0x0924, 0x0924, 0x0924, 0x0924, 0x0924, 0x0924, 
    0x0924, 0x0924, 0x0924, 0x0924, 0x0924, 0x0924, 0x0924, 0x0924, 0x0924, 0x0924, 0x0924, 0x0924, 
    0x0924, 0x0924, 0x0924, 0x0924, 0x0924, 0x0924, 0x0924, 0x0924, 0x38C3, 0x38A2, 0xC020, 0xF800, 
    0xF000, 0xF000, 0xF800, 0xF800, 0xF800, 0xF800, 0xF800, 0xF800, 0xF800, 0xF800, 0xF800, 0xF800, 
    0xF800, 0xF800, 0xF800, 0xF800, 0xF800, 0xF800, 0xF800, 0xF800, 0xF800, 0xF800, 0xF800, 0xF800, 
    0xF000, 0xF000, 0xF800, 0xF800, 0x38A2, 0x38A2, 0x0924, 0x0924, 0x0924, 0x0924, 0x0924, 0x0924, 
    0x0924, 0x0924, 0x0924, 0x0924, 0x0924, 0x0924, 0x0924, 0x0924, 0x0924, 0x0924, 0x0924, 0x0924, 
    0x0924, 0x0924, 0x0924, 0x0924, 0x0924, 0x0924, 0x0924, 0x0924, 0x0924, 0x0924, 0x0924, 0x0924, 
    0x0924, 0x0924, 0x0924, 0x0924, 0x0924, 0x0924, 0x0924, 0x0924, 0x0924, 0x0924, 0x0924, 0x0924, 
    0x0924, 0x0924, 0x0924, 0x0924, 0x0924, 0x0924, 0x0924, 0x0924, 0x0924, 0x0924, 0x0924, 0x0924, 
    0x0924, 0x0924, 0x0924, 0x0924, 0x0924, 0x0924, 0x0924, 0x0924, 0x0924, 0x0924, 0x0924, 0x0924, 
    0x0924, 0x0924, 0x0924, 0x0924, 0x0924, 0x0924, 0x0924, 0x0924, 0x0924, 0x0924, 0x0924, 0x0924, 
    0x0924, 0x0924, 0x0924, 0x0924, 0x0924, 0x0924, 0x0924, 0x0924, 0x0924, 0x0924, 0x0924, 0x18E3, 
    0xF800, 0xF800, 0xF800, 0xF800, 0xF800, 0xF800, 0xF800, 0xF800, 0xF800, 0xF800, 0xF800, 0xF800, 
    0xF800, 0xF800, 0xF800, 0xF800, 0xF800, 0xF800, 0xF800, 0xF800, 0xF800, 0xF800, 0xF800, 0xF800, 
    0xF800, 0xF800, 0x48A2, 0x1104, 0x0924, 0x0924, 0x0924, 0x0924, 0x0924, 0x0924, 0x0924, 0x0924, 
    0x0924, 0x0924, 0x0924, 0x0924, 0x0924, 0x0924, 0x0924, 0x0924, 0x0924, 0x0924, 0x0924, 0x0924, 
    0x0924, 0x0924, 0x0924, 0x0924, 0x0924, 0x0924, 0x0924, 0x0924, 0x0924, 0x0924, 0x0924, 0x0924, 
    0x0924, 0x0924, 0x0924, 0x0924, 0x0924, 0x0924, 0x0924, 0x0924, 0x0924, 0x0924, 0x0924, 0x0924, 
    0x0924, 0x0924, 0x0924, 0x0924, 0x0924, 0x0924, 0x0924, 0x0924, 0x0924, 0x0924, 0x0924, 0x0924, 
    0x0924, 0x0924, 0x0924, 0x0924, 0x0924, 0x0924, 0x0924, 0x0924, 0x0924, 0x0924, 0x0924, 0x0924, 
    0x0924, 0x0924, 0x0924, 0x0924, 0x0924, 0x0924, 0x0924, 0x0924, 0x0924, 0x0924, 0x0924, 0x0924, 
    0x0924, 0x0924, 0x0924, 0x0924, 0x0924, 0x0924, 0x0924, 0x0924, 0x0924, 0x0924, 0x0924, 0x0924, 
    0x0924, 0x0924, 0x50A2, 0xE800, 0xE800, 0xF800, 0xF800, 0xF800, 0xF000, 0xF800, 0xF800, 0xF800, 
    0xF800, 0xF800, 0xF800, 0xF800, 0xF800, 0xF800, 0xF000, 0xF000, 0xF800, 0xF800, 0xF800, 0xD820, 
    0x0904, 0x0924, 0x0924, 0x0924, 0x0924, 0x0924, 0x0924, 0x0924, 0x0924, 0x0924, 0x0924, 0x0924, 
    0x0924, 0x0924, 0x0924, 0x0924, 0x0924, 0x0924, 0x0924, 0x0924, 0x0924, 0x0924, 0x0924, 0x0924, 
    0x0924, 0x0924, 0x0924, 0x0924, 0x0924, 0x0924, 0x0924, 0x0924, 0x0924, 0x0924, 0x0924, 0x0924, 
    0x0924, 0x0924, 0x0924, 0x0924, 0x0924, 0x0924, 0x0924, 0x0924, 0x0924, 0x0924, 0x0924, 0x0924, 
    0x0924, 0x0924, 0x0924, 0x0924, 0x0924, 0x0924, 0x0924, 0x0924, 0x0924, 0x0924, 0x0924, 0x0924, 
    0x0924, 0x0924, 0x0924, 0x0924, 0x0924, 0x0924, 0x0924, 0x0924, 0x0924, 0x0924, 0x0924, 0x0924, 
    0x0924, 0x0924, 0x0924, 0x0924, 0x0924, 0x0924, 0x0924, 0x0924, 0x0924, 0x0924, 0x0924, 0x0924, 
    0x0924, 0x0924, 0x0924, 0x0924, 0x0924, 0x0924, 0x0924, 0x0924, 0x0924, 0x0924, 0x0924, 0x0924, 
    0x0924, 0x0924, 0x0924, 0x0924, 0x0924, 0x8861, 0x8061, 0xF800, 0xF800, 0xE800, 0xE800, 0xF800, 
    0xF000, 0xF800, 0xF800, 0xF800, 0xE800, 0xF800, 0xF800, 0xF800, 0x8061, 0x8861, 0x1104, 0x0924, 
    0x0924, 0x0924, 0x0924, 0x0924, 0x0924, 0x0924, 0x0924, 0x0924, 0x0924, 0x0924, 0x0924, 0x0924, 
    0x0924, 0x0924, 0x0924, 0x0924, 0x0924, 0x0924, 0x0924, 0x0924, 0x0924, 0x0924, 0x0924, 0x0924, 
    0x0924, 0x0924, 0x0924, 0x0924, 0x0924, 0x0924, 0x0924, 0x0924, 0x0924, 0x0924, 0x0924, 0x0924, 
    0x0924, 0x0924, 0x0924, 0x0924, 0x0924, 0x0924, 0x0924, 0x0924, 0x0924, 0x0924, 0x0924, 0x0924, 
    0x0924, 0x0924, 0x0924, 0x0924, 0x0924, 0x0924, 0x0924, 0x0924, 0x0924, 0x0924, 0x0924, 0x0924, 
    0x0924, 0x0924, 0x0924, 0x0924, 0x0924, 0x0924, 0x0924, 0x0924, 0x0924, 0x0924, 0x0924, 0x0924, 
    0x0924, 0x0924, 0x0924, 0x0924, 0x0924, 0x0924, 0x0924, 0x0924, 0x0924, 0x0924, 0x0924, 0x0924, 
    0x0924, 0x0924, 0x0924, 0x0924, 0x0924, 0x0924, 0x0924, 0x0924, 0x0924, 0x0924, 0x0924, 0x0924, 
    0x0924, 0x0924, 0x0924, 0x0924, 0x0924, 0x0924, 0x0924, 0x20E3, 0x5882, 0xF800, 0xF800, 0xF800, 
    0xF800, 0xF800, 0xF000, 0xF000, 0xF800, 0xC020, 0x38A2, 0x38C3, 0x0924, 0x0924, 0x0924, 0x0924, 
    0x0924, 0x0924, 0x0924, 0x0924, 0x0924, 0x0924, 0x0924, 0x0924, 0x0924, 0x0924, 0x0924, 0x0924, 
    0x0924, 0x0924, 0x0924, 0x0924, 0x0924, 0x0924, 0x0924, 0x0924, 0x0924, 0x0924, 0x0924, 0x0924, 
    0x0924, 0x0924, 0x0924, 0x0924, 0x0924, 0x0924, 0x0924, 0x0924, 0x0924, 0x0924, 0x0924, 0x0924, 
    0x0924, 0x0924, 0x0924, 0x0924, 0x0924, 0x0924, 0x0924, 0x0924, 0x0924, 0x0924, 0x0924, 0x0924, 
    0x0924, 0x0924, 0x0924, 0x0924, 0x0924, 0x0924, 0x0924, 0x0924, 0x0924, 0x0924, 0x0924, 0x0924, 
    0x0924, 0x0924, 0x0924, 0x0924, 0x0924, 0x0924, 0x0924, 0x0924, 0x0924, 0x0924, 0x0924, 0x0924, 
    0x0924, 0x0924, 0x0924, 0x0924, 0x0924, 0x0924, 0x0924, 0x0924, 0x0924, 0x0924, 0x0924, 0x0924, 
    0x0924, 0x0924, 0x0924, 0x0924, 0x0924, 0x0924, 0x0924, 0x0924, 0x0924, 0x0924, 0x0924, 0x0924, 
    0x0924, 0x0924, 0x0924, 0x0924, 0x0924, 0x0924, 0x0924, 0x0924, 0x0924, 0x10E3, 0x1104, 0xB041, 
    0x30C3, 0xF800, 0xF800, 0xF800, 0x18E3, 0x0924, 0x0924, 0x0924, 0x0924, 0x0924, 0x0924, 0x0924, 
    0x0924, 0x0924, 0x0924, 0x0924, 0x0924, 0x0924, 0x0924, 0x0924, 0x0924, 0x0924, 0x0924, 0x0924, 
    0x0924, 0x0924, 0x0924, 0x0924, 0x0924, 0x0924, 0x0924, 0x0924, 0x0924, 0x0924, 0x0924, 0x0924, 
    0x0924, 0x0924, 0x0924, 0x0924, 0x0924, 0x0924, 0x0924, 0x0924, 0x0924, 0x0924, 0x0924, 0x0924, 
    0x0924, 0x0924, 0x0924, 0x0924, 0x0924, 0x0924, 0x0924, 0x0924, 0x0924, 0x0924, 0x0924, 0x0924, 
    0x0924, 0x0924, 0x0924, 0x0924, 0x0924, 0x0924, 0x0924, 0x0924, 0x0924, 0x0924, 0x0924, 0x0924, 
    0x0924, 0x0924, 0x0924, 0x0924, 0x0924, 0x0924, 0x0924, 0x0924, 0x0924, 0x0924, 0x0924, 0x0924, 
    0x0924, 0x0924, 0x0924, 0x0924, 0x0924, 0x0924, 0x0924, 0x0924, 0x0924, 0x0924, 0x0924, 0x0924, 
    0x0924, 0x0924, 0x0924, 0x0924, 0x0924, 0x0924, 0x0924, 0x0924, 0x0924, 0x0924, 0x0924, 0x0924, 
    0x0924, 0x0924, 0x0924, 0x0924, 0x0924, 0x0924, 0x0924, 0x0924, 0x0924, 0x0924, 0x0924, 0x0924, 
    0x0924, 0x6082, 0x0924, 0x0924, 0x0924, 0x0924, 0x0924, 0x0924, 0x0924, 0x0924, 0x0924, 0x0924, 
    0x0924, 0x0924, 0x0924, 0x0924, 0x0924, 0x0924, 0x0924, 0x0924, 0x0924, 0x0924, 0x0924, 0x0924, 
    0x0924, 0x0924, 0x0924, 0x0924, 0x0924, 0x0924, 0x0924, 0x0924, 0x0924, 0x0924, 0x0924, 0x0924, 
    0x0924, 0x0924, 0x0924, 0x0924, 0x0924, 0x0924, 0x0924, 0x0924, 0x0924, 0x0924, 0x0924, 0x0924, 
    0x0924, 0x0924, 0x0924, 0x0924, 0x0924, 0x0924, 0x0924, 0x0924, 0x0924, 0x0924, 0x0924, 0x0924, 
    0x0924, 0x0924, 0x0924, 0x0924, 0x0924, 0x0924, 0x0924, 0x0924, 0x0924, 0x0924, 0x0924, 0x0924, 
    0x0924, 0x0924, 0x0924, 0x0924, 0x0924, 0x0924, 0x0924, 0x0924, 0x0924, 0x0924, 0x0924, 0x0924, 
    0x0924, 0x0924, 0x0924, 0x0924, 0x0924, 0x0924, 0x0924, 0x0924, 0x0924, 0x0924, 0x0924, 0x0924, 
    0x0924, 0x0924, 0x0924, 0x0924, 0x0924, 0x0924, 0x0924, 0x0924, 0x0924, 0x0924, 0x0924, 0x0924, 
    0x0924, 0x0924, 0x0924, 0x0924, 0x0924, 0x0924, 0x0924, 0x0924, 0x0924, 0x0924, 0x0924, 0x0924, 
    0x0924, 0x0924, 0x0924, 0x0924, 0x0924, 0x0924, 0x0924, 0x0924, 0x0924, 0x0924, 0x0924, 0x0924, 
    0x0924, 0x0924, 0x0924, 0x0924, 0x0924, 0x0924, 0x0924, 0x0924, 0x0924, 0x0924, 0x0924, 0x0924, 
    0x0924, 0x0924, 0x0924, 0x0924, 0x0924, 0x0924, 0x0924, 0x0924, 0x0924, 0x0924, 0x0924, 0x0924, 
    0x0924, 0x0924, 0x0924, 0x0924, 0x0924, 0x0924, 0x0924, 0x0924, 0x0924, 0x0924, 0x0924, 0x0924, 
    0x0924, 0x0924, 0x0924, 0x0924, 0x0924, 0x0924, 0x0924, 0x0924, 0x0924, 0x0924, 0x0924, 0x0924, 
    0x0924, 0x0924, 0x0924, 0x0924, 0x0924, 0x0924, 0x0924, 0x0924, 0x0924, 0x0924, 0x0924, 0x0924, 
    0x0924, 0x0924, 0x0924, 0x0924, 0x0924, 0x0924, 0x0924, 0x0924, 0x0924, 0x0924, 0x0924, 0x0924, 
    0x0924, 0x0924, 0x0924, 0x0924, 0x0924, 0x0924, 0x0924, 0x0924, 0x0924, 0x0924, 0x0924, 0x0924, 
    0x0924, 0x0924, 0x0924, 0x0924, 0x0924, 0x0924, 0x0924, 0x0924, 0x0924, 0x0924, 0x0924, 0x0924, 
    0x0924, 0x0924, 0x0924, 0x0924, 0x0924, 0x0924, 0x0924, 0x0924, 0x0924, 0x0924, 0x0924, 0x0924, 
    0x0924, 0x0924, 0x0924, 0x0924, 0x0924, 0x0924, 0x0924, 0x0924, 0x0924, 0x0924, 0x0924, 0x0924, 
    0x0924, 0x0924, 0x0924, 0x0924, 0x0924, 0x0924, 0x0924, 0x0924, 0x0924, 0x0924, 0x0924, 0x0924, 
    0x0924, 0x0924, 0x0924, 0x0924, 0x0924, 0x0924, 0x0924, 0x0924, 0x0924, 0x0924, 0x0924, 0x0924, 
    0x0924, 0x0924, 0x0924, 0x0924, 0x0924, 0x0924, 0x0924, 0x0924, 0x0924, 0x0924, 0x0924, 0x0924, 
    0x0924, 0x0924, 0x0924, 0x0924, 0x0924, 0x0924, 0x0924, 0x0924, 0x0924, 0x0924, 0x0924, 0x0924, 
    0x0924, 0x0924, 0x0924, 0x0924, 0x0924, 0x0924, 0x0924, 0x0924, 0x0924, 0x0924, 0x0924, 0x0924, 
    0x0924, 0x0924, 0x0924, 0x0924, 0x0924, 0x0924, 0x0924, 0x0924, 0x0924, 0x0924, 0x0924, 0x0924, 
    0x0924, 0x0924, 0x0924, 0x0924, 0x0924, 0x0924, 0x0924, 0x0924, 0x0924, 0x0924, 0x0924, 0x0924, 
    0x0924, 0x0924, 0x0924, 0x0924, 0x0924, 0x0924, 0x0924, 0x0924, 0x0924, 0x0924, 0x0924, 0x0924, 
    0x0924, 0x0924, 0x0924, 0x0924, 0x0924, 0x0924, 0x0924, 0x0924, 0x0924, 0x0924, 0x0924, 0x0924, 
    0x0924, 0x0924, 0x0924, 0x0924, 0x0924, 0x0924, 0x0924, 0x0924, 0x0924, 0x0924, 0x0924, 0x0924, 
    0x0924, 0x0924, 0x0924, 0x0924, 0x0924, 0x0924, 0x0924, 0x0924, 0x0924, 0x0924, 0x0924, 0x0924, 
    0x0924, 0x0924, 0x0924, 0x0924, 0x0924, 0x0924, 0x0924, 0x0924, 0x0924, 0x0924, 0x0924, 0x0924, 
    0x0924, 0x0924, 0x0924, 0x0924, 0x0924, 0x0924, 0x0924, 0x0924, 0x0924, 0x0924, 0x0924, 0x0924, 
    0x0924, 0x0924, 0x0924, 0x0924, 0x0924, 0x0924, 0x0924, 0x0924, 0x0924, 0x0924, 0x0924, 0x0924, 
    0x0924, 0x0924, 0x0924, 0x0924, 0x0924, 0x0924, 0x0924, 0x0924, 0x0924, 0x0924, 0x0924, 0x0924, 
    0x0924, 0x0924, 0x0924, 0x0924, 0x0924, 0x0924, 0x0924, 0x0924, 0x0924, 0x0924, 0x0924, 0x0924, 
    0x0924, 0x0924, 0x0924, 0x0924, 0x0924, 0x0924, 0x0924, 0x0924, 0x0924, 0x0924, 0x0924, 0x0924, 
    0x0924, 0x0924, 0x0924, 0x0924, 0x0924, 0x0924, 0x0924, 0x0924, 0x0924, 0x0924, 0x0924, 0x0924, 
    0x0924, 0x0924, 0x0924, 0x0924, 0x0924, 0x0924, 0x0924, 0x0924, 0x0924, 0x0924, 0x0924, 0x0924, 
    0x0924, 0x0924, 0x0924, 0x0924, 0x0924, 0x0924, 0x0924, 0x0924, 0x0924, 0x0924, 0x0924, 0x0924, 
    0x0924, 0x0924, 0x0924, 0x0924, 0x0924, 0x0924, 0x0924, 0x0924, 0x0924, 0x0924, 0x0924, 0x0924, 
    0x0924, 0x0924, 0x0924, 0x0924, 0x0924, 0x0924, 0x0924, 0x0924, 0x0924, 0x0924, 0x0924, 0x0924, 
    0x0924, 0x0924, 0x0924, 0x0924, 0x0924, 0x0924, 0x0924, 0x0924, 0x0924, 0x0924, 0x0924, 0x0924, 
    0x0924, 0x0924, 0x0924, 0x0924, 0x0924, 0x0924, 0x0924, 0x0924, 0x0924, 0x0924, 0x0924, 0x0924, 
    0x0924, 0x0924, 0x0924, 0x0924, 0x0924, 0x0924, 0x0924, 0x0924, 0x0924, 0x0924, 0x0924, 0x0924, 
    0x0924, 0x0924, 0x0924, 0x0924, 0x0924, 0x0924, 0x0924, 0x0924, 0x0924, 0x0924, 0x0924, 0x0924, 
    0x0924, 0x0924, 0x0924, 0x0924, 0x0924, 0x0924, 0x0924, 0x0924, 0x0924, 0x0924, 0x0924, 0x0924, 
    0x0924, 0x0924, 0x0924, 0x0924, 0x0924, 0x0924, 0x0924, 0x0924, 0x0924, 0x0924, 0x0924, 0x0924, 
    0x0924, 0x0924, 0x0924, 0x0924, 0x0924, 0x0924, 0x0924, 0x0924, 0x0924, 0x0924, 0x0924, 0x0924, 
    0x0924, 0x0924, 0x0924, 0x0924, 0x0924, 0x0924, 0x0924, 0x0924, 0x0924, 0x0924, 0x0924, 0x0924, 
    0x0924, 0x0924, 0x0924, 0x0924, 0x0924, 0x0924, 0x0924, 0x0924, 0x0924, 0x0924, 0x0924, 0x0924, 
    0x0924, 0x0924, 0x0924, 0x0924, 0x0924, 0x0924, 0x0924, 0x0924, 0x0924, 0x0924, 0x0924, 0x0924, 
    0x0924, 0x0924, 0x0924, 0x0924, 0x0924, 0x0924, 0x0924, 0x0924, 0x0924, 0x0924, 0x0924, 0x0924, 
    0x0924, 0x0924, 0x0924, 0x0924, 0x0924, 0x0924, 0x0924, 0x0924, 0x0924, 0x0924, 0x0924, 0x0924, 
    0x0924, 0x0924, 0x0924, 0x0924, 0x0924, 0x0924, 0x0924, 0x0924, 0x0924, 0x0924, 0x0924, 0x0924, 
    0x0924, 0x0924, 0x0924, 0x0924, 0x0924, 0x0924, 0x0924, 0x0924, 0x0924, 0x0924, 0x0924, 0x0924, 
    0x0924, 0x0924, 0x0924, 0x0924, 0x0924, 0x0924, 0x0924, 0x0924, 0x0924, 0x0924, 0x0924, 0x0924, 
    0x0924, 0x0924, 0x0924, 0x0924, 0x0924, 0x0924, 0x0924, 0x0924, 0x0924, 0x0924, 0x0924, 0x0924, 
    0x0924, 0x0924, 0x0924, 0x0924, 0x0924, 0x0924, 0x0924, 0x0924, 0x0924, 0x0924, 0x0924, 0x0924, 
    0x0924, 0x0924, 0x0924, 0x0924, 0x0924, 0x0924, 0x0924, 0x0924, 0x0924, 0x0924, 0x0924, 0x0924, 
    0x0924, 0x0924, 0x0924, 0x0924, 0x0924, 0x0924, 0x0924, 0x0924, 0x0924, 0x0924, 0x0924, 0x0924, 
    0x0924, 0x0924, 0x0924, 0x0924, 0x0924, 0x0924, 0x0924, 0x0924, 0x0924, 0x0924, 0x0924, 0x0924, 
    0x0924, 0x0924, 0x0924, 0x0924, 0x0924, 0x0924, 0x0924, 0x0924, 0x0924, 0x0924, 0x0924, 0x0924, 
    0x0924, 0x0924, 0x0924, 0x0924, 0x0924, 0x0924, 0x0924, 0x0924, 0x0924, 0x0924, 0x0924, 0x0924, 
    0x0924, 0x0924, 0x0924, 0x0924, 0x0924, 0x0924, 0x0924, 0x0924, 0x0924, 0x0924, 0x0924, 0x0924, 
    0x0924, 0x0924, 0x0924, 0x0924, 0x0924, 0x0924, 0x0924, 0x0924, 0x0924, 0x0924, 0x0924, 0x0924, 
    0x0924, 0x0924, 0x0924, 0x0924, 0x0924, 0x0924, 0x0924, 0x0924, 0x0924, 0x0924, 0x0924, 0x0924, 
    0x0924, 0x0924, 0x0924, 0x0924, 0x0924, 0x0924, 0x0924, 0x0924, 0x0924, 0x0924, 0x0924, 0x0924, 
    0x0924, 0x0924, 0x0924, 0x0924, 0x0924, 0x0924, 0x0924, 0x0924, 0x0924, 0x0924, 0x0924, 0x0924, 
    0x0924, 0x0924, 0x0924, 0x0924, 0x0924, 0x0924, 0x0924, 0x0924, 0x0924, 0x0924, 0x0924, 0x0924, 
    0x0924, 0x0924, 0x0924, 0x0924, 0x0924, 0x0924, 0x0924, 0x0924, 0x0924, 0x0924, 0x0924, 0x0924, 
    0x0924, 0x0924, 0x0924, 0x0924, 0x0924, 0x0924, 0x0924, 0x0924, 0x0924, 0x0924, 0x0924, 0x0924, 
    0x0924, 0x0924, 0x0924, 0x0924, 0x0924, 0x0924, 0x0924, 0x0924, 0x0924, 0x0924, 0x0924, 0x0924, 
    0x0924, 0x0924, 0x0924, 0x0924, 0x0924, 0x0924, 0x0924, 0x0924, 0x0924, 0x0924, 0x0924, 0x0924, 
    0x0924, 0x0924, 0x0924, 0x0924, 0x0924, 0x0924, 0x0924, 0x0924, 0x0924, 0x0924, 0x0924, 0x0924, 
    0x0924, 0x0924, 0x0924, 0x0924, 0x0924, 0x0924, 0x0924, 0x0924, 0x0924, 0x0924, 0x0924, 0x0924, 
    0x0924, 0x0924, 0x0924, 0x0924, 0x0924, 0x0924, 0x0924, 0x0924, 0x0924, 0x0924, 0x0924, 0x0924, 
    0x0924, 0x0924, 0x0924, 0x0924, 0x0924, 0x0924, 0x0924, 0x0924, 0x0924, 0x0924, 0x0924, 0x0924, 
    0x0924, 0x0924, 0x0924, 0x0924, 0x0924, 0x0924, 0x0924, 0x0924, 0x0924, 0x0924, 0x0924, 0x0924, 
    0x0924, 0x0924, 0x0924, 0x0924, 0x0924, 0x0924, 0x0924, 0x0924, 0x0924, 0x0924, 0x0924, 0x0924, 
    0x0924, 0x0924, 0x0924, 0x0924, 0x0924, 0x0924, 0x0924, 0x0924, 0x0924, 0x0924, 0x0924, 0x0924, 
    0x0924, 0x0924, 0x0924, 0x0924, 0x0924, 0x0924, 0x0924, 0x0924, 0x0924, 0x0924, 0x0924, 0x0924, 
    0x0924, 0x0924, 0x0924, 0x0924, 0x0924, 0x0924, 0x0924, 0x0924, 0x0924, 0x0924, 0x0924, 0x0924, 
    0x0924, 0x0924, 0x0924, 0x0924, 0x0924, 0x0924, 0x0924, 0x0924, 0x0924, 0x0924, 0x0924, 0x0924, 
    0x0924, 0x0924, 0x0924, 0x0924, 0x0924, 0x0924, 0x0924, 0x0924, 0x0924, 0x0924, 0x0924, 0x0924, 
    0x0924, 0x0924, 0x0924, 0x0924, 0x0924, 0x0924, 0x0924, 0x0924, 0x0924, 0x0924, 0x0924, 0x0924, 
    0x0924, 0x0924, 0x0924, 0x0924, 0x0924, 0x0924, 0x0924, 0x0924, 0x0924, 0x0924, 0x0924, 0x0924, 
    0x0924, 0x0924, 0x0924, 0x0924, 0x0924, 0x0924, 0x0924, 0x0924, 0x0924, 0x0924, 0x0924, 0x0924, 
    0x0924, 0x0924, 0x0924, 0x0924, 0x0924, 0x0924, 0x0924, 0x0924, 0x0924, 0x0924, 0x0924, 0x0924, 
    0x0924, 0x0924, 0x0924, 0x0924, 0x0924, 0x0924, 0x0924, 0x0924, 0x0924, 0x0924, 0x0924, 0x0924, 
    0x0924, 0x0924, 0x0924, 0x0924, 0x0924, 0x0924, 0x0924, 0x0924, 0x0924, 0x0924, 0x0924, 0x0924, 
    0x0924, 0x0924, 0x0924, 0x0924, 0x0924, 0x0924, 0x0924, 0x0924, 0x0924, 0x0924, 0x0924, 0x0924, 
    0x0924, 0x0924, 0x0924, 0x0924, 0x0924, 0x0924, 0x0924, 0x0924, 0x0924, 0x0924, 0x0924, 0x0924, 
    0x0924, 0x0924, 0x0924, 0x0924, 0x0924, 0x0924, 0x0924, 0x0924, 0x0924, 0x0924, 0x0924, 0x0924, 
    0x0924, 0x0924, 0x0924, 0x0924, 0x0924, 0x0924, 0x0924, 0x0924, 0x0924, 0x0924, 0x0924, 0x0924, 
    0x0924, 0x0924, 0x0924, 0x0924, 0x0924, 0x0924, 0x0924, 0x0924, 0x0924, 0x0924, 0x0924, 0x0924, 
    0x0924, 0x0924, 0x0924, 0x0924, 0x0924, 0x0924, 0x0924, 0x0924, 0x0924, 0x0924, 0x0924, 0x0924, 
    0x0924, 0x0924, 0x0924, 0x0924, 0x0924, 0x0924, 0x0924, 0x0924, 0x0924, 0x0924, 0x0924, 0x0924, 
    0x0924, 0x0924, 0x0924, 0x0924, 0x0924, 0x0924, 0x0924, 0x0924, 0x0924, 0x0924, 0x0924, 0x0924, 
    0x0924, 0x0924, 0x0924, 0x0924, 0x0924, 0x0924, 0x0924, 0x0924, 0x0924, 0x0924, 0x0924, 0x0924, 
    0x0924, 0x0924, 0x0924, 0x0924, 0x0924, 0x0924, 0x0924, 0x0924, 0x0924, 0x0924, 0x0924, 0x0924, 
    0x0924, 0x0924, 0x0924, 0x0924, 0x0924, 0x0924, 0x0924, 0x0924, 0x0924, 0x0924, 0x0924, 0x0924, 
    0x0924, 0x0924, 0x0924, 0x0924, 0x0924, 0x0924, 0x0924, 0x0924, 0x0924, 0x0924, 0x0924, 0x0924, 
    0x0924, 0x0924, 0x0924, 0x0924, 0x0924, 0x0924, 0x0924, 0x0924, 0x0924, 0x0924, 0x0924, 0x0924, 
    0x0924, 0x0924, 0x0924, 0x0924, 0x0924, 0x0924, 0x0924, 0x0924, 0x0924, 0x0924, 0x0924, 0x0924, 
    0x0924, 0x0924, 0x0924, 0x0924, 0x0924, 0x0924, 0x0924, 0x0924, 0x0924, 0x0924, 0x0924, 0x0924, 
    0x0924, 0x0924, 0x0924, 0x0924, 0x0924, 0x0924, 0x0924, 0x0924, 0x0924, 0x0924, 0x0924, 0x0924, 
    0x0924, 0x0924, 0x0924, 0x0924, 0x0924, 0x0924, 0x0924, 0x0924, 0x0924, 0x0924, 0x0924, 0x0924, 
    0x0924, 0x0924, 0x0924, 0x0924, 0x0924, 0x0924, 0x0924, 0x0924, 0x0924, 0x0924, 0x0924, 0x0924, 
    0x0924, 0x0924, 0x0924, 0x0924, 0x0924, 0x0924, 0x0924, 0x0924, 0x0924, 0x0924, 0x0924, 0x0924, 
    0x0924, 0x0924, 0x0924, 0x0924, 0x0924, 0x0924, 0x0924, 0x0924, 0x0924, 0x0924, 0x0924, 0x0924, 
    0x0924, 0x0924, 0x0924, 0x0924, 0x0924, 0x0924, 0x0924, 0x0924, 0x0924, 0x0924, 0x0924, 0x0924, 
    0x0924, 0x0924, 0x0924, 0x0924, 0x0924, 0x0924, 0x0924, 0x0924, 0x0924, 0x0924, 0x0924, 0x0924, 
    0x0924, 0x0924, 0x0924, 0x0924, 0x0924, 0x0924, 0x0924, 0x0924, 0x0924, 0x0924, 0x0924, 0x0924, 
    0x0924, 0x0924, 0x0924, 0x0924, 0x0924, 0x0924, 0x0924, 0x0924, 0x0924, 0x0924, 0x0924, 0x0924, 
    0x0924, 0x0924, 0x0924, 0x0924, 0x0924, 0x0924, 0x0924, 0x0924, 0x0924, 0x0924, 0x0924, 0x0924, 
    0x0924, 0x0924, 0x0924, 0x0924, 0x0924, 0x0924, 0x0924, 0x0924, 0x0924, 0x0924, 0x0924, 0x0924, 
    0x0924, 0x0924, 0x0924, 0x0924, 0x0924, 0x0924, 0x0924, 0x0924, 0x0924, 0x0924, 0x0924, 0x0924, 
    0x0924, 0x0924, 0x0924, 0x0924, 0x0924, 0x0924, 0x0924, 0x0924, 0x0924, 0x0924, 0x0924, 0x0924, 
    0x0924, 0x0924, 0x0924, 0x0924, 0x0924, 0x0924, 0x0924, 0x0924, 0x0924, 0x0924, 0x0924, 0x0924, 
    0x0924, 0x0924, 0x0924, 0x0924, 0x0924, 0x0924, 0x0924, 0x0924, 0x0924, 0x0924, 0x0924, 0x0924, 
    0x0924, 0x0924, 0x0924, 0x0924, 0x0924, 0x0924, 0x0924, 0x0924, 0x0924, 0x0924, 0x0924, 0x0924, 
    0x0924, 0x0924, 0x0924, 0x0924, 0x0924, 0x0924, 0x0924, 0x0924, 0x0924, 0x0924, 0x0924, 0x0924, 
    0x0924, 0x0924, 0x0924, 0x0924, 0x0924, 0x0924, 0x0924, 0x0924, 0x0924, 0x0924, 0x0924, 0x0924, 
    0x0924, 0x0924, 0x0924, 0x0924, 0x0924, 0x0924, 0x0924, 0x0924, 0x0924, 0x0924, 0x0924, 0x0924, 
    0x0924, 0x0924, 0x0924, 0x0924, 0x0924, 0x0924, 0x0924, 0x0924, 0x0924, 0x0924, 0x0924, 0x0924, 
    0x0924, 0x0924, 0x0924, 0x0924, 0x0924, 0x0924, 0x0924, 0x0924, 0x0924, 0x0924, 0x0924, 0x0924, 
    0x0924, 0x0924, 0x0924, 0x0924, 0x0924, 0x0924, 0x0924, 0x0924, 0x0924, 0x0924, 0x0924, 0x0924, 
    0x0924, 0x0924, 0x0924, 0x0924, 0x0924, 0x0924, 0x0924, 0x0924, 0x0924, 0x0924, 0x0924, 0x0924, 
    0x0924, 0x0924, 0x0924, 0x0924, 0x0924, 0x0924, 0x0924, 0x0924, 0x0924, 0x0924, 0x0924, 0x0924, 
    0x0924, 0x0924, 0x0924, 0x0924, 0x0924, 0x0924, 0x0924, 0x0924, 0x0924, 0x0924, 0x0924, 0x0924, 
    0x0924, 0x0924, 0x0924, 0x0924, 0x0924, 0x0924, 0x0924, 0x0924, 0x0924, 0x0924, 0x0924, 0x0924, 
    0x0924, 0x0924, 0x0924, 0x0924, 0x0924, 0x0924, 0x0924, 0x0924, 0x0924, 0x0924, 0x0924, 0x0924, 
    0x0924, 0x0924, 0x0924, 0x0924, 0x0924, 0x0924, 0x0924, 0x0924, 0x0924, 0x0924, 0x0924, 0x0924, 
    0x0924, 0x0924, 0x0924, 0x0924, 0x0924, 0x0924, 0x0924, 0x0924, 0x0924, 0x0924, 0x0924, 0x0924, 
    0x0924, 0x0924, 0x0924, 0x0924, 0x0924, 0x0924, 0x0924, 0x0924, 0x0924, 0x0924, 0x0924, 0x0924, 
    0x0924, 0x0924, 0x0924, 0x0924, 0x0924, 0x0924, 0x0924, 0x0924, 0x0924, 0x0924, 0x0924, 0x0924, 
    0x0924, 0x0924, 0x0924, 0x0924, 0x0924, 0x0924, 0x0924, 0x0924, 0x0924, 0x0924, 0x0924, 0x0924, 
    0x0924, 0x0924, 0x0924, 0x0924, 0x0924, 0x0924, 0x0924, 0x0924, 0x0924, 0x0924, 0x0924, 0x0924, 
    0x0924, 0x0924, 0x0924, 0x0924, 0x0924, 0x0924, 0x0924, 0x0924, 0x0924, 0x0924, 0x0924, 0x0924, 
    0x0924, 0x0924, 0x0924, 0x0924, 0x0924, 0x0924, 0x0924, 0x0924, 0x0924, 0x0924, 0x0924, 0x0924, 
    0x0924, 0x0924, 0x0924, 0x0924, 0x0924, 0x0924, 0x0924, 0x0924, 0x0924, 0x0924, 0x0924, 0x0924, 
    0x0924, 0x0924, 0x0924, 0x0924, 0x0924, 0x0924, 0x0924, 0x0924, 0x0924, 0x0924, 0x0924, 0x0924, 
    0x0924, 0x0924, 0x0924, 0x0924, 0x0924, 0x0924, 0x0924, 0x0924, 0x0924, 0x0924, 0x0924, 0x0924, 
    0x0924, 0x0924, 0x0924, 0x0924, 0x0924, 0x0924, 0x0924, 0x0924, 0x0924, 0x0924, 0x0924, 0x0924, 
    0x0924, 0x0924, 0x0924, 0x0924, 0x0924, 0x0924, 0x0924, 0x0924, 0x0924, 0x0924, 0x0924, 0x0924, 
    0x0924, 0x0924, 0x0924, 0x0924, 0x0924, 0x0924, 0x0924, 0x0924, 0x0924, 0x0924, 0x0924, 0x0924, 
    0x0924, 0x0924, 0x0924, 0x0924, 0x0924, 0x0924, 0x0924, 0x0924, 0x0924, 0x0924, 0x0924, 0x0924, 
    0x0924, 0x0924, 0x0924, 0x0924, 0x0924, 0x0924, 0x0924, 0x0924, 0x0924, 0x0924, 0x0924, 0x0924, 
    0x0924, 0x0924, 0x0924, 0x0924, 0x0924, 0x0924, 0x0924, 0x0924, 0x0924, 0x0924, 0x0924, 0x0924, 
    0x0924, 0x0924, 0x0924, 0x0924, 0x0924, 0x0924, 0x0924, 0x0924, 0x0924, 0x0924, 0x0924, 0x0924, 
    0x0924, 0x0924, 0x0924, 0x0924, 0x0924, 0x0924, 0x0924, 0x0924, 0x0924, 0x0924, 0x0924, 0x0924, 
    0x0924, 0x0924, 0x0924, 0x0924, 0x0924, 0x0924, 0x0924, 0x0924, 0x0924, 0x0924, 0x0924, 0x0924, 
    0x0924, 0x0924, 0x0924, 0x0924, 0x0924, 0x0924, 0x0924, 0x0924, 0x0924, 0x0924, 0x0924, 0x0924, 
    0x0924, 0x0924, 0x0924, 0x0924, 0x0924, 0x0924, 0x0924, 0x0924, 0x0924, 0x0924, 0x0924, 0x0924, 
    0x0924, 0x0924, 0x0924, 0x0924, 0x0924, 0x0924, 0x0924, 0x0924, 0x0924, 0x0924, 0x0924, 0x0924, 
    0x0924, 0x0924, 0x0924, 0x0924, 0x0924, 0x0924, 0x0924, 0x0924, 0x0924, 0x0924, 0x0924, 0x0924, 
    0x0924, 0x0924, 0x0924, 0x0924, 0x0924, 0x0924, 0x0924, 0x0924, 0x0924, 0x0924, 0x0924, 0x0924, 
    0x0924, 0x0924, 0x0924, 0x0924, 0x0924, 0x0924, 0x0924, 0x0924, 0x0924, 0x0924, 0x0924, 0x0924, 
    0x0924, 0x0924, 0x0924, 0x0924, 0x0924, 0x0924, 0x0924, 0x0924, 0x0924, 0x0924, 0x0924, 0x0924, 
    0x0924, 0x0924, 0x0924, 0x0924, 0x0924, 0x0924, 0x0924, 0x0924, 0x0924, 0x0924, 0x0924, 0x0924, 
    0x0924, 0x0924, 0x0924, 0x0924, 0x0924, 0x0924, 0x0924, 0x0924, 0x0924, 0x0924, 0x0924, 0x0924, 
    0x0924, 0x0924, 0x0924, 0x0924, 0x0924, 0x0924, 0x0924, 0x0924, 0x0924, 0x0924, 0x0924, 0x0924, 
    0x0924, 0x0924, 0x0924, 0x0924, 0x0924, 0x0924, 0x0924, 0x0924, 0x0924, 0x0924, 0x0924, 0x0924, 
    0x0924, 0x0924, 0x0924, 0x0924, 0x0924, 0x0924, 0x0924, 0x0924, 0x0924, 0x0924, 0x0924, 0x0924, 
    0x0924, 0x0924, 0x0924, 0x0924, 0x0924, 0x0924, 0x0924, 0x0924, 0x0924, 0x0924, 0x0924, 0x0924, 
    0x0924, 0x0924, 0x0924, 0x0924, 0x0924, 0x0924, 0x0924, 0x0924, 0x0924, 0x0924, 0x0924, 0x0924, 
    0x0924, 0x0924, 0x0924, 0x0924, 0x0924, 0x0924, 0x0924, 0x0924, 0x0924, 0x0924, 0x0924, 0x0924, 
    0x0924, 0x0924, 0x0924, 0x0924, 0x0924, 0x0924, 0x0924, 0x0924, 0x0924, 0x0924, 0x0924, 0x0924, 
    0x0924, 0x0924, 0x0924, 0x0924, 0x0924, 0x0924, 0x0924, 0x0924, 0x0924, 0x0924, 0x0924, 0x0924, 
    0x0924, 0x0924, 0x0924, 0x0924, 0x0924, 0x0924, 0x0924, 0x0924, 0x0924, 0x0924, 0x0924, 0x0924, 
    0x0924, 0x0924, 0x0924, 0x0924, 0x0924, 0x0924, 0x0924, 0x0924, 0x0924, 0x0924, 0x0924, 0x0924, 
    0x0924, 0x0924, 0x0924, 0x0924, 0x0924, 0x0924, 0x0924, 0x0924, 0x0924, 0x0924, 0x0924, 0x0924, 
    0x0924, 0x0924, 0x0924, 0x0924, 0x0924, 0x0924, 0x0924, 0x0924, 0x0924, 0x0924, 0x0924, 0x0924, 
    0x0924, 0x0924, 0x0924, 0x0924, 0x0924, 0x0924, 0x0924, 0x0924, 0x0924, 0x0924, 0x0924, 0x0924, 
    0x0924, 0x0924, 0x0924, 0x0924, 0x0924, 0x0924, 0x0924, 0x0924, 0x0924, 0x0924, 0x0924, 0x0924, 
    0x0924, 0x0924, 0x0924, 0x0924, 0x0924, 0x0924, 0x0924, 0x0924, 0x0924, 0x0924, 0x0924, 0x0924, 
    0x0924, 0x0924, 0x0924, 0x0924, 0x0924, 0x0924, 0x0924, 0x0924, 0x0924, 0x0924, 0x0924, 0x0924, 
    0x0924, 0x0924, 0x0924, 0x0924, 0x0924, 0x0924, 0x0924, 0x0924, 0x0924, 0x0924, 0x0924, 0x0924, 
    0x0924, 0x0924, 0x0924, 0x0924, 0x0924, 0x0924, 0x0924, 0x0924, 0x0924, 0x0924, 0x0924, 0x0924, 
    0x0924, 0x0924, 0x0924, 0x0924, 0x0924, 0x0924, 0x0924, 0x0924, 0x0924, 0x0924, 0x0924, 0x0924, 
    0x0924, 0x0924, 0x0924, 0x0924, 0x0924, 0x0924, 0x0924, 0x0924, 0x0924, 0x0924, 0x0924, 0x0924, 
    0x0924, 0x0924, 0x0924, 0x0924, 0x0924, 0x0924, 0x0924, 0x0924, 0x0924, 0x0924, 0x0924, 0x0924, 
    0x0924, 0x0924, 0x0924, 0x0924, 0x0924, 0x0924, 0x0924, 0x0924, 0x0924, 0x0924, 0x0924, 0x0924, 
    0x0924, 0x0924, 0x0924, 0x0924, 0x0924, 0x0924, 0x0924, 0x0924, 0x0924, 0x0924, 0x0924, 0x0924, 
    0x0924, 0x0924, 0x0924, 0x0924, 0x0924, 0x0924, 0x0924, 0x0924, 0x0924, 0x0924, 0x0924, 0x0924, 
    0x0924, 0x0924, 0x0924, 0x0924, 0x0924, 0x0924, 0x0924, 0x0924, 0x0924, 0x0924, 0x0924, 0x0924, 
    0x0924, 0x0924, 0x0924, 0x0924, 0x0924, 0x0924, 0x0924, 0x0924, 0x0924, 0x0924, 0x0924, 0x0924, 
    0x0924, 0x0924, 0x0924, 0x0924, 0x0924, 0x0924, 0x0924, 0x0924, 0x0924, 0x0924, 0x0924, 0x0924, 
    0x0924, 0x0924, 0x0924, 0x0924, 0x0924, 0x0924, 0x0924, 0x0924, 0x0924, 0x0924, 0x0924, 0x0924, 
    0x0924, 0x0924, 0x0924, 0x0924, 0x0924, 0x0924, 0x0924, 0x0924, 0x0924, 0x0924, 0x0924, 0x0924, 
    0x0924, 0x0924, 0x0924, 0x0924, 0x0924, 0x0924, 0x0924, 0x0924, 0x0924, 0x0924, 0x0924, 0x0924, 
    0x0924, 0x0924, 0x0924, 0x0924, 0x0924, 0x0924, 0x0924, 0x0924, 0x0924, 0x0924, 0x0924, 0x0924, 
    0x0924, 0x0924, 0x0924, 0x0924, 0x0924, 0x0924, 0x0924, 0x0924, 0x0924, 0x0924, 0x0924, 0x0924, 
    0x0924, 0x0924, 0x0924, 0x0924, 0x0924, 0x0924, 0x0924, 0x0924, 0x0924, 0x0924, 0x0924, 0x0924, 
    0x0924, 0x0924, 0x0924, 0x0924, 0x0924, 0x0924, 0x0924, 0x0924, 0x0924, 0x0924, 0x0924, 0x0924, 
    0x0924, 0x0924, 0x0924, 0x0924, 0x0924, 0x0924, 0x0924, 0x0924, 0x0924, 0x0924, 0x0924, 0x0924, 
    0x0924, 0x0924, 0x0924, 0x0924, 0x0924, 0x0924, 0x0924, 0x0924, 0x0924, 0x0924, 0x0924, 0x0924, 
    0x0924, 0x0924, 0x0924, 0x0924, 0x0924, 0x0924, 0x0924, 0x0924, 0x0924, 0x0924, 0x0924, 0x0924, 
    0x0924, 0x0924, 0x0924, 0x0924, 0x0924, 0x0924, 0x0924, 0x0924, 0x0924, 0x0924, 0x0924, 0x0924, 
    0x0924, 0x0924, 0x0924, 0x0924, 0x0924, 0x0924, 0x0924, 0x0924, 0x0924, 0x0924, 0x0924, 0x0924, 
    0x0924, 0x0924, 0x0924, 0x0924, 0x0924, 0x0924, 0x0924, 0x0924, 0x0924, 0x0924, 0x0924, 0x0924, 
    0x0924, 0x0924, 0x0924, 0x0924, 0x0924, 0x0924, 0x0924, 0x0924, 0x0924, 0x0924, 0x0924, 0x0924, 
    0x0924, 0x0924, 0x0924, 0x0924, 0x0924, 0x0924, 0x0924, 0x0924, 0x0924, 0x0924, 0x0924, 0x0924, 
    0x0924, 0x0924, 0x0924, 0x0924, 0x0924, 0x0924, 0x0924, 0x0924, 0x0924, 0x0924, 0x0924, 0x0924, 
    0x0924, 0x0924, 0x0924, 0x0924, 0x0924, 0x0924, 0x0924, 0x0924, 0x0924, 0x0924, 0x0924, 0x0924, 
    0x0924, 0x0924, 0x0924, 0x0924, 0x0924, 0x0924, 0x0924, 0x0924, 0x0924, 0x0924, 0x0924, 0x0924, 
    0x0924, 0x0924, 0x0924, 0x0924, 0x0924, 0x0924, 0x0924, 0x0924, 0x0924, 0x0924, 0x0924, 0x0924, 
    0x0924, 0x0924, 0x0924, 0x0924, 0x0924, 0x0924, 0x0924, 0x0924, 0x0924, 0x0924, 0x0924, 0x0924, 
    0x0924, 0x0924, 0x0924, 0x0924, 0x0924, 0x0924, 0x0924, 0x0924, 0x0924, 0x0924, 0x0924, 0x0924, 
    0x0924, 0x0924, 0x0924, 0x0924, 0x0924, 0x0924, 0x0924, 0x0924, 0x0924, 0x0924, 0x0924, 0x0924, 
    0x0924, 0x0924, 0x0924, 0x0924, 0x0924, 0x0924, 0x0924, 0x0924, 0x0924, 0x0924, 0x0924, 0x0924, 
    0x0924, 0x0924, 0x0924, 0x0924, 0x0924, 0x0924, 0x0924, 0x0924, 0x0924, 0x0924, 0x0924, 0x0924, 
    0x0924, 0x0924, 0x0924, 0x0924, 0x0924, 0x0924, 0x0924, 0x0924, 0x0924, 0x0924, 0x0924, 0x0924, 
    0x0924, 0x0924, 0x0924, 0x0924, 0x0924, 0x0924, 0x0924, 0x0924, 0x0924, 0x0924, 0x0924, 0x0924, 
    0x0924, 0x0924, 0x0924, 0x0924, 0x0924, 0x0924, 0x0924, 0x0924, 0x0924, 0x0924, 0x0924, 0x0924, 
    0x0924, 0x0924, 0x0924, 0x0924, 0x0924, 0x0924, 0x0924, 0x0924, 0x0924, 0x0924, 0x0924, 0x0924, 
    0x0924, 0x0924, 0x0924, 0x0924, 0x0924, 0x0924, 0x0924, 0x0924, 0x0924, 0x0924, 0x0924, 0x0924, 
    0x0924, 0x0924, 0x0924, 0x0924, 0x0924, 0x0924, 0x0924, 0x0924, 0x0924, 0x0924, 0x0924, 0x0924, 
    0x0924, 0x0924, 0x0924, 0x0924, 0x0924, 0x0924, 0x0924, 0x0924, 0x0924, 0x0924, 0x0924, 0x0924, 
    0x0924, 0x0924, 0x0924, 0x0924, 0x0924, 0x0924, 0x0924, 0x0924, 0x0924, 0x0924, 0x0924, 0x0924, 
    0x0924, 0x0924, 0x0924, 0x0924, 0x0924, 0x0924, 0x0924, 0x0924, 0x0924, 0x0924, 0x0924, 0x0924, 
    0x0924, 0x0924, 0x0924, 0x0924, 0x0924, 0x0924, 0x0924, 0x0924, 0x0924, 0x0924, 0x0924, 0x0924, 
    0x0924, 0x0924, 0x0924, 0x0924, 0x0924, 0x0924, 0x0924, 0x0924, 0x0924, 0x0924, 0x0924, 0x0924, 
    0x0924, 0x0924, 0x0924, 0x0924, 0x0924, 0x0924, 0x0924, 0x0924, 0x0924, 0x0924, 0x0924, 0x0924, 
    0x0924, 0x0924, 0x0924, 0x0924, 0x0924, 0x0924, 0x0924, 0x0924, 0x0924, 0x0924, 0x0924, 0x0924, 
    0x0924, 0x0924, 0x0924, 0x0924, 0x0924, 0x0924, 0x0924, 0x0924, 0x0924, 0x0924, 0x0924, 0x0924, 
    0x0924, 0x0924, 0x0924, 0x0924, 0x0924, 0x0924, 0x0924, 0x0924, 0x0924, 0x0924, 0x0924, 0x0924, 
    0x0924, 0x0924, 0x0924, 0x0924, 0x0924, 0x0924, 0x0924, 0x0924, 0x0924, 0x0924, 0x0924, 0x0924, 
    0x0924, 0x0924, 0x0924, 0x0924, 0x0924, 0x0924, 0x0924, 0x0924, 0x0924, 0x0924, 0x0924, 0x0924, 
    0x0924, 0x0924, 0x0924, 0x0924, 0x0924, 0x0924, 0x0924, 0x0924, 0x0924, 0x0924, 0x0924, 0x0924, 
    0x0924, 0x0924, 0x0924, 0x0924, 0x0924, 0x0924, 0x0924, 0x0924, 0x0924, 0x0924, 0x0924, 0x0924, 
    0x0924, 0x0924, 0x0924, 0x0924, 0x0924, 0x0924, 0x0924, 0x0924, 0x0924, 0x0924, 0x0924, 0x0924, 
    0x0924, 0x0924, 0x0924, 0x0924, 0x0924, 0x0924, 0x0924, 0x0924, 0x0924, 0x0924, 0x0924, 0x0924, 
    0x0924, 0x0924, 0x0924, 0x0924, 0x0924, 0x0924, 0x0924, 0x0924, 0x0924, 0x0924, 0x0924, 0x0924, 
    0x0924, 0x0924, 0x0924, 0x0924, 0x0924, 0x0924, 0x0924, 0x0924, 0x0924, 0x0924, 0x0924, 0x0924, 
    0x0924, 0x0924, 0x0924, 0x0924, 0x0924, 0x0924, 0x0924, 0x0924, 0x0924, 0x0924, 0x0924, 0x0924, 
    0x0924, 0x0924, 0x0924, 0x0924, 0x0924, 0x0924, 0x0924, 0x0924, 0x0924, 0x0924, 0x0924, 0x0924, 
    0x0924, 0x0924, 0x0924, 0x0924, 0x0924, 0x0924, 0x0924, 0x0924, 0x0924, 0x0924, 0x0924, 0x0924, 
    0x0924, 0x0924, 0x0924, 0x0924, 0x0924, 0x0924, 0x0924, 0x0924, 0x0924, 0x0924, 0x0924, 0x0924, 
    0x0924, 0x0924, 0x0924, 0x0924, 0x0924, 0x0924, 0x0924, 0x0924, 0x0924, 0x0924, 0x0924, 0x0924, 
    0x0924, 0x0924, 0x0924, 0x0924, 0x0924, 0x0924, 0x0924, 0x0924, 0x0924, 0x0924, 0x0924, 0x0924, 
    0x0924, 0x0924, 0x0924, 0x0924, 0x0924, 0x0924, 0x0924, 0x0924, 0x0924, 0x0924, 0x0924, 0x0924, 
    0x0924, 0x0924, 0x0924, 0x0924, 0x0924, 0x0924, 0x0924, 0x0924, 0x0924, 0x0924, 0x0924, 0x0924, 
    0x0924, 0x0924, 0x0924, 0x0924, 0x0924, 0x0924, 0x0924, 0x0924, 0x0924, 0x0924, 0x0924, 0x0924, 
    0x0924, 0x0924, 0x0924, 0x0924, 0x0924, 0x0924, 0x0924, 0x0924, 0x0924, 0x0924, 0x0924, 0x0924, 
    0x0924, 0x0924, 0x0924, 0x0924, 0x0924, 0x0924, 0x0924, 0x0924, 0x0924, 0x0924, 0x0924, 0x0924, 
    0x0924, 0x0924, 0x0924, 0x0924, 0x0924, 0x0924, 0x0924, 0x0924, 0x0924, 0x0924, 0x0924, 0x0924, 
    0x0924, 0x0924, 0x0924, 0x0924, 0x0924, 0x0924, 0x0924, 0x0924, 0x0924, 0x0924, 0x0924, 0x0924, 
    0x0924, 0x0924, 0x0924, 0x0924, 0x0924, 0x0924, 0x0924, 0x0924, 0x0924, 0x0924, 0x0924, 0x0924, 
    0x0924, 0x0924, 0x0924, 0x0924, 0x0924, 0x0924, 0x0924, 0x0924, 0x0924, 0x0924, 0x0924, 0x0924, 
    0x0924, 0x0924, 0x0924, 0x0924, 0x0924, 0x0924, 0x0924, 0x0924, 0x0924, 0x0924, 0x0924, 0x0924, 
    0x0924, 0x0924, 0x0924, 0x0924, 0x0924, 0x0924, 0x0924, 0x0924, 0x0924, 0x0924, 0x0924, 0x0924, 
    0x0924, 0x0924, 0x0924, 0x0924, 0x0924, 0x0924, 0x0924, 0x0924, 0x0924, 0x0924, 0x0924, 0x0924, 
    0x0924, 0x0924, 0x0924, 0x0924, 0x0924, 0x0924, 0x0924, 0x0924, 0x0924, 0x0924, 0x0924, 0x0924, 
    0x0924, 0x0924, 0x0924, 0x0924, 0x0924, 0x0924, 0x0924, 0x0924, 0x0924, 0x0924, 0x0924, 0x0924, 
    0x0924, 0x0924, 0x0924, 0x0924, 0x0924, 0x0924, 0x0924, 0x0924, 0x0924, 0x0924, 0x0924, 0x0924, 
    0x0924, 0x0924, 0x0924, 0x0924, 0x0924, 0x0924, 0x0924, 0x0924, 0x0924, 0x0924, 0x0924, 0x0924, 
    0x0924, 0x0924, 0x0924, 0x0924, 0x0924, 0x0924, 0x0924, 0x0924, 0x0924, 0x0924, 0x0924, 0x0924, 
    0x0924, 0x0924, 0x0924, 0x0924, 0x0924, 0x0924, 0x0924, 0x0924, 0x0924, 0x0924, 0x0924, 0x0924, 
    0x0924, 0x0924, 0x0924, 0x0924, 0x0924, 0x0924, 0x0924, 0x0924, 0x0924, 0x0924, 0x0924, 0x0924, 
    0x0924, 0x0924, 0x0924, 0x0924, 0x0924, 0x0924, 0x0924, 0x0924, 0x0924, 0x0924, 0x0924, 0x0924, 
    0x0924, 0x0924, 0x0924, 0x0924, 0x0924, 0x0924, 0x0924, 0x0924, 0x0924, 0x0924, 0x0924, 0x0924, 
    0x0924, 0x0924, 0x0924, 0x0924, 0x0924, 0x0924, 0x0924, 0x0924, 0x0924, 0x0924, 0x0924, 0x0924, 
    0x0924, 0x0924, 0x0924, 0x0924, 0x0924, 0x0924, 0x0924, 0x0924, 0x0924, 0x0924, 0x0924, 0x0924, 
    0x0924, 0x0924, 0x0924, 0x0924, 0x0924, 0x0924, 0x0924, 0x0924, 0x0924, 0x0924, 0x0924, 0x0924, 
    0x0924, 0x0924, 0x0924, 0x0924, 0x0924, 0x0924, 0x0924, 0x0924, 0x0924, 0x0924, 0x0924, 0x0924, 
    0x0924, 0x0924, 0x0924, 0x0924, 0x0924, 0x0924, 0x0924, 0x0924, 0x0924, 0x0924, 0x0924, 0x0924, 
    0x0924, 0x0924, 0x0924, 0x0924, 0x0924, 0x0924, 0x0924, 0x0924, 0x0924, 0x0924, 0x0924, 0x0924, 
    0x0924, 0x0924, 0x0924, 0x0924, 0x0924, 0x0924, 0x0924, 0x0924, 0x0924, 0x0924, 0x0924, 0x0924, 
    0x0924, 0x0924, 0x0924, 0x0924, 0x0924, 0x0924, 0x0924, 0x0924, 0x0924, 0x0924, 0x0924, 0x0924, 
    0x0924, 0x0924, 0x0924, 0x0924, 0x0924, 0x0924, 0x0924, 0x0924, 0x0924, 0x0924, 0x0924, 0x0924, 
    0x0924, 0x0924, 0x0924, 0x0924, 0x0924, 0x0924, 0x0924, 0x0924, 0x0924, 0x0924, 0x0924, 0x0924, 
    0x0924, 0x0924, 0x0924, 0x0924, 0x0924, 0x0924, 0x0924, 0x0924, 0x0924, 0x0924, 0x0924, 0x0924, 
    0x0924, 0x0924, 0x0924, 0x0924, 0x0924, 0x0924, 0x0924, 0x0924, 0x0924, 0x0924, 0x0924, 0x0924, 
    0x0924, 0x0924, 0x0924, 0x0924, 0x0924, 0x0924, 0x0924, 0x0924, 0x0924, 0x0924, 0x0924, 0x0924, 
    0x0924, 0x0924, 0x0924, 0x0924, 0x0924, 0x0924, 0x0924, 0x0924, 0x0924, 0x0924, 0x0924, 0x0924, 
    0x0924, 0x0924, 0x0924, 0x0924, 0x0924, 0x0924, 0x0924, 0x0924, 0x0924, 0x0924, 0x0924, 0x0924, 
    0x0924, 0x0924, 0x0924, 0x0924, 0x0924, 0x0924, 0x0924, 0x0924, 0x0924, 0x0924, 0x0924, 0x0924, 
    0x0924, 0x0924, 0x0924, 0x0924, 0x0924, 0x0924, 0x0924, 0x0924, 0x0924, 0x0924, 0x0924, 0x0924, 
    0x0924, 0x0924, 0x0924, 0x0924, 0x0924, 0x0924, 0x0924, 0x0924, 0x0924, 0x0924, 0x0924, 0x0924, 
    0x0924, 0x0924, 0x0924, 0x0924, 0x0924, 0x0924, 0x0924, 0x0924, 0x0924, 0x0924, 0x0924, 0x0924, 
    0x0924, 0x0924, 0x0924, 0x0924, 0x0924, 0x0924, 0x0924, 0x0924, 0x0924, 0x0924, 0x0924, 0x0924, 
    0x0924, 0x0924, 0x0924, 0x0924, 0x0924, 0x0924, 0x0924, 0x0924, 0x0924, 0x0924, 0x0924, 0x0924, 
    0x0924, 0x0924, 0x0924, 0x0924, 0x0924, 0x0924, 0x0924, 0x0924, 0x0924, 0x0924, 0x0924, 0x0924, 
    0x0924, 0x0924, 0x0924, 0x0924, 0x0924, 0x0924, 0x0924, 0x0924, 0x0924, 0x0924, 0x0924, 0x0924, 
    0x0924, 0x0924, 0x0924, 0x0924, 0x0924, 0x0924, 0x0924, 0x0924, 0x0924, 0x0924, 0x0924, 0x0924, 
    0x0924, 0x0924, 0x0924, 0x0924, 0x0924, 0x0924, 0x0924, 0x0924, 0x0924, 0x0924, 0x0924, 0x0924, 
    0x0924, 0x0924, 0x0924, 0x0924, 0x0924, 0x0924, 0x0924, 0x0924, 0x0924, 0x0924, 0x0924, 0x0924, 
    0x0924, 0x0924, 0x0924, 0x0924, 0x0924, 0x0924, 0x0924, 0x0924, 0x0924, 0x0924, 0x0924, 0x0924, 
    0x0924, 0x0924, 0x0924, 0x0924, 0x0924, 0x0924, 0x0924, 0x0924, 0x0924, 0x0924, 0x0924, 0x0924, 
    0x0924, 0x0924, 0x0924, 0x0924, 0x0924, 0x0924, 0x0924, 0x0924, 0x0924, 0x0924, 0x0924, 0x0924, 
    0x0924, 0x0924, 0x0924, 0x0924, 0x0924, 0x0924, 0x0924, 0x0924, 0x0924, 0x0924, 0x0924, 0x0924, 
    0x0924, 0x0924, 0x0924, 0x0924, 0x0924, 0x0924, 0x0924, 0x0924, 0x0924, 0x0924, 0x0924, 0x0924, 
    0x0924, 0x0924, 0x0924, 0x0924, 0x0924, 0x0924, 0x0924, 0x0924, 0x0924, 0x0924, 0x0924, 0x0924, 
    0x0924, 0x0924, 0x0924, 0x0924, 0x0924, 0x0924, 0x0924, 0x0924, 0x0924, 0x0924, 0x0924, 0x0924, 
    0x0924, 0x0924, 0x0924, 0x0924, 0x0924, 0x0924, 0x0924, 0x0924, 0x0924, 0x0924, 0x0924, 0x0924, 
    0x0924, 0x0924, 0x0924, 0x0924, 0x0924, 0x0924, 0x0924, 0x0924, 0x0924, 0x0924, 0x0924, 0x0924, 
    0x0924, 0x0924, 0x0924, 0x0924, 0x0924, 0x0924, 0x0924, 0x0924, 0x0924, 0x0924, 0x0924, 0x0924, 
    0x0924, 0x0924, 0x0924, 0x0924, 0x0924, 0x0924, 0x0924, 0x0924, 0x0924, 0x0924, 0x0924, 0x0924, 
    0x0924, 0x0924, 0x0924, 0x0924, 0x0924, 0x0924, 0x0924, 0x0924, 0x0924, 0x0924, 0x0924, 0x0924, 
    0x0924, 0x0924, 0x0924, 0x0924, 0x0924, 0x0924, 0x0924, 0x0924, 0x0924, 0x0924, 0x0924, 0x0924, 
    0x0924, 0x0924, 0x0924, 0x0924, 0x0924, 0x0924, 0x0924, 0x0924, 0x0924, 0x0924, 0x0924, 0x0924, 
    0x0924, 0x0924, 0x0924, 0x0924, 0x0924, 0x0924, 0x0924, 0x0924, 0x0924, 0x0924, 0x0924, 0x0924, 
    0x0924, 0x0924, 0x0924, 0x0924, 0x0924, 0x0924, 0x0924, 0x0924, 0x0924, 0x0924, 0x0924, 0x0924, 
    0x0924, 0x0924, 0x0924, 0x0924, 0x0924, 0x0924, 0x0924, 0x0924, 0x0924, 0x0924, 0x0924, 0x0924, 
    0x0924, 0x0924, 0x0924, 0x0924, 0x0924, 0x0924, 0x0924, 0x0924, 0x0924, 0x0924, 0x0924, 0x0924, 
    0x0924, 0x0924, 0x0924, 0x0924, 0x0924, 0x0924, 0x0924, 0x0924, 0x0924, 0x0924, 0x0924, 0x0924, 
    0x0924, 0x0924, 0x0924, 0x0924, 0x0924, 0x0924, 0x0924, 0x0924, 0x0924, 0x0924, 0x0924, 0x0924, 
    0x0924, 0x0924, 0x0924, 0x0924, 0x0924, 0x0924, 0x0924, 0x0924, 0x0924, 0x0924, 0x0924, 0x0924, 
    0x0924, 0x0924, 0x0924, 0x0924, 0x0924, 0x0924, 0x0924, 0x0924, 0x0924, 0x0924, 0x0924, 0x0924, 
    0x0924, 0x0924, 0x0924, 0x0924, 0x0924, 0x0924, 0x0924, 0x0924, 0x0924, 0x0924, 0x0924, 0x0924, 
    0x0924, 0x0924, 0x0924, 0x0924, 0x0924, 0x0924, 0x0924, 0x0924, 0x0924, 0x0924, 0x0924, 0x0924, 
    0x0924, 0x0924, 0x0924, 0x0924, 0x0924, 0x0924, 0x0924, 0x0924, 0x0924, 0x0924, 0x0924, 0x0924, 
    0x0924, 0x0924, 0x0924, 0x0924, 0x0924, 0x0924, 0x0924, 0x0924, 0x0924, 0x0924, 0x0924, 0x0924, 
    0x0924, 0x0924, 0x0924, 0x0924, 0x0924, 0x0924, 0x0924, 0x0924, 0x0924, 0x0924, 0x0924, 0x0924, 
    0x0924, 0x0924, 0x0924, 0x0924, 0x0924, 0x0924, 0x0924, 0x0924, 0x0924, 0x0924, 0x0924, 0x0924, 
    0x0924, 0x0924, 0x0924, 0x0924, 0x0924, 0x0924, 0x0924, 0x0924, 0x0924, 0x0924, 0x0924, 0x0924, 
    0x0924, 0x0924, 0x0924, 0x0924, 0x0924, 0x0924, 0x0924, 0x0924, 0x0924, 0x0924, 0x0924, 0x0924, 
    0x0924, 0x0924, 0x0924, 0x0924, 0x0924, 0x0924, 0x0924, 0x0924, 0x0924, 0x0924, 0x0924, 0x0924, 
    0x0924, 0x0924, 0x0924, 0x0924, 0x0924, 0x0924, 0x0924, 0x0924, 0x0924, 0x0924, 0x0924, 0x0924, 
    0x0924, 0x0924, 0x0924, 0x0924, 0x0924, 0x0924, 0x0924, 0x0924, 0x0924, 0x0924, 0x0924, 0x0924, 
    0x0924, 0x0924, 0x0924, 0x0924, 0x0924, 0x0924, 0x0924, 0x0924, 0x0924, 0x0924, 0x0924, 0x0924, 
    0x0924, 0x0924, 0x0924, 0x0924, 0x0924, 0x0924, 0x0924, 0x0924, 0x0924, 0x0924, 0x0924, 0x0924, 
    
  },
  {
    0x0924, 0x0924, 0x0924, 0x0924, 0x0924, 0x0924, 0x0924, 0x0924, 0x0924, 0x0924, 0x0924, 0x0924, 
    0x0924, 0x0924, 0x0924, 0x0924, 0x0924, 0x0924, 0x0924, 0x0924, 0x0924, 0x0924, 0x0924, 0x0924, 
    0x0924, 0x0924, 0x0924, 0x0924, 0x0924, 0x0924, 0x0924, 0x0924, 0x0924, 0x0924, 0x0924, 0x0924, 
    0x0924, 0x0924, 0x0924, 0x0924, 0x0924, 0x0924, 0x0924, 0x0924, 0x0924, 0x0924, 0x0924, 0x0924, 
    0x0924, 0x0924, 0x0924, 0x0924, 0x0924, 0x0924, 0x0924, 0x0924, 0x0924, 0x0924, 0x0924, 0x0924, 
    0x0924, 0x0924, 0x0924, 0x0924, 0x0924, 0x0924, 0x0924, 0x0924, 0x0924, 0x0924, 0x0924, 0x0924, 
    0x0924, 0x0924, 0x0924, 0x0924, 0x0924, 0x0924, 0x0924, 0x0924, 0x0924, 0x0924, 0x0924, 0x0924, 
    0x0924, 0x0924, 0x0924, 0x0924, 0x0924, 0x0924, 0x0924, 0x0924, 0x0924, 0x0924, 0x0924, 0x0924, 
    0x0924, 0x0924, 0x0924, 0x0924, 0x0924, 0x0924, 0x0924, 0x0924, 0x0924, 0x0924, 0x0924, 0x0924, 
    0x0924, 0x0924, 0x0924, 0x0924, 0x0924, 0x0924, 0x0924, 0x0924, 0x0924, 0x0924, 0x0924, 0x0924, 
    0x0924, 0x0924, 0x0924, 0x0924, 0x0924, 0x0924, 0x0924, 0x0924, 0x0924, 0x0924, 0x0924, 0x0924, 
    0x0924, 0x0924, 0x0924, 0x0924, 0x0924, 0x0924, 0x0924, 0x0924, 0x0924, 0x0924, 0x0924, 0x0924, 
    0x0924, 0x0924, 0x0924, 0x0924, 0x0924, 0x0924, 0x0924, 0x0924, 0x0924, 0x0924, 0x0924, 0x0924, 
    0x0924, 0x0924, 0x0924, 0x0924, 0x0924, 0x0924, 0x0924, 0x0924, 0x0924, 0x0924, 0x0924, 0x0924, 
    0x0924, 0x0924, 0x0924, 0x0924, 0x0924, 0x0924, 0x0924, 0x0924, 0x0924, 0x0924, 0x0924, 0x0924, 
    0x0924, 0x0924, 0x0924, 0x0924, 0x0924, 0x0924, 0x0924, 0x0924, 0x0924, 0x0924, 0x0924, 0x0924, 
    0x0924, 0x0924, 0x0924, 0x0924, 0x0924, 0x0924, 0x0924, 0x0924, 0x0924, 0x0924, 0x0924, 0x0924, 
    0x0924, 0x0924, 0x0924, 0x0924, 0x0924, 0x0924, 0x0924, 0x0924, 0x0924, 0x0924, 0x0924, 0x0924, 
    0x0924, 0x0924, 0x0924, 0x0924, 0x0924, 0x0924, 0x0924, 0x0924, 0x0924, 0x0924, 0x0924, 0x0924, 
    0x0924, 0x0924, 0x0924, 0x0924, 0x0924, 0x0924, 0x0924, 0x0924, 0x0924, 0x0924, 0x0924, 0x0924, 
    0x0924, 0x0924, 0x0924, 0x0924, 0x0924, 0x0924, 0x0924, 0x0924, 0x0924, 0x0924, 0x0924, 0x0924, 
    0x0924, 0x0924, 0x0924, 0x0924, 0x0924, 0x0924, 0x0924, 0x0924, 0x0924, 0x0924, 0x0924, 0x0924, 
    0x0924, 0x0924, 0x0924, 0x0924, 0x0924, 0x0924, 0x0924, 0x0924, 0x0924, 0x0924, 0x0924, 0x0924, 
    0x0924, 0x0924, 0x0924, 0x0924, 0x0924, 0x0924, 0x0924, 0x0924, 0x0924, 0x0924, 0x0924, 0x0924, 
    0x0924, 0x0924, 0x0924, 0x0924, 0x0924, 0x0924, 0x0924, 0x0924, 0x0924, 0x0924, 0x0924, 0x0924, 
    0x0924, 0x0924, 0x0924, 0x0924, 0x0924, 0x0924, 0x0924, 0x0924, 0x0924, 0x0924, 0x0924, 0x0924, 
    0x0924, 0x0924, 0x0924, 0x0924, 0x0924, 0x0924, 0x0924, 0x0924, 0x0924, 0x0924, 0x0924, 0x0924, 
    0x0924, 0x0924, 0x0924, 0x0924, 0x0924, 0x0924, 0x0924, 0x0924, 0x0924, 0x0924, 0x0924, 0x0924, 
    0x0924, 0x0924, 0x0924, 0x0924, 0x0924, 0x0924, 0x0924, 0x0924, 0x0924, 0x0924, 0x0924, 0x0924, 
    0x0924, 0x0924, 0x0924, 0x0924, 0x0924, 0x0924, 0x0924, 0x0924, 0x0924, 0x0924, 0x0924, 0x0924, 
    0x0924, 0x0924, 0x0924, 0x0924, 0x0924, 0x0924, 0x0924, 0x0924, 0x0924, 0x0924, 0x0924, 0x0924, 
    0x0924, 0x0924, 0x0924, 0x0924, 0x0924, 0x0924, 0x0924, 0x0924, 0x0924, 0x0924, 0x0924, 0x0924, 
    0x0924, 0x0924, 0x0924, 0x0924, 0x0924, 0x0924, 0x0924, 0x0924, 0x0924, 0x0924, 0x0924, 0x0924, 
    0x0924, 0x0924, 0x0924, 0x0924, 0x0924, 0x0924, 0x0924, 0x0924, 0x0924, 0x0924, 0x0924, 0x0924, 
    0x0924, 0x0924, 0x0924, 0x0924, 0x0924, 0x0924, 0x0924, 0x0924, 0x0924, 0x0924, 0x0924, 0x0924, 
    0x0924, 0x0924, 0x0924, 0x0924, 0x0924, 0x0924, 0x0924, 0x0924, 0x0924, 0x0924, 0x0924, 0x0924, 
    0x0924, 0x0924, 0x0924, 0x0924, 0x0924, 0x0924, 0x0924, 0x0924, 0x0924, 0x0924, 0x0924, 0x0924, 
    0x0924, 0x0924, 0x0924, 0x0924, 0x0924, 0x0924, 0x0924, 0x0924, 0x0924, 0x0924, 0x0924, 0x0924, 
    0x0924, 0x0924, 0x0924, 0x0924, 0x0924, 0x0924, 0x0924, 0x0924, 0x0924, 0x0924, 0x0924, 0x0924, 
    0x0924, 0x0924, 0x0924, 0x0924, 0x0924, 0x0924, 0x0924, 0x0924, 0x0924, 0x0924, 0x0924, 0x0924, 
    0x0924, 0x0924, 0x0924, 0x0924, 0x0924, 0x0924, 0x0924, 0x0924, 0x0924, 0x0924, 0x0924, 0x0924, 
    0x0924, 0x0924, 0x0924, 0x0924, 0x0924, 0x0924, 0x0924, 0x0924, 0x0924, 0x0924, 0x0924, 0x0924, 
    0x0924, 0x0924, 0x0924, 0x0924, 0x0924, 0x0924, 0x0924, 0x0924, 0x0924, 0x0924, 0x0924, 0x0924, 
    0x0924, 0x0924, 0x0924, 0x0924, 0x0924, 0x0924, 0x0924, 0x0924, 0x0924, 0x0924, 0x0924, 0x0924, 
    0x0924, 0x0924, 0x0924, 0x0924, 0x0924, 0x0924, 0x0924, 0x0924, 0x0924, 0x0924, 0x0924, 0x0924, 
    0x0924, 0x0924, 0x0924, 0x0924, 0x0924, 0x0924, 0x0924, 0x0924, 0x0924, 0x0924, 0x0924, 0x0924, 
    0x0924, 0x0924, 0x0924, 0x0924, 0x0924, 0x0924, 0x0924, 0x0924, 0x0924, 0x0924, 0x0924, 0x0924, 
    0x0924, 0x0924, 0x0924, 0x0924, 0x0924, 0x0924, 0x0924, 0x0924, 0x0924, 0x0924, 0x0924, 0x0924, 
    0x0924, 0x0924, 0x0924, 0x0924, 0x0924, 0x0924, 0x0924, 0x0924, 0x0924, 0x0924, 0x0924, 0x0924, 
    0x0924, 0x0924, 0x0924, 0x0924, 0x0924, 0x0924, 0x0924, 0x0924, 0x0924, 0x0924, 0x0924, 0x0924, 
    0x0924, 0x0924, 0x0924, 0x0924, 0x0924, 0x0924, 0x0924, 0x0924, 0x0924, 0x0924, 0x0924, 0x0924, 
    0x0924, 0x0924, 0x0924, 0x0924, 0x0924, 0x0924, 0x0924, 0x0924, 0x0924, 0x0924, 0x0924, 0x0924, 
    0x0924, 0x0924, 0x0924, 0x0924, 0x0924, 0x0924, 0x0924, 0x0924, 0x0924, 0x0924, 0x0924, 0x0924, 
    0x0924, 0x0924, 0x0924, 0x0924, 0x0924, 0x0924, 0x0924, 0x0924, 0x0924, 0x0924, 0x0924, 0x0924, 
    0x0924, 0x0924, 0x0924, 0x0924, 0x0924, 0x0924, 0x0924, 0x0924, 0x0924, 0x0924, 0x0924, 0x0924, 
    0x0924, 0x0924, 0x0924, 0x0924, 0x0924, 0x0924, 0x0924, 0x0924, 0x0924, 0x0924, 0x0924, 0x0924, 
    0x0924, 0x0924, 0x0924, 0x0924, 0x0924, 0x0924, 0x0924, 0x0924, 0x0924, 0x0924, 0x0924, 0x0924, 
    0x0924, 0x0924, 0x0924, 0x0924, 0x0924, 0x0924, 0x0924, 0x0924, 0x0924, 0x0924, 0x0924, 0x0924, 
    0x0924, 0x0924, 0x0924, 0x0924, 0x0924, 0x0924, 0x0924, 0x0924, 0x0924, 0x0924, 0x0924, 0x0924, 
    0x0924, 0x0924, 0x0924, 0x0924, 0x0924, 0x0924, 0x0924, 0x0924, 0x0924, 0x0924, 0x0924, 0x0924, 
    0x0924, 0x0924, 0x0924, 0x0924, 0x0924, 0x0924, 0x0924, 0x0924, 0x0924, 0x0924, 0x0924, 0x0924, 
    0x0924, 0x0924, 0x0924, 0x0924, 0x0924, 0x0924, 0x0924, 0x0924, 0x0924, 0x0924, 0x0924, 0x0924, 
    0x0924, 0x0924, 0x0924, 0x0924, 0x0924, 0x0924, 0x0924, 0x0924, 0x0924, 0x0924, 0x0924, 0x0924, 
    0x0924, 0x0924, 0x0924, 0x0924, 0x0924, 0x0924, 0x0924, 0x0924, 0x0924, 0x0924, 0x0924, 0x0924, 
    0x0924, 0x0924, 0x0924, 0x0924, 0x0924, 0x0924, 0x0924, 0x0924, 0x0924, 0x0924, 0x0924, 0x0924, 
    0x0924, 0x0924, 0x0924, 0x0924, 0x0924, 0x0924, 0x0924, 0x0924, 0x0924, 0x0924, 0x0924, 0x0924, 
    0x0924, 0x0924, 0x0924, 0x0924, 0x0924, 0x0924, 0x0924, 0x0924, 0x0924, 0x0924, 0x0924, 0x0924, 
    0x0924, 0x0924, 0x0924, 0x0924, 0x0924, 0x0924, 0x0924, 0x0924, 0x0924, 0x0924, 0x0924, 0x0924, 
    0x0924, 0x0924, 0x0924, 0x0924, 0x0924, 0x0924, 0x0924, 0x0924, 0x0924, 0x0924, 0x0924, 0x0924, 
    0x0924, 0x0924, 0x0924, 0x0924, 0x0924, 0x0924, 0x0924, 0x0924, 0x0924, 0x0924, 0x0924, 0x0924, 
    0x0924, 0x0924, 0x0924, 0x0924, 0x0924, 0x0924, 0x0924, 0x0924, 0x0924, 0x0924, 0x0924, 0x0924, 
    0x0924, 0x0924, 0x0924, 0x0924, 0x0924, 0x0924, 0x0924, 0x0924, 0x0924, 0x0924, 0x0924, 0x0924, 
    0x0924, 0x0924, 0x0924, 0x0924, 0x0924, 0x0924, 0x0924, 0x0924, 0x0924, 0x0924, 0x0924, 0x0924, 
    0x0924, 0x0924, 0x0924, 0x0924, 0x0924, 0x0924, 0x0924, 0x0924, 0x0924, 0x0924, 0x0924, 0x0924, 
    0x0924, 0x0924, 0x0924, 0x0924, 0x0924, 0x0924, 0x0924, 0x0924, 0x0924, 0x0924, 0x0924, 0x0924, 
    0x0924, 0x0924, 0x0924, 0x0924, 0x0924, 0x0924, 0x0924, 0x0924, 0x0924, 0x0924, 0x0924, 0x0924, 
    0x0924, 0x0924, 0x0924, 0x0924, 0x0924, 0x0924, 0x0924, 0x0924, 0x0924, 0x0924, 0x0924, 0x0924, 
    0x0924, 0x0924, 0x0924, 0x0924, 0x0924, 0x0924, 0x0924, 0x0924, 0x0924, 0x0924, 0x0924, 0x0924, 
    0x0924, 0x0924, 0x0924, 0x0924, 0x0924, 0x0924, 0x0924, 0x0924, 0x0924, 0x0924, 0x0924, 0x0924, 
    0x0924, 0x0924, 0x0924, 0x0924, 0x0924, 0x0924, 0x0924, 0x0924, 0x0924, 0x0924, 0x0924, 0x0924, 
    0x0924, 0x0924, 0x0924, 0x0924, 0x0924, 0x0924, 0x0924, 0x0924, 0x0924, 0x0924, 0x0924, 0x0924, 
    0x0924, 0x0924, 0x0924, 0x0924, 0x0924, 0x0924, 0x0924, 0x0924, 0x0924, 0x0924, 0x0924, 0x0924, 
    0x0924, 0x0924, 0x0924, 0x0924, 0x0924, 0x0924, 0x0924, 0x0924, 0x0924, 0x0924, 0x0924, 0x0924, 
    0x0924, 0x0924, 0x0924, 0x0924, 0x0924, 0x0924, 0x0924, 0x0924, 0x0924, 0x0924, 0x0924, 0x0924, 
    0x0924, 0x0924, 0x0924, 0x0924, 0x0924, 0x0924, 0x0924, 0x0924, 0x0924, 0x0924, 0x0924, 0x0924, 
    0x0924, 0x0924, 0x0924, 0x0924, 0x0924, 0x0924, 0x0924, 0x0924, 0x0924, 0x0924, 0x0924, 0x0924, 
    0x0924, 0x0924, 0x0924, 0x0924, 0x0924, 0x0924, 0x0924, 0x0924, 0x0924, 0x0924, 0x0924, 0x0924, 
    0x0924, 0x0924, 0x0924, 0x0924, 0x0924, 0x0924, 0x0924, 0x0924, 0x0924, 0x0924, 0x0924, 0x0924, 
    0x0924, 0x0924, 0x0924, 0x0924, 0x0924, 0x0924, 0x0924, 0x0924, 0x0924, 0x0924, 0x0924, 0x0924, 
    0x0924, 0x0924, 0x0924, 0x0924, 0x0924, 0x0924, 0x0924, 0x0924, 0x0924, 0x0924, 0x0924, 0x0924, 
    0x0924, 0x0924, 0x0924, 0x0924, 0x0924, 0x0924, 0x0924, 0x0924, 0x0924, 0x0924, 0x0924, 0x0924, 
    0x0924, 0x0924, 0x0924, 0x0924, 0x0924, 0x0924, 0x0924, 0x0924, 0x0924, 0x0924, 0x0924, 0x0924, 
    0x0924, 0x0924, 0x0924, 0x0924, 0x0924, 0x0924, 0x0924, 0x0924, 0x0924, 0x0924, 0x0924, 0x0924, 
    0x0924, 0x0924, 0x0924, 0x0924, 0x0924, 0x0924, 0x0924, 0x0924, 0x0924, 0x0924, 0x0924, 0x0924, 
    0x0924, 0x0924, 0x0924, 0x0924, 0x0924, 0x0924, 0x0924, 0x0924, 0x0924, 0x0924, 0x0924, 0x0924, 
    0x0924, 0x0924, 0x0924, 0x0924, 0x0924, 0x0924, 0x0924, 0x0924, 0x0924, 0x0924, 0x0924, 0x0924, 
    0x0924, 0x0924, 0x0924, 0x0924, 0x0924, 0x0924, 0x0924, 0x0924, 0x0924, 0x0924, 0x0924, 0x0924, 
    0x0924, 0x0924, 0x0924, 0x0924, 0x0924, 0x0924, 0x0924, 0x0924, 0x0924, 0x0924, 0x0924, 0x0924, 
    0x0924, 0x0924, 0x0924, 0x0924, 0x0924, 0x0924, 0x0924, 0x0924, 0x0924, 0x0924, 0x0924, 0x0924, 
    0x0924, 0x0924, 0x0924, 0x0924, 0x0924, 0x0924, 0x0924, 0x0924, 0x0924, 0x0924, 0x0924, 0x0924, 
    0x0924, 0x0924, 0x0924, 0x0924, 0x0924, 0x0924, 0x0924, 0x0924, 0x0924, 0x0924, 0x0924, 0x0924, 
    0x0924, 0x0924, 0x0924, 0x0924, 0x0924, 0x0924, 0x0924, 0x0924, 0x0924, 0x0924, 0x0924, 0x0924, 
    0x0924, 0x0924, 0x0924, 0x0924, 0x0924, 0x0924, 0x0924, 0x0924, 0x0924, 0x0924, 0x0924, 0x0924, 
    0x0924, 0x0924, 0x0924, 0x0924, 0x0924, 0x0924, 0x0924, 0x0924, 0x0924, 0x0924, 0x0924, 0x0924, 
    0x0924, 0x0924, 0x0924, 0x0924, 0x0924, 0x0924, 0x0924, 0x0924, 0x0924, 0x0924, 0x0924, 0x0924, 
    0x0924, 0x0924, 0x0924, 0x0924, 0x0924, 0x0924, 0x0924, 0x0924, 0x0924, 0x0924, 0x0924, 0x0924, 
    0x0924, 0x0924, 0x0924, 0x0924, 0x0924, 0x0924, 0x0924, 0x0924, 0x0924, 0x0924, 0x0924, 0x0924, 
    0x0924, 0x0924, 0x0924, 0x0924, 0x0924, 0x0924, 0x0924, 0x0924, 0x0924, 0x0924, 0x0924, 0x0924, 
    0x0924, 0x0924, 0x0924, 0x0924, 0x0924, 0x0924, 0x0924, 0x0924, 0x0924, 0x0924, 0x0924, 0x0924, 
    0x0924, 0x0924, 0x0924, 0x0924, 0x0924, 0x0924, 0x0924, 0x0924, 0x0924, 0x0924, 0x0924, 0x0924, 
    0x0924, 0x0924, 0x0924, 0x0924, 0x0924, 0x0924, 0x0924, 0x0924, 0x0924, 0x0924, 0x0924, 0x0924, 
    0x0924, 0x0924, 0x0924, 0x0924, 0x0924, 0x0924, 0x0924, 0x0924, 0x0924, 0x0924, 0x0924, 0x0924, 
    0x0924, 0x0924, 0x0924, 0x0924, 0x0924, 0x0924, 0x0924, 0x0924, 0x0924, 0x0924, 0x0924, 0x0924, 
    0x0924, 0x0924, 0x0924, 0x0924, 0x0924, 0x0924, 0x0924, 0x0924, 0x0924, 0x0924, 0x0924, 0x0924, 
    0x0924, 0x0924, 0x0924, 0x0924, 0x0924, 0x0924, 0x0924, 0x0924, 0x0924, 0x0924, 0x0924, 0x0924, 
    0x0924, 0x0924, 0x0924, 0x0924, 0x0924, 0x0924, 0x0924, 0x0924, 0x0924, 0x0924, 0x0924, 0x0924, 
    0x0924, 0x0924, 0x0924, 0x0924, 0x0924, 0x0924, 0x0924, 0x0924, 0x0924, 0x0924, 0x0924, 0x0924, 
    0x0924, 0x0924, 0x0924, 0x0924, 0x0924, 0x0924, 0x0924, 0x0924, 0x0924, 0x0924, 0x0924, 0x0924, 
    0x0924, 0x0924, 0x0924, 0x0924, 0x0924, 0x0924, 0x0924, 0x0924, 0x0924, 0x0924, 0x0924, 0x0924, 
    0x0924, 0x0924, 0x0924, 0x0924, 0x0924, 0x0924, 0x0924, 0x0924, 0x0924, 0x0924, 0x0924, 0x0924, 
    0x0924, 0x0924, 0x0924, 0x0924, 0x0924, 0x0924, 0x0924, 0x0924, 0x0924, 0x0924, 0x0924, 0x0924, 
    0x0924, 0x0924, 0x0924, 0x0924, 0x0924, 0x0924, 0x0924, 0x0924, 0x0924, 0x0924, 0x0924, 0x0924, 
    0x0924, 0x0924, 0x0924, 0x0924, 0x0924, 0x0924, 0x0924, 0x0924, 0x0924, 0x0924, 0x0924, 0x0924, 
    0x0924, 0x0924, 0x0924, 0x0924, 0x0924, 0x0924, 0x0924, 0x0924, 0x0924, 0x0924, 0x0924, 0x0924, 
    0x0924, 0x0924, 0x0924, 0x0924, 0x0924, 0x0924, 0x0924, 0x0924, 0x0924, 0x0924, 0x0924, 0x0924, 
    0x0924, 0x0924, 0x0924, 0x0924, 0x0924, 0x0924, 0x0924, 0x0924, 0x0924, 0x0924, 0x0924, 0x0924, 
    0x0924, 0x0924, 0x0924, 0x0924, 0x0924, 0x0924, 0x0924, 0x0924, 0x0924, 0x0924, 0x0924, 0x0924, 
    0x0924, 0x0924, 0x0924, 0x0924, 0x0924, 0x0924, 0x0924, 0x0924, 0x0924, 0x0924, 0x0924, 0x0924, 
    0x0924, 0x0924, 0x0924, 0x0924, 0x0924, 0x0924, 0x0924, 0x0924, 0x0924, 0x0924, 0x0924, 0x0924, 
    0x0924, 0x0924, 0x0924, 0x0924, 0x0924, 0x0924, 0x0924, 0x0924, 0x0924, 0x0924, 0x0924, 0x0924, 
    0x0924, 0x0924, 0x0924, 0x0924, 0x0924, 0x0924, 0x0924, 0x0924, 0x0924, 0x0924, 0x0924, 0x0924, 
    0x0924, 0x0924, 0x0924, 0x0924, 0x0924, 0x0924, 0x0924, 0x0924, 0x0924, 0x0924, 0x0924, 0x0924, 
    0x0924, 0x0924, 0x0924, 0x0924, 0x0924, 0x0924, 0x0924, 0x0924, 0x0924, 0x0924, 0x0924, 0x0924, 
    0x0924, 0x0924, 0x0924, 0x0924, 0x0924, 0x0924, 0x0924, 0x0924, 0x0924, 0x0924, 0x0924, 0x0924, 
    0x0924, 0x0924, 0x0924, 0x0924, 0x0924, 0x0924, 0x0924, 0x0924, 0x0924, 0x0924, 0x0924, 0x0924, 
    0x0924, 0x0924, 0x0924, 0x0924, 0x0924, 0x0924, 0x0924, 0x0924, 0x0924, 0x0924, 0x0924, 0x0924, 
    0x0924, 0x0924, 0x0924, 0x0924, 0x0924, 0x0924, 0x0924, 0x0924, 0x0924, 0x0924, 0x0924, 0x0924, 
    0x0924, 0x0924, 0x0924, 0x0924, 0x0924, 0x0924, 0x0924, 0x0924, 0x0924, 0x0924, 0x0924, 0x0924, 
    0x0924, 0x0924, 0x0924, 0x0924, 0x0924, 0x0924, 0x0924, 0x0924, 0x0924, 0x0924, 0x0924, 0x0924, 
    0x0924, 0x0924, 0x0924, 0x0924, 0x0924, 0x0924, 0x0924, 0x0924, 0x0924, 0x0924, 0x0924, 0x0924, 
    0x0924, 0x0924, 0x0924, 0x0924, 0x0924, 0x0924, 0x0924, 0x0924, 0x0924, 0x0924, 0x0924, 0x0924, 
    0x0924, 0x0924, 0x0924, 0x0924, 0x0924, 0x0924, 0x0924, 0x0924, 0x0924, 0x0924, 0x0924, 0x0924, 
    0x0924, 0x0924, 0x0924, 0x0924, 0x0924, 0x0924, 0x0924, 0x0924, 0x0924, 0x0924, 0x0924, 0x0924, 
    0x0924, 0x0924, 0x0924, 0x0924, 0x0924, 0x0924, 0x0924, 0x0924, 0x0924, 0x0924, 0x0924, 0x0924, 
    0x0924, 0x0924, 0x0924, 0x0924, 0x0924, 0x0924, 0x0924, 0x0924, 0x0924, 0x0924, 0x0924, 0x0924, 
    0x0924, 0x0924, 0x0924, 0x0924, 0x0924, 0x0924, 0x0924, 0x0924, 0x0924, 0x0924, 0x0924, 0x0924, 
    0x0924, 0x0924, 0x0924, 0x0924, 0x0924, 0x0924, 0x0924, 0x0924, 0x0924, 0x0924, 0x0924, 0x0924, 
    0x0924, 0x0924, 0x0924, 0x0924, 0x0924, 0x0924, 0x0924, 0x0924, 0x0924, 0x0924, 0x0924, 0x0924, 
    0x0924, 0x0924, 0x0924, 0x0924, 0x0924, 0x0924, 0x0924, 0x0924, 0x0924, 0x0924, 0x0924, 0x0924, 
    0x0924, 0x0924, 0x0924, 0x0924, 0x0924, 0x0924, 0x0924, 0x0924, 0x0924, 0x0924, 0x0924, 0x0924, 
    0x0924, 0x0924, 0x0924, 0x0924, 0x0924, 0x0924, 0x0924, 0x0924, 0x0924, 0x0924, 0x0924, 0x0924, 
    0x0924, 0x0924, 0x0924, 0x0924, 0x0924, 0x0924, 0x0924, 0x0924, 0x0924, 0x0924, 0x0924, 0x0924, 
    0x0924, 0x0924, 0x0924, 0x0924, 0x0924, 0x0924, 0x0924, 0x0924, 0x0924, 0x0924, 0x0924, 0x0924, 
    0x0924, 0x0924, 0x0924, 0x0924, 0x0924, 0x0924, 0x0924, 0x0924, 0x0924, 0x0924, 0x0924, 0x0924, 
    0x0924, 0x0924, 0x0924, 0x0924, 0x0924, 0x0924, 0x0924, 0x0924, 0x0924, 0x0924, 0x0924, 0x0924, 
    0x0924, 0x0924, 0x0924, 0x0924, 0x0924, 0x0924, 0x0924, 0x0924, 0x0924, 0x0924, 0x0924, 0x0924, 
    0x0924, 0x0924, 0x0924, 0x0924, 0x0924, 0x0924, 0x0924, 0x0924, 0x0924, 0x0924, 0x0924, 0x0924, 
    0x0924, 0x0924, 0x0924, 0x0924, 0x0924, 0x0924, 0x0924, 0x0924, 0x0924, 0x0924, 0x0924, 0x0924, 
    0x0924, 0x0924, 0x0924, 0x0924, 0x0924, 0x0924, 0x0924, 0x0924, 0x0924, 0x0924, 0x0924, 0x0924, 
    0x0924, 0x0924, 0x0924, 0x0924, 0x0924, 0x0924, 0x0924, 0x0924, 0x0924, 0x0924, 0x0924, 0x0924, 
    0x0924, 0x0924, 0x0924, 0x0924, 0x0924, 0x0924, 0x0924, 0x0924, 0x0924, 0x0924, 0x0924, 0x0924, 
    0x0924, 0x0924, 0x0924, 0x0924, 0x0924, 0x0924, 0x0924, 0x0924, 0x0924, 0x0924, 0x0924, 0x0924, 
    0x0924, 0x0924, 0x0924, 0x0924, 0x0924, 0x0924, 0x0924, 0x0924, 0x0924, 0x0924, 0x0924, 0x0924, 
    0x0924, 0x0924, 0x0924, 0x0924, 0x0924, 0x0924, 0x0924, 0x0924, 0x0924, 0x0924, 0x0924, 0x0924, 
    0x0924, 0x0924, 0x0924, 0x0924, 0x0924, 0x0924, 0x0924, 0x0924, 0x0924, 0x0924, 0x0924, 0x0924, 
    0x0924, 0x0924, 0x0924, 0x0924, 0x0924, 0x0924, 0x0924, 0x0924, 0x0924, 0x0924, 0x0924, 0x0924, 
    0x0924, 0x0924, 0x0924, 0x0924, 0x0924, 0x0924, 0x0924, 0x0924, 0x0924, 0x0924, 0x0924, 0x0924, 
    0x0924, 0x0924, 0x0924, 0x0924, 0x0924, 0x0924, 0x0924, 0x0924, 0x0924, 0x0924, 0x0924, 0x0924, 
    0x0924, 0x0924, 0x0924, 0x0924, 0x0924, 0x0924, 0x0924, 0x0924, 0x0924, 0x0924, 0x0924, 0x0924, 
    0x0924, 0x0924, 0x0924, 0x0924, 0x0924, 0x0924, 0x0924, 0x0924, 0x0924, 0x0924, 0x0924, 0x0924, 
    0x0924, 0x0924, 0x0924, 0x0924, 0x0924, 0x0924, 0x0924, 0x0924, 0x0924, 0x0924, 0x0924, 0x0924, 
    0x0924, 0x0924, 0x0924, 0x0924, 0x0924, 0x0924, 0x0924, 0x0924, 0x0924, 0x0924, 0x0924, 0x0924, 
    0x0924, 0x0924, 0x0924, 0x0924, 0x0924, 0x0924, 0x0924, 0x0924, 0x0924, 0x0924, 0x0924, 0x0924, 
    0x0924, 0x0924, 0x0924, 0x0924, 0x0924, 0x0924, 0x0924, 0x0924, 0x0924, 0x0924, 0x0924, 0x0924, 
    0x0924, 0x0924, 0x0924, 0x0924, 0x0924, 0x0924, 0x0924, 0x0924, 0x0924, 0x0924, 0x0924, 0x0924, 
    0x0924, 0x0924, 0x0924, 0x0924, 0x0924, 0x0924, 0x0924, 0x0924, 0x0924, 0x0924, 0x0924, 0x0924, 
    0x0924, 0x0924, 0x0924, 0x0924, 0x0924, 0x0924, 0x0924, 0x0924, 0x0924, 0x0924, 0x0924, 0x0924, 
    0x0924, 0x0924, 0x0924, 0x0924, 0x0924, 0x0924, 0x0924, 0x0924, 0x0924, 0x0924, 0x0924, 0x0924, 
    0x0924, 0x0924, 0x0924, 0x0924, 0x0924, 0x0924, 0x0924, 0x0924, 0x0924, 0x0924, 0x0924, 0x0924, 
    0x0924, 0x0924, 0x0924, 0x0924, 0x0924, 0x0924, 0x0924, 0x0924, 0x0924, 0x0924, 0x0924, 0x0924, 
    0x0924, 0x0924, 0x0924, 0x0924, 0x0924, 0x0924, 0x0924, 0x0924, 0x0924, 0x0924, 0x0924, 0x0924, 
    0x0924, 0x0924, 0x0924, 0x0924, 0x0924, 0x0924, 0x0924, 0x0924, 0x0924, 0x0924, 0x0924, 0x0924, 
    0x0924, 0x0924, 0x0924, 0x0924, 0x0924, 0x0924, 0x0924, 0x0924, 0x0924, 0x0924, 0x0924, 0x0924, 
    0x0924, 0x0924, 0x0924, 0x0924, 0x0924, 0x0924, 0x0924, 0x0924, 0x0924, 0x0924, 0x0924, 0x0924, 
    0x0924, 0x0924, 0x0924, 0x0924, 0x0924, 0x0924, 0x0924, 0x0924, 0x0924, 0x0924, 0x0924, 0x0924, 
    0x0924, 0x0924, 0x0924, 0x0924, 0x0924, 0x0924, 0x0924, 0x0924, 0x0924, 0x0924, 0x0924, 0x0924, 
    0x0924, 0x0924, 0x0924, 0x0924, 0x0924, 0x0924, 0x0924, 0x0924, 0x0924, 0x0924, 0x0924, 0x0924, 
    0x0924, 0x0924, 0x0924, 0x0924, 0x0924, 0x0924, 0x0924, 0x0924, 0x0924, 0x0924, 0x0924, 0x0924, 
    0x0924, 0x0924, 0x0924, 0x0924, 0x0924, 0x0924, 0x0924, 0x0924, 0x0924, 0x0924, 0x0924, 0x0924, 
    0x0924, 0x0924, 0x0924, 0x0924, 0x0924, 0x0924, 0x0924, 0x0924, 0x0924, 0x0924, 0x0924, 0x0924, 
    0x0924, 0x0924, 0x0924, 0x0924, 0x0924, 0x0924, 0x0924, 0x0924, 0x0924, 0x0924, 0x0924, 0x0924, 
    0x0924, 0x0924, 0x0924, 0x0924, 0x0924, 0x0924, 0x0924, 0x0924, 0x0924, 0x0924, 0x0924, 0x0924, 
    0x0924, 0x0924, 0x0924, 0x0924, 0x0924, 0x0924, 0x0924, 0x0924, 0x0924, 0x0924, 0x0924, 0x0924, 
    0x0924, 0x0924, 0x0924, 0x0924, 0x0924, 0x0924, 0x0924, 0x0924, 0x0924, 0x0924, 0x0924, 0x0924, 
    0x0924, 0x0924, 0x0924, 0x0924, 0x0924, 0x0924, 0x0924, 0x0924, 0x0924, 0x0924, 0x0924, 0x0924, 
    0x0924, 0x0924, 0x0924, 0x0924, 0x0924, 0x0924, 0x0924, 0x0924, 0x0924, 0x0924, 0x0924, 0x0924, 
    0x0924, 0x0924, 0x0924, 0x0924, 0x0924, 0x0924, 0x0924, 0x0924, 0x0924, 0x0924, 0x0924, 0x0924, 
    0x0924, 0x0924, 0x0924, 0x0924, 0x0924, 0x0924, 0x0924, 0x0924, 0x0924, 0x0924, 0x0924, 0x0924, 
    0x0924, 0x0924, 0x0924, 0x0924, 0x0924, 0x0924, 0x0924, 0x0924, 0x0924, 0x0924, 0x0924, 0x0924, 
    0x0924, 0x0924, 0x0924, 0x0924, 0x0924, 0x0924, 0x0924, 0x0924, 0x0924, 0x0924, 0x0924, 0x0924, 
    0x0924, 0x0924, 0x0924, 0x0924, 0x0924, 0x0924, 0x0924, 0x0924, 0x0924, 0x0924, 0x0924, 0x0924, 
    0x0924, 0x0924, 0x0924, 0x0924, 0x0924, 0x0924, 0x0924, 0x0924, 0x0924, 0x0924, 0x0924, 0x0924, 
    0x0924, 0x0924, 0x0924, 0x0924, 0x0924, 0x0924, 0x0924, 0x0924, 0x0924, 0x0924, 0x0924, 0x0924, 
    0x0924, 0x0924, 0x0924, 0x0924, 0x0924, 0x0924, 0x0924, 0x0924, 0x0924, 0x0924, 0x0924, 0x0924, 
    0x0924, 0x0924, 0x0924, 0x0924, 0x0924, 0x0924, 0x0924, 0x0924, 0x0924, 0x0924, 0x0924, 0x0924, 
    0x0924, 0x0924, 0x0924, 0x0924, 0x0924, 0x0924, 0x0924, 0x0924, 0x0924, 0x0924, 0x0924, 0x0924, 
    0x0924, 0x0924, 0x0924, 0x0924, 0x0924, 0x0924, 0x0924, 0x0924, 0x0924, 0x0924, 0x0924, 0x0924, 
    0x0924, 0x0924, 0x0924, 0x0924, 0x0924, 0x0924, 0x0924, 0x0924, 0x0924, 0x0924, 0x0924, 0x0924, 
    0x0924, 0x0924, 0x0924, 0x0924, 0x0924, 0x0924, 0x0924, 0x0924, 0x0924, 0x0924, 0x0924, 0x0924, 
    0x0924, 0x0924, 0x0924, 0x0924, 0x0924, 0x0924, 0x0924, 0x0924, 0x0924, 0x0924, 0x0924, 0x0924, 
    0x0924, 0x0924, 0x0924, 0x0924, 0x0924, 0x0924, 0x0924, 0x0924, 0x0924, 0x0924, 0x0924, 0x0924, 
    0x0924, 0x0924, 0x0924, 0x0924, 0x0924, 0x0924, 0x0924, 0x0924, 0x0924, 0x0924, 0x0924, 0x0924, 
    0x0924, 0x0924, 0x0924, 0x0924, 0x0924, 0x0924, 0x0924, 0x0924, 0x0924, 0x0924, 0x0924, 0x0924, 
    0x0924, 0x0924, 0x0924, 0x0924, 0x0924, 0x0924, 0x0924, 0x0924, 0x0924, 0x0924, 0x0924, 0x0924, 
    0x0924, 0x0924, 0x0924, 0x0924, 0x0924, 0x0924, 0x0924, 0x0924, 0x0924, 0x0924, 0x0924, 0x0924, 
    0x0924, 0x0924, 0x0924, 0x0924, 0x0924, 0x0924, 0x0924, 0x0924, 0x0924, 0x0924, 0x0924, 0x0924, 
    0x0924, 0x0924, 0x0924, 0x0924, 0x0924, 0x0924, 0x0924, 0x0924, 0x0924, 0x0924, 0x0924, 0x0924, 
    0x0924, 0x0924, 0x0924, 0x0924, 0x0924, 0x0924, 0x0924, 0x0924, 0x0924, 0x0924, 0x0924, 0x0924, 
    0x0924, 0x0924, 0x0924, 0x0924, 0x0924, 0x0924, 0x0924, 0x0924, 0x0924, 0x0924, 0x0924, 0x0924, 
    0x0924, 0x0924, 0x0924, 0x0924, 0x0924, 0x0924, 0x0924, 0x0924, 0x0924, 0x0924, 0x0924, 0x0924, 
    0x0924, 0x0924, 0x0924, 0x0924, 0x0924, 0x0924, 0x0924, 0x0924, 0x0924, 0x0924, 0x0924, 0x0924, 
    0x0924, 0x0924, 0x0924, 0x0924, 0x0924, 0x0924, 0x0924, 0x0924, 0x0924, 0x0924, 0x0924, 0x0924, 
    0x0924, 0x0924, 0x0924, 0x0924, 0x0924, 0x0924, 0x0924, 0x0924, 0x0924, 0x0924, 0x0924, 0x0924, 
    0x0924, 0x0924, 0x0924, 0x0924, 0x0924, 0x0924, 0x0924, 0x0924, 0x0924, 0x0924, 0x0924, 0x0924, 
    0x0924, 0x0924, 0x0924, 0x0924, 0x0924, 0x0924, 0x0924, 0x0924, 0x0924, 0x0924, 0x0924, 0x0924, 
    0x0924, 0x0924, 0x0924, 0x0924, 0x0924, 0x0924, 0x0924, 0x0924, 0x0924, 0x0924, 0x0924, 0x0924, 
    0x0924, 0x0924, 0x0924, 0x0924, 0x0924, 0x0924, 0x0924, 0x0924, 0x0924, 0x0924, 0x0924, 0x0924, 
    0x0924, 0x0924, 0x0924, 0x0924, 0x0924, 0x0924, 0x0924, 0x0924, 0x0924, 0x0924, 0x0924, 0x0924, 
    0x0924, 0x0924, 0x0924, 0x0924, 0x0924, 0x0924, 0x0924, 0x0924, 0x0924, 0x0924, 0x0924, 0x0924, 
    0x0924, 0x0924, 0x0924, 0x0924, 0x0924, 0x0924, 0x0924, 0x0924, 0x0924, 0x0924, 0x0924, 0x0924, 
    0x0924, 0x0924, 0x0924, 0x0924, 0x0924, 0x0924, 0x0924, 0x0924, 0x0924, 0x0924, 0x0924, 0x0924, 
    0x0924, 0x0924, 0x0924, 0x0924, 0x0924, 0x0924, 0x0924, 0x0924, 0x0924, 0x0924, 0x0924, 0x0924, 
    0x0924, 0x0924, 0x0924, 0x0924, 0x0924, 0x0924, 0x0924, 0x0924, 0x0924, 0x0924, 0x0924, 0x0924, 
    0x0924, 0x0924, 0x0924, 0x0924, 0x0924, 0x0924, 0x0924, 0x0924, 0x0924, 0x0924, 0x0924, 0x0924, 
    0x0924, 0x0924, 0x0924, 0x0924, 0x0924, 0x0924, 0x0924, 0x0924, 0x0924, 0x0924, 0x0924, 0x0924, 
    0x0924, 0x0924, 0x0924, 0x0924, 0x0924, 0x0924, 0x0924, 0x0924, 0x0924, 0x0924, 0x0924, 0x0924, 
    0x0924, 0x0924, 0x0924, 0x0924, 0x0924, 0x0924, 0x0924, 0x0924, 0x0924, 0x0924, 0x0924, 0x0924, 
    0x0924, 0x0924, 0x0924, 0x0924, 0x0924, 0x0924, 0x0924, 0x0924, 0x0924, 0x0924, 0x0924, 0x0924, 
    0x0924, 0x0924, 0x0924, 0x0924, 0x0924, 0x0924, 0x0924, 0x0924, 0x0924, 0x0924, 0x0924, 0x0924, 
    0x0924, 0x0924, 0x0924, 0x0924, 0x0924, 0x0924, 0x0924, 0x0924, 0x0924, 0x0924, 0x0924, 0x0924, 
    0x0924, 0x0924, 0x0924, 0x0924, 0x0924, 0x0924, 0x0924, 0x0924, 0x0924, 0x0924, 0x0924, 0x0924, 
    0x0924, 0x0924, 0x0924, 0x0924, 0x0924, 0x0924, 0x0924, 0x0924, 0x0924, 0x0924, 0x0924, 0x0924, 
    0x0924, 0x0924, 0x0924, 0x0924, 0x0924, 0x0924, 0x0924, 0x0924, 0x0924, 0x0924, 0x0924, 0x0924, 
    0x0924, 0x0924, 0x0924, 0x0924, 0x0924, 0x0924, 0x0924, 0x0924, 0x0924, 0x0924, 0x0924, 0x0924, 
    0x0924, 0x0924, 0x0924, 0x0924, 0x0924, 0x0924, 0x0924, 0x0924, 0x0924, 0x0924, 0x0924, 0x0924, 
    0x0924, 0x0924, 0x0924, 0x0924, 0x0924, 0x0924, 0x0924, 0x0924, 0x0924, 0x0924, 0x0924, 0x0924, 
    0x0924, 0x0924, 0x0924, 0x0924, 0x0924, 0x0924, 0x0924, 0x0924, 0x0924, 0x0924, 0x0924, 0x0924, 
    0x0924, 0x0924, 0x0924, 0x0924, 0x0924, 0x0924, 0x0924, 0x0924, 0x0924, 0x0924, 0x0924, 0x0924, 
    0x0924, 0x0924, 0x0924, 0x0924, 0x0924, 0x0924, 0x0924, 0x0924, 0x0924, 0x0924, 0x0924, 0x0924, 
    0x0924, 0x0924, 0x0924, 0x0924, 0x0924, 0x0924, 0x0924, 0x0924, 0x0924, 0x0924, 0x0924, 0x0924, 
    0x0924, 0x0924, 0x0924, 0x0924, 0x0924, 0x0924, 0x0924, 0x0924, 0x0924, 0x0924, 0x0924, 0x0924, 
    0x0924, 0x0924, 0x0924, 0x0924, 0x0924, 0x0924, 0x0924, 0x0924, 0x0924, 0x0924, 0x0924, 0x0924, 
    0x0924, 0x0924, 0x0924, 0x0924, 0x0924, 0x0924, 0x0924, 0x0924, 0x0924, 0x0924, 0x0924, 0x0924, 
    0x0924, 0x0924, 0x0924, 0x0924, 0x0924, 0x0924, 0x0924, 0x0924, 0x0924, 0x0924, 0x0924, 0x0924, 
    0x0924, 0x0924, 0x0924, 0x0924, 0x0924, 0x0924, 0x0924, 0x0924, 0x0924, 0x0924, 0x0924, 0x0924, 
    0x0924, 0x0924, 0x0924, 0x0924, 0x0924, 0x0924, 0x0924, 0x0924, 0x0924, 0x0924, 0x0924, 0x0924, 
    0x0924, 0x0924, 0x0924, 0x0924, 0x0924, 0x0924, 0x0924, 0x0924, 0x0924, 0x0924, 0x0924, 0x0924, 
    0x0924, 0x0924, 0x0924, 0x0924, 0x0924, 0x0924, 0x0924, 0x0924, 0x0924, 0x0924, 0x0924, 0x0924, 
    0x0924, 0x0924, 0x0924, 0x0924, 0x0924, 0x0924, 0x0924, 0x0924, 0x0924, 0x0924, 0x0924, 0x0924, 
    0x0924, 0x0924, 0x0924, 0x0924, 0x0924, 0x0924, 0x0924, 0x0924, 0x0924, 0x0924, 0x0924, 0x0924, 
    0x0924, 0x0924, 0x0924, 0x0924, 0x0924, 0x0924, 0x0924, 0x0924, 0x0924, 0x0924, 0x0924, 0x0924, 
    0x0924, 0x0924, 0x0924, 0x0924, 0x0924, 0x0924, 0x0924, 0x0924, 0x0924, 0x0924, 0x0924, 0x0924, 
    0x0924, 0x0924, 0x0924, 0x0924, 0x0924, 0x0924, 0x0924, 0x0924, 0x0924, 0x0924, 0x0924, 0x0924, 
    0x0924, 0x0924, 0x0924, 0x0924, 0x0924, 0x0924, 0x0924, 0x0924, 0x0924, 0x0924, 0x0924, 0x0924, 
    0x0924, 0x0924, 0x0924, 0x0924, 0x0924, 0x0924, 0x0924, 0x0924, 0x0924, 0x0924, 0x0924, 0x0924, 
    0x0924, 0x0924, 0x0924, 0x0924, 0x0924, 0x0924, 0x0924, 0x0924, 0x0924, 0x0924, 0x0924, 0x0924, 
    0x0924, 0x0924, 0x0924, 0x0924, 0x0924, 0x0924, 0x0924, 0x0924, 0x0924, 0x0924, 0x0924, 0x0924, 
    0x0924, 0x0924, 0x0924, 0x0924, 0x0924, 0x0924, 0x0924, 0x0924, 0x0924, 0x0924, 0x0924, 0x0924, 
    0x0924, 0x0924, 0x0924, 0x0924, 0x0924, 0x0924, 0x0924, 0x0924, 0x0924, 0x0924, 0x0924, 0x0924, 
    0x0924, 0x0924, 0x0924, 0x0924, 0x0924, 0x0924, 0x0924, 0x0924, 0x0924, 0x0924, 0x0924, 0x0924, 
    0x0924, 0x0924, 0x0924, 0x0924, 0x0924, 0x0924, 0x0924, 0x0924, 0x0924, 0x0924, 0x0924, 0x0924, 
    0x0924, 0x0924, 0x0924, 0x0924, 0x0924, 0x0924, 0x0924, 0x0924, 0x0924, 0x0924, 0x0924, 0x0924, 
    0x0924, 0x0924, 0x0924, 0x0924, 0x0924, 0x0924, 0x0924, 0x0924, 0x0924, 0x0924, 0x0924, 0x0924, 
    0x0924, 0x0924, 0x0924, 0x0924, 0x0924, 0x0924, 0x0924, 0x0924, 0x0924, 0x0924, 0x0924, 0x0924, 
    0x0924, 0x0924, 0x0924, 0x0924, 0x0924, 0x0924, 0x0924, 0x0924, 0x0924, 0x0924, 0x0924, 0x0924, 
    0x0924, 0x0924, 0x0924, 0x0924, 0x0924, 0x0924, 0x0924, 0x0924, 0x0924, 0x0924, 0x0924, 0x0924, 
    0x0924, 0x0924, 0x0924, 0x0924, 0x0924, 0x0924, 0x0924, 0x0924, 0x0924, 0x0924, 0x0924, 0x0924, 
    0x0924, 0x0924, 0x0924, 0x0924, 0x0924, 0x0924, 0x0924, 0x0924, 0x0924, 0x0924, 0x0924, 0x0924, 
    0x0924, 0x0924, 0x0924, 0x0924, 0x0924, 0x0924, 0x0924, 0x0924, 0x0924, 0x0924, 0x0924, 0x0924, 
    0x0924, 0x0924, 0x0924, 0x0924, 0x0924, 0x0924, 0x0924, 0x0924, 0x0924, 0x0924, 0x0924, 0x0924, 
    0x0924, 0x0924, 0x0924, 0x0924, 0x0924, 0x0924, 0x0924, 0x0924, 0x0924, 0x0924, 0x0924, 0x0924, 
    0x0924, 0x0924, 0x0924, 0x0924, 0x0924, 0x0924, 0x0924, 0x0924, 0x0924, 0x0924, 0x0924, 0x0924, 
    0x0924, 0x0924, 0x0924, 0x0924, 0x0924, 0x0924, 0x0924, 0x0924, 0x0924, 0x0924, 0x0924, 0x0924, 
    0x0924, 0x0924, 0x0924, 0x0924, 0x0924, 0x0924, 0x0924, 0x0924, 0x0924, 0x0924, 0x0924, 0x0924, 
    0x0924, 0x0924, 0x0924, 0x0924, 0x0924, 0x0924, 0x0924, 0x0924, 0x0924, 0x0924, 0x0924, 0x0924, 
    0x0924, 0x0924, 0x0924, 0x0924, 0x0924, 0x0924, 0x0924, 0x0924, 0x0924, 0x0924, 0x0924, 0x0924, 
    0x0924, 0x0924, 0x0924, 0x0924, 0x0924, 0x0924, 0x0924, 0x0924, 0x0924, 0x0924, 0x0924, 0x0924, 
    0x0924, 0x0924, 0x0924, 0x0924, 0x0924, 0x0924, 0x0924, 0x0924, 0x0924, 0x0924, 0x0924, 0x0924, 
    0x0924, 0x0924, 0x0924, 0x0924, 0x0924, 0x0924, 0x0924, 0x0924, 0x0924, 0x0924, 0x0924, 0x0924, 
    0x0924, 0x0924, 0x0924, 0x0924, 0x0924, 0x0924, 0x0924, 0x0924, 0x0924, 0x0924, 0x0924, 0x0924, 
    0x0924, 0x0924, 0x0924, 0x0924, 0x0924, 0x0924, 0x0924, 0x0924, 0x0924, 0x0924, 0x0924, 0x0924, 
    0x0924, 0x0924, 0x0924, 0x0924, 0x0924, 0x0924, 0x0924, 0x0924, 0x0924, 0x0924, 0x0924, 0x0924, 
    0x0924, 0x0924, 0x0924, 0x0924, 0x0924, 0x0924, 0x0924, 0x0924, 0x0924, 0x0924, 0x0924, 0x0924, 
    0x0924, 0x0924, 0x0924, 0x0924, 0x0924, 0x0924, 0x0924, 0x0924, 0x0924, 0x0924, 0x0924, 0x0924, 
    0x0924, 0x0924, 0x0924, 0x0924, 0x0924, 0x0924, 0x0924, 0x0924, 0x0924, 0x0924, 0x0924, 0x0924, 
    0x0924, 0x0924, 0x0924, 0x0924, 0x0924, 0x0924, 0x0924, 0x0924, 0x0924, 0x0924, 0x0924, 0x0924, 
    0x0924, 0x0924, 0x0924, 0x0924, 0x0924, 0x0924, 0x0924, 0x0924, 0x0924, 0x0924, 0x0924, 0x0924, 
    0x0924, 0x0924, 0x0924, 0x0924, 0x0924, 0x0924, 0x0924, 0x0924, 0x0924, 0x0924, 0x0924, 0x0924, 
    0x0924, 0x0924, 0x0924, 0x0924, 0x0924, 0x0924, 0x0924, 0x0924, 0x0924, 0x0924, 0x0924, 0x0924, 
    0x0924, 0x0924, 0x0924, 0x0924, 0x0924, 0x0924, 0x0924, 0x0924, 0x0924, 0x0924, 0x0924, 0x0924, 
    0x0924, 0x0924, 0x0924, 0x0924, 0x0924, 0x0924, 0x0924, 0x0924, 0x0924, 0x0924, 0x0924, 0x0924, 
    0x0924, 0x0924, 0x0924, 0x0924, 0x0924, 0x0924, 0x0924, 0x0924, 0x0924, 0x0924, 0x0924, 0x0924, 
    0x0924, 0x0924, 0x0924, 0x0924, 0x0924, 0x0924, 0x0924, 0x0924, 0x0924, 0x0924, 0x0924, 0x0924, 
    0x0924, 0x0924, 0x0924, 0x0924, 0x0924, 0x0924, 0x0924, 0x0924, 0x0924, 0x0924, 0x0924, 0x0924, 
    0x0924, 0x0924, 0x0924, 0x0924, 0x0924, 0x0924, 0x0924, 0x0924, 0x0924, 0x0924, 0x0924, 0x0924, 
    0x0924, 0x0924, 0x0924, 0x0924, 0x0924, 0x0924, 0x0924, 0x0924, 0x0924, 0x0924, 0x0924, 0x0924, 
    0x0924, 0x0924, 0x0924, 0x0924, 0x0924, 0x0924, 0x0924, 0x0924, 0x0924, 0x0924, 0x0924, 0x0924, 
    0x0924, 0x0924, 0x0924, 0x0924, 0x0924, 0x0924, 0x0924, 0x0924, 0x0924, 0x0924, 0x0924, 0x0924, 
    0x0924, 0x0924, 0x0924, 0x0924, 0x0924, 0x0924, 0x0924, 0x0924, 0x0924, 0x0924, 0x0924, 0x0924, 
    0x0924, 0x0924, 0x0924, 0x0924, 0x0924, 0x0924, 0x0924, 0x0924, 0x0924, 0x0924, 0x0924, 0x0924, 
    0x0924, 0x0924, 0x0924, 0x0924, 0x0924, 0x0924, 0x0924, 0x0924, 0x0924, 0x0924, 0x0924, 0x0924, 
    0x0924, 0x0924, 0x0924, 0x0924, 0x0924, 0x0924, 0x0924, 0x0924, 0x0924, 0x0924, 0x0924, 0x0924, 
    0x0924, 0x0924, 0x0924, 0x0924, 0x0924, 0x0924, 0x0924, 0x0924, 0x0924, 0x0924, 0x0924, 0x0924, 
    0x0924, 0x0924, 0x0924, 0x0924, 0x0924, 0x0924, 0x0924, 0x0924, 0x0924, 0x0924, 0x0924, 0x0924, 
    0x0924, 0x0924, 0x0924, 0x0924, 0x0924, 0x0924, 0x0924, 0x0924, 0x0924, 0x0924, 0x0924, 0x0924, 
    0x0924, 0x0924, 0x0924, 0x0924, 0x0924, 0x0924, 0x0924, 0x0924, 0x0924, 0x0924, 0x0924, 0x0924, 
    0x0924, 0x0924, 0x0924, 0x0924, 0x0924, 0x0924, 0x0924, 0x0924, 0x0924, 0x0924, 0x0924, 0x0924, 
    0x0924, 0x0924, 0x0924, 0x0924, 0x0924, 0x0924, 0x0924, 0x0924, 0x0924, 0x0924, 0x0924, 0x0924, 
    0x0924, 0x0924, 0x0924, 0x0924, 0x0924, 0x0924, 0x0924, 0x0924, 0x0924, 0x0924, 0x0924, 0x0924, 
    0x0924, 0x0924, 0x0924, 0x0924, 0x0924, 0x0924, 0x0924, 0x0924, 0x0924, 0x0924, 0x0924, 0x0924, 
    0x0924, 0x0924, 0x0924, 0x0924, 0x0924, 0x0924, 0x0924, 0x0924, 0x0924, 0x0924, 0x0924, 0x0924, 
    0x0924, 0x0924, 0x0924, 0x0924, 0x0924, 0x0924, 0x0924, 0x0924, 0x0924, 0x0924, 0x0924, 0x0924, 
    0x0924, 0x0924, 0x0924, 0x0924, 0x0924, 0x0924, 0x0924, 0x0924, 0x0924, 0x0924, 0x0924, 0x0924, 
    0x0924, 0x0924, 0x0924, 0x0924, 0x0924, 0x0924, 0x0924, 0x0924, 0x0924, 0x0924, 0x0924, 0x0924, 
    0x0924, 0x0924, 0x0924, 0x0924, 0x0904, 0x6882, 0x0924, 0x0924, 0x0924, 0x0924, 0x0924, 0x0924, 
    0x0924, 0x0924, 0x0924, 0x0924, 0x0924, 0x0924, 0x0924, 0x0924, 0x0924, 0x0924, 0x0924, 0x0924, 
    0x0924, 0x0924, 0x0924, 0x0924, 0x0924, 0x0924, 0x0924, 0x0924, 0x0924, 0x0924, 0x0924, 0x0924, 
    0x0924, 0x0924, 0x0924, 0x0924, 0x0924, 0x0924, 0x0924, 0x0924, 0x0924, 0x0924, 0x0924, 0x0924, 
    0x0924, 0x0924, 0x0924, 0x0924, 0x0924, 0x0924, 0x0924, 0x0924, 0x0924, 0x0924, 0x0924, 0x0924, 
    0x0924, 0x0924, 0x0924, 0x0924, 0x0924, 0x0924, 0x0924, 0x0924, 0x0924, 0x0924, 0x0924, 0x0924, 
    0x0924, 0x0924, 0x0924, 0x0924, 0x0924, 0x0924, 0x0924, 0x0924, 0x0924, 0x0924, 0x0924, 0x0924, 
    0x0924, 0x0924, 0x0924, 0x0924, 0x0924, 0x0924, 0x0924, 0x0924, 0x0924, 0x0924, 0x0924, 0x0924, 
    0x0924, 0x0924, 0x0924, 0x0924, 0x0924, 0x0924, 0x0924, 0x0924, 0x0924, 0x0924, 0x0924, 0x0924, 
    0x0924, 0x0924, 0x0924, 0x0924, 0x0924, 0x0924, 0x0924, 0x0924, 0x0924, 0x0924, 0x0924, 0x0924, 
    0x0924, 0x0924, 0xC020, 0xF000, 0xF800, 0x6882, 0x0924, 0x0924, 0x0924, 0x0924, 0x0924, 0x0924, 
    0x0924, 0x0924, 0x0924, 0x0924, 0x0924, 0x5882, 0x18E3, 0x0924, 0x0924, 0x0924, 0x0924, 0x0924, 
    0x0924, 0x0924, 0x0924, 0x0924, 0x0924, 0x0924, 0x0924, 0x0924, 0x0924, 0x0924, 0x0924, 0x0924, 
    0x0924, 0x0924, 0x0924, 0x0924, 0x0924, 0x0924, 0x0924, 0x0924, 0x0924, 0x0924, 0x0924, 0x0924, 
    0x0924, 0x0924, 0x0924, 0x0924, 0x0924, 0x0924, 0x0924, 0x0924, 0x0924, 0x0924, 0x0924, 0x0924, 
    0x0924, 0x0924, 0x0924, 0x0924, 0x0924, 0x0924, 0x0924, 0x0924, 0x0924, 0x0924, 0x0924, 0x0924, 
    0x0924, 0x0924, 0x0924, 0x0924, 0x0924, 0x0924, 0x0924, 0x0924, 0x0924, 0x0924, 0x0924, 0x0924, 
    0x0924, 0x0924, 0x0924, 0x0924, 0x0924, 0x0924, 0x0924, 0x0924, 0x0924, 0x0924, 0x0924, 0x0924, 
    0x0924, 0x0924, 0x0924, 0x0924, 0x0924, 0x0924, 0x0924, 0x0924, 0x0924, 0x0924, 0x0924, 0x0924, 
    0x0924, 0x0924, 0x0924, 0x0924, 0x0924, 0x0924, 0x0924, 0x0924, 0x0924, 0x0924, 0x28C3, 0xF800, 
    0xF800, 0xF800, 0xF800, 0xF800, 0xF800, 0x7861, 0x0924, 0x0924, 0x0924, 0x0924, 0x0924, 0x0924, 
    0x0924, 0x0924, 0x0924, 0x0924, 0x0924, 0x40A2, 0xF800, 0xF800, 0xF800, 0xF800, 0xF800, 0xF800, 
    0x40A2, 0x0924, 0x0924, 0x0924, 0x0924, 0x0924, 0x0924, 0x0924, 0x0924, 0x0924, 0x0924, 0x0924, 
    0x0924, 0x0924, 0x0924, 0x0924, 0x0924, 0x0924, 0x0924, 0x0924, 0x0924, 0x0924, 0x0924, 0x0924, 
    0x0924, 0x0924, 0x0924, 0x0924, 0x0924, 0x0924, 0x0924, 0x0924, 0x0924, 0x0924, 0x0924, 0x0924, 
    0x0924, 0x0924, 0x0924, 0x0924, 0x0924, 0x0924, 0x0924, 0x0924, 0x0924, 0x0924, 0x0924, 0x0924, 
    0x0924, 0x0924, 0x0924, 0x0924, 0x0924, 0x0924, 0x0924, 0x0924, 0x0924, 0x0924, 0x0924, 0x0924, 
    0x0924, 0x0924, 0x0924, 0x0924, 0x0924, 0x0924, 0x0924, 0x0924, 0x0924, 0x0924, 0x0924, 0x0924, 
    0x0924, 0x0924, 0x0924, 0x0924, 0x0924, 0x0924, 0x0924, 0x0924, 0x0924, 0x0924, 0x0924, 0x0924, 
    0x0924, 0x0924, 0x0924, 0x0924, 0x0924, 0x0924, 0x0924, 0x0924, 0x0924, 0x0924, 0x28C3, 0xF800, 
    0xE000, 0xF800, 0xF800, 0xF800, 0xF000, 0xF800, 0x48A2, 0x0924, 0x0924, 0x0924, 0x0924, 0x0924, 
    0x0924, 0x0924, 0x0924, 0x0924, 0x0924, 0x38C3, 0xF800, 0xE800, 0xF800, 0xF800, 0xE800, 0xF800, 
    0x48A2, 0x0924, 0x0924, 0x0924, 0x0924, 0x0924, 0x0924, 0x0924, 0x0924, 0x0924, 0x0924, 0x0924, 
    0x0924, 0x0924, 0x0924, 0x0924, 0x0924, 0x0924, 0x0924, 0x0924, 0x0924, 0x0924, 0x0924, 0x0924, 
    0x0924, 0x0924, 0x0924, 0x0924, 0x0924, 0x0924, 0x0924, 0x0924, 0x0924, 0x0924, 0x0924, 0x0924, 
    0x0924, 0x0924, 0x0924, 0x0924, 0x0924, 0x0924, 0x0924, 0x0924, 0x0924, 0x0924, 0x0924, 0x0924, 
    0x0924, 0x0924, 0x0924, 0x0924, 0x0924, 0x0924, 0x0924, 0x0924, 0x0924, 0x0924, 0x0924, 0x0924, 
    0x0924, 0x0924, 0x0924, 0x0924, 0x0924, 0x0924, 0x0924, 0x0924, 0x0924, 0x0924, 0x0924, 0x0924, 
    0x0924, 0x0924, 0x0924, 0x0924, 0x0924, 0x0924, 0x0924, 0x0924, 0x0924, 0x0924, 0x0924, 0x0924, 
    0x0924, 0x0924, 0x0924, 0x0924, 0x0924, 0x0924, 0x0924, 0x0924, 0x0924, 0x0924, 0x0904, 0xA041, 
    0xF000, 0xF800, 0xF800, 0xF800, 0xF000, 0xF800, 0x38C3, 0x0924, 0x0924, 0x0924, 0x0924, 0x0924, 
    0x0924, 0x0924, 0x0924, 0x0924, 0x0924, 0x7061, 0xF800, 0xF000, 0xF800, 0xF800, 0xF000, 0xB820, 
    0x1104, 0x0924, 0x0924, 0x0924, 0x0924, 0x0924, 0x0924, 0x0924, 0x0924, 0x0924, 0x0924, 0x0924, 
    0x0924, 0x0924, 0x0924, 0x0924, 0x0924, 0x0924, 0x0924, 0x0924, 0x0924, 0x0924, 0x0924, 0x0924, 
    0x0924, 0x0924, 0x0924, 0x0924, 0x0924, 0x0924, 0x0924, 0x0924, 0x0924, 0x0924, 0x0924, 0x0924, 
    0x0924, 0x0924, 0x0924, 0x0924, 0x0924, 0x0924, 0x0924, 0x0924, 0x0924, 0x0924, 0x0924, 0x0924, 
    0x0924, 0x0924, 0x0924, 0x0924, 0x0924, 0x0924, 0x0924, 0x0924, 0x0924, 0x0924, 0x0924, 0x0924, 
    0x0924, 0x0924, 0x0924, 0x0924, 0x0924, 0x0924, 0x0924, 0x0924, 0x0924, 0x0924, 0x0924, 0x0924, 
    0x0924, 0x0924, 0x0924, 0x0924, 0x0924, 0x0924, 0x0924, 0x0924, 0x0924, 0x0924, 0x0924, 0x0924, 
    0x0924, 0x0924, 0x0924, 0x0924, 0x0924, 0x0924, 0x0924, 0x0924, 0x0924, 0x0924, 0x0924, 0x30C3, 
    0xF800, 0xE800, 0xF800, 0xF800, 0xF000, 0xF800, 0x40A2, 0x0924, 0x0924, 0x0924, 0x0924, 0x0924, 
    0x0924, 0x0924, 0x0924, 0x0924, 0x30C3, 0xF800, 0xE800, 0xF800, 0xF800, 0xF000, 0xF800, 0x5882, 
    0x0924, 0x0924, 0x0924, 0x0924, 0x0924, 0x0924, 0x0924, 0x0924, 0x0924, 0x0924, 0x0924, 0x0924, 
    0x0924, 0x0924, 0x0924, 0x0924, 0x0924, 0x0924, 0x0924, 0x0924, 0x0924, 0x0924, 0x0924, 0x0924, 
    0x0924, 0x0924, 0x0924, 0x0924, 0x0924, 0x0924, 0x0924, 0x0924, 0x0924, 0x0924, 0x0924, 0x0924, 
    0x0924, 0x0924, 0x0924, 0x0924, 0x0924, 0x0924, 0x0924, 0x0924, 0x0924, 0x0924, 0x0924, 0x0924, 
    0x0924, 0x0924, 0x0924, 0x0924, 0x0924, 0x0924, 0x0924, 0x0924, 0x0924, 0x0924, 0x0924, 0x0924, 
    0x0924, 0x0924, 0x0924, 0x0924, 0x0924, 0x0924, 0x0924, 0x0924, 0x0924, 0x0924, 0x0924, 0x0924, 
    0x0924, 0x0924, 0x0924, 0x0924, 0x0924, 0x0924, 0x0924, 0x0924, 0x0924, 0x0924, 0x0924, 0x0924, 
    0x0924, 0x0924, 0x0924, 0x0924, 0x0924, 0x0924, 0x0924, 0x0924, 0x0924, 0x0924, 0x0924, 0x40A2, 
    0xF800, 0xF000, 0xF800, 0xF800, 0xF000, 0xF800, 0x40A2, 0x0924, 0x0924, 0x0924, 0x0924, 0x0924, 
    0x0924, 0x0924, 0x0924, 0x0924, 0x20E3, 0xF000, 0xE800, 0xF800, 0xF800, 0xF000, 0xF800, 0x6882, 
    0x0924, 0x0924, 0x0924, 0x0924, 0x0924, 0x0924, 0x0924, 0x0924, 0x0924, 0x0924, 0x0924, 0x0924, 
    0x0924, 0x0924, 0x0924, 0x0924, 0x0924, 0x0924, 0x0924, 0x0924, 0x0924, 0x0924, 0x0924, 0x0924, 
    0x0924, 0x0924, 0x0924, 0x0924, 0x0924, 0x0924, 0x0924, 0x0924, 0x0924, 0x0924, 0x0924, 0x0924, 
    0x0924, 0x0924, 0x0924, 0x0924, 0x0924, 0x0924, 0x0924, 0x0924, 0x0924, 0x0924, 0x0924, 0x0924, 
    0x0924, 0x0924, 0x0924, 0x0924, 0x0924, 0x0924, 0x0924, 0x0924, 0x0924, 0x0924, 0x0924, 0x0924, 
    0x0924, 0x0924, 0x0924, 0x0924, 0x0924, 0x0924, 0x0924, 0x0924, 0x0924, 0x0924, 0x0924, 0x0924, 
    0x0924, 0x0924, 0x0924, 0x0924, 0x0924, 0x0924, 0x0924, 0x0924, 0x0924, 0x0924, 0x0924, 0x0924, 
    0x0924, 0x0924, 0x0924, 0x0924, 0x0924, 0x0924, 0x0924, 0x0924, 0x0924, 0x0924, 0x0924, 0x40A2, 
    0xF800, 0xF000, 0xF800, 0xF800, 0xF000, 0xF800, 0x38C3, 0x0924, 0x0924, 0x0924, 0x0924, 0x0924, 
    0x0924, 0x0924, 0x0924, 0x0924, 0x20E3, 0xF800, 0xE800, 0xF800, 0xF800, 0xF000, 0xF800, 0x6082, 
    0x0924, 0x0924, 0x0924, 0x0924, 0x0924, 0x0924, 0x0924, 0x0924, 0x0924, 0x0924, 0x0924, 0x0924, 
    0x0924, 0x0924, 0x0924, 0x0924, 0x0924, 0x0924, 0x0924, 0x0924, 0x0924, 0x0924, 0x0924, 0x0924, 
    0x0924, 0x0924, 0x0924, 0x0924, 0x0924, 0x0924, 0x0924, 0x0924, 0x0924, 0x0924, 0x0924, 0x0924, 
    0x0924, 0x0924, 0x0924, 0x0924, 0x0924, 0x0924, 0x0924, 0x0924, 0x0924, 0x0924, 0x0924, 0x0924, 
    0x0924, 0x0924, 0x0924, 0x0924, 0x0924, 0x0924, 0x0924, 0x0924, 0x0924, 0x0924, 0x0924, 0x0924, 
    0x0924, 0x0924, 0x0924, 0x0924, 0x0924, 0x0924, 0x0924, 0x0924, 0x0924, 0x0924, 0x0924, 0x0924, 
    0x0924, 0x0924, 0x0924, 0x0924, 0x0924, 0x0924, 0x0924, 0x0924, 0x0924, 0x0924, 0x0924, 0x0924, 
    0x0924, 0x0924, 0x0924, 0x0924, 0x0924, 0x0924, 0x0924, 0x0924, 0x0924, 0x0924, 0x0924, 0x40A2, 
    0xF800, 0xF000, 0xF800, 0xF800, 0xF800, 0xF000, 0xD020, 0x18E3, 0x0924, 0x0924, 0x0924, 0x0924, 
    0x0924, 0x0924, 0x0924, 0x0924, 0x20E3, 0xF800, 0xE800, 0xF800, 0xF800, 0xF000, 0xF800, 0x6082, 
    0x0924, 0x0924, 0x0924, 0x0924, 0x0924, 0x0924, 0x0924, 0x0924, 0x0924, 0x0924, 0x0924, 0x0924, 
    0x0924, 0x0924, 0x0924, 0x0924, 0x0924, 0x0924, 0x0924, 0x0924, 0x0924, 0x0924, 0x0924, 0x0924, 
    0x0924, 0x0924, 0x0924, 0x0924, 0x0924, 0x0924, 0x0924, 0x0924, 0x0924, 0x0924, 0x0924, 0x0924, 
    0x0924, 0x0924, 0x0924, 0x0924, 0x0924, 0x0924, 0x0924, 0x0924, 0x0924, 0x0924, 0x0924, 0x0924, 
    0x0924, 0x0924, 0x0924, 0x0924, 0x0924, 0x0924, 0x0924, 0x0924, 0x0924, 0x0924, 0x0924, 0x0924, 
    0x0924, 0x0924, 0x0924, 0x0924, 0x0924, 0x0924, 0x0924, 0x0924, 0x0924, 0x0924, 0x0924, 0x0924, 
    0x0924, 0x0924, 0x0924, 0x0924, 0x0924, 0x0924, 0x0924, 0x0924, 0x0924, 0x0924, 0x0924, 0x0924, 
    0x0924, 0x0924, 0x0924, 0x0924, 0x0924, 0x0924, 0x0924, 0x0924, 0x0924, 0x0924, 0x0924, 0x38A2, 
    0xF800, 0xF000, 0xF800, 0xF800, 0xF800, 0xE800, 0xF800, 0x28C3, 0x0924, 0x0924, 0x0924, 0x0924, 
    0x0924, 0x0924, 0x0924, 0x0924, 0x28C3, 0xF800, 0xE800, 0xF800, 0xF800, 0xF000, 0xF800, 0x6082, 
    0x0924, 0x0924, 0x0924, 0x0924, 0x0924, 0x0924, 0x0924, 0x0924, 0x0924, 0x0924, 0x0924, 0x0924, 
    0x0924, 0x0924, 0x0924, 0x0924, 0x0924, 0x0924, 0x0924, 0x0924, 0x0924, 0x0924, 0x0924, 0x0924, 
    0x0924, 0x0924, 0x0924, 0x0924, 0x0924, 0x0924, 0x0924, 0x0924, 0x0924, 0x0924, 0x0924, 0x0924, 
    0x0924, 0x0924, 0x0924, 0x0924, 0x0924, 0x0924, 0x0924, 0x0924, 0x0924, 0x0924, 0x0924, 0x0924, 
    0x0924, 0x0924, 0x0924, 0x0924, 0x0924, 0x0924, 0x0924, 0x0924, 0x0924, 0x0924, 0x0924, 0x0924, 
    0x0924, 0x0924, 0x0924, 0x0924, 0x0924, 0x0924, 0x0924, 0x0924, 0x0924, 0x0924, 0x0924, 0x0924, 
    0x0924, 0x0924, 0x0924, 0x0924, 0x0924, 0x0924, 0x0924, 0x0924, 0x0924, 0x0924, 0x0924, 0x0924, 
    0x0924, 0x0924, 0x0924, 0x0924, 0x0924, 0x0924, 0x0924, 0x0924, 0x0924, 0x0924, 0x0924, 0x0924, 
    0x6082, 0xF800, 0xF000, 0xF800, 0xF800, 0xE800, 0xF800, 0x20E3, 0x0924, 0x0924, 0x0924, 0x0924, 
    0x0924, 0x0924, 0x0924, 0x1104, 0xF800, 0xE800, 0xF800, 0xF800, 0xF800, 0xF800, 0x9041, 0x0924, 
    0x0924, 0x0924, 0x0924, 0x0924, 0x0924, 0x0924, 0x0924, 0x0924, 0x0924, 0x0924, 0x0924, 0x0924, 
    0x0924, 0x0924, 0x0924, 0x0924, 0x0924, 0x0924, 0x0924, 0x0924, 0x0924, 0x0924, 0x0924, 0x0924, 
    0x0924, 0x0924, 0x0924, 0x0924, 0x0924, 0x0924, 0x0924, 0x0924, 0x0924, 0x0924, 0x0924, 0x0924, 
    0x0924, 0x0924, 0x0924, 0x0924, 0x0924, 0x0924, 0x0924, 0x0924, 0x0924, 0x0924, 0x0924, 0x0924, 
    0x0924, 0x0924, 0x0924, 0x0924, 0x0924, 0x0924, 0x0924, 0x0924, 0x0924, 0x0924, 0x0924, 0x0924, 
    0x0924, 0x0924, 0x0924, 0x0924, 0x0924, 0x0924, 0x0924, 0x0924, 0x0924, 0x0924, 0x0924, 0x0924, 
    0x0924, 0x0924, 0x0924, 0x0924, 0x0924, 0x0924, 0x0924, 0x0924, 0x0924, 0x0924, 0x0924, 0x0924, 
    0x0924, 0x0924, 0x0924, 0x0924, 0x0924, 0x0924, 0x0924, 0x0924, 0x0924, 0x0924, 0x0924, 0x0924, 
    0x6082, 0xF800, 0xF000, 0xF800, 0xF800, 0xE800, 0xF800, 0x20E3, 0x0924, 0x0924, 0x0924, 0x0924, 
    0x0924, 0x0924, 0x0924, 0x10E3, 0xF800, 0xE800, 0xF800, 0xF800, 0xF800, 0xF800, 0x9061, 0x0924, 
    0x0924, 0x0924, 0x0924, 0x0924, 0x0924, 0x0924, 0x0924, 0x0924, 0x0924, 0x0924, 0x0924, 0x0924, 
    0x0924, 0x0924, 0x0924, 0x0924, 0x0924, 0x0924, 0x0924, 0x0924, 0x0924, 0x0924, 0x0924, 0x0924, 
    0x0924, 0x0924, 0x0924, 0x0924, 0x0924, 0x0924, 0x0924, 0x0924, 0x0924, 0x0924, 0x0924, 0x0924, 
    0x0924, 0x0924, 0x0924, 0x0924, 0x0924, 0x0924, 0x0924, 0x0924, 0x0924, 0x0924, 0x0924, 0x0924, 
    0x0924, 0x0924, 0x0924, 0x0924, 0x0924, 0x0924, 0x0924, 0x0924, 0x0924, 0x0924, 0x0924, 0x0924, 
    0x0924, 0x0924, 0x0924, 0x0924, 0x0924, 0x0924, 0x0924, 0x0924, 0x0924, 0x0924, 0x0924, 0x0924, 
    0x0924, 0x0924, 0x0924, 0x0924, 0x0924, 0x0924, 0x0924, 0x0924, 0x0924, 0x0924, 0x0924, 0x0924, 
    0x0924, 0x0924, 0x0924, 0x0924, 0x0924, 0x0924, 0x0924, 0x0924, 0x0924, 0x0924, 0x0924, 0x0924, 
    0x5882, 0xF800, 0xF000, 0xF800, 0xF800, 0xF000, 0xF800, 0x40A2, 0x0924, 0x0924, 0x0924, 0x0924, 
    0x0924, 0x0924, 0x0924, 0x10E3, 0xF800, 0xE800, 0xF800, 0xF800, 0xF800, 0xF800, 0x9061, 0x0924, 
    0x0924, 0x0924, 0x0924, 0x0924, 0x0924, 0x0924, 0x0924, 0x0924, 0x0924, 0x0924, 0x0924, 0x0924, 
    0x0924, 0x0924, 0x0924, 0x0924, 0x0924, 0x0924, 0x0924, 0x0924, 0x0924, 0x0924, 0x0924, 0x0924, 
    0x0924, 0x0924, 0x0924, 0x0924, 0x0924, 0x0924, 0x0924, 0x0924, 0x0924, 0x0924, 0x0924, 0x0924, 
    0x0924, 0x0924, 0x0924, 0x0924, 0x0924, 0x0924, 0x0924, 0x0924, 0x0924, 0x0924, 0x0924, 0x0924, 
    0x0924, 0x0924, 0x0924, 0x0924, 0x0924, 0x0924, 0x0924, 0x0924, 0x0924, 0x0924, 0x0924, 0x0924, 
    0x0924, 0x0924, 0x0924, 0x0924, 0x0924, 0x0924, 0x0924, 0x0924, 0x0924, 0x0924, 0x0924, 0x0924, 
    0x0924, 0x0924, 0x0924, 0x0924, 0x0924, 0x0924, 0x0924, 0x0924, 0x0924, 0x0924, 0x0924, 0x0924, 
    0x0924, 0x0924, 0x0924, 0x0904, 0x0924, 0x0924, 0x0924, 0x0924, 0x0924, 0x0924, 0x0924, 0x0924, 
    0x8061, 0xF800, 0xF000, 0xF800, 0xF800, 0xF800, 0xE800, 0xF800, 0x18E3, 0x0924, 0x0924, 0x0924, 
    0x0924, 0x0924, 0x0924, 0x10E3, 0xF800, 0xE800, 0xF800, 0xF800, 0xF800, 0xF800, 0x8061, 0x0924, 
    0x0924, 0x0924, 0x0924, 0x0924, 0x0924, 0x0924, 0x0924, 0x0924, 0x0924, 0x0924, 0x0924, 0x0924, 
    0x0924, 0x0924, 0x0924, 0x0924, 0x0924, 0x0924, 0x0924, 0x0924, 0x0924, 0x0924, 0x0924, 0x0924, 
    0x0924, 0x0924, 0x0924, 0x0924, 0x0924, 0x0924, 0x0924, 0x0924, 0x0924, 0x0924, 0x0924, 0x0924, 
    0x0924, 0x0924, 0x0924, 0x0924, 0x0924, 0x0924, 0x0924, 0x0924, 0x0924, 0x0924, 0x0924, 0x0924, 
    0x0924, 0x0924, 0x0924, 0x0924, 0x0924, 0x0924, 0x0924, 0x0924, 0x0924, 0x0924, 0x0924, 0x0924, 
    0x0924, 0x0924, 0x0924, 0x0924, 0x0924, 0x0924, 0x0924, 0x0924, 0x0924, 0x0924, 0x0924, 0x0924, 
    0x0924, 0x0924, 0x0924, 0x0924, 0x0924, 0x0924, 0x0924, 0x0924, 0x0924, 0x0924, 0x0924, 0x0924, 
    0x0924, 0x0924, 0x0904, 0xF000, 0x48A2, 0x0924, 0x0924, 0x0924, 0x0924, 0x0924, 0x0924, 0x0924, 
    0x1104, 0xC020, 0xF800, 0xF800, 0xF800, 0xF800, 0xE800, 0xF000, 0x1104, 0x0924, 0x0924, 0x0924, 
    0x0924, 0x0924, 0x0924, 0x1104, 0xF800, 0xE800, 0xF800, 0xF800, 0xF800, 0xF800, 0xC020, 0x0924, 
    0x0924, 0x0924, 0x0924, 0x0924, 0x0924, 0x0924, 0x0924, 0x0924, 0x10E3, 0x0924, 0x0924, 0x0924, 
    0x0924, 0x0924, 0x0924, 0x0924, 0x0924, 0x0924, 0x0924, 0x0924, 0x0924, 0x0924, 0x0924, 0x0924, 
    0x0924, 0x0924, 0x0924, 0x0924, 0x0924, 0x0924, 0x0924, 0x0924, 0x0924, 0x0924, 0x0924, 0x0924, 
    0x0924, 0x0924, 0x0924, 0x0924, 0x0924, 0x0924, 0x0924, 0x0924, 0x0924, 0x0924, 0x0924, 0x0924, 
    0x0924, 0x0924, 0x0924, 0x0924, 0x0924, 0x0924, 0x0924, 0x0924, 0x0924, 0x0924, 0x0924, 0x0924, 
    0x0924, 0x0924, 0x0924, 0x0924, 0x0924, 0x0924, 0x0924, 0x0924, 0x0924, 0x0924, 0x0924, 0x0924, 
    0x0924, 0x0924, 0x0924, 0x0924, 0x0924, 0x0924, 0x0924, 0x0924, 0x0924, 0x0924, 0x0924, 0x0924, 
    0x0924, 0x40A2, 0xB820, 0xF800, 0xF800, 0x0924, 0x0924, 0x0924, 0x0924, 0x0924, 0x0924, 0x0924, 
    0x0924, 0x8861, 0xF800, 0xF800, 0xF800, 0xF800, 0xE800, 0xF800, 0x10E3, 0x0924, 0x0924, 0x0924, 
    0x0924, 0x0924, 0x0924, 0x7082, 0xF000, 0xF000, 0xF800, 0xF800, 0xF800, 0xD820, 0x0904, 0x0924, 
    0x0924, 0x0924, 0x0924, 0x0924, 0x0924, 0x0924, 0x0924, 0x6882, 0xF000, 0x40A2, 0x0904, 0x0924, 
    0x0924, 0x0924, 0x0924, 0x0924, 0x0924, 0x0924, 0x0924, 0x0924, 0x0924, 0x0924, 0x0924, 0x0924, 
    0x0924, 0x0924, 0x0924, 0x0924, 0x0924, 0x0924, 0x0924, 0x0924, 0x0924, 0x0924, 0x0924, 0x0924, 
    0x0924, 0x0924, 0x0924, 0x0924, 0x0924, 0x0924, 0x0924, 0x0924, 0x0924, 0x0924, 0x0924, 0x0924, 
    0x0924, 0x0924, 0x0924, 0x0924, 0x0924, 0x0924, 0x0924, 0x0924, 0x0924, 0x0924, 0x0924, 0x0924, 
    0x0924, 0x0924, 0x0924, 0x0924, 0x0924, 0x0924, 0x0924, 0x0924, 0x0924, 0x0924, 0x0924, 0x0924, 
    0x0924, 0x0924, 0x0924, 0x0924, 0x0924, 0x0924, 0x0924, 0x0924, 0x0924, 0x0924, 0x0924, 0x0924, 
    0xA041, 0xF800, 0xF800, 0xF800, 0xF000, 0x6882, 0x0924, 0x0924, 0x0924, 0x0924, 0x0924, 0x0924, 
    0x0924, 0x9041, 0xF800, 0xF800, 0xF800, 0xF800, 0xE800, 0xF800, 0x10E3, 0x0924, 0x0924, 0x0924, 
    0x0924, 0x0924, 0x0904, 0xF800, 0xE800, 0xF800, 0xF800, 0xF800, 0xF800, 0xB820, 0x0924, 0x0924, 
    0x0924, 0x0924, 0x0924, 0x0924, 0x0924, 0x0924, 0x0924, 0xF800, 0xE800, 0xF800, 0xB041, 0x6082, 
    0x0924, 0x0924, 0x0924, 0x0924, 0x0924, 0x0924, 0x0924, 0x0924, 0x0924, 0x0924, 0x0924, 0x0924, 
    0x0924, 0x0924, 0x0924, 0x0924, 0x0924, 0x0924, 0x0924, 0x0924, 0x0924, 0x0924, 0x0924, 0x0924, 
    0x0924, 0x0924, 0x0924, 0x0924, 0x0924, 0x0924, 0x0924, 0x0924, 0x0924, 0x0924, 0x0924, 0x0924, 
    0x0924, 0x0924, 0x0924, 0x0924, 0x0924, 0x0924, 0x0924, 0x0924, 0x0924, 0x0924, 0x0924, 0x0924, 
    0x0924, 0x0924, 0x0924, 0x0924, 0x0924, 0x0924, 0x0924, 0x0924, 0x0924, 0x0924, 0x0924, 0x0924, 
    0x0924, 0x0924, 0x0924, 0x0924, 0x0924, 0x0924, 0x0924, 0x0924, 0x0924, 0x0924, 0xA041, 0xB041, 
    0xF800, 0xE800, 0xF800, 0xF800, 0xF800, 0xF800, 0x0924, 0x0924, 0x0924, 0x0924, 0x0924, 0x0924, 
    0x0924, 0x9061, 0xF800, 0xF800, 0xF800, 0xF800, 0xE800, 0xF800, 0x1104, 0x0924, 0x0924, 0x0924, 
    0x0924, 0x0924, 0x0904, 0xF000, 0xE800, 0xF800, 0xF800, 0xF800, 0xF800, 0xC020, 0x0924, 0x0924, 
    0x0924, 0x0924, 0x0924, 0x0924, 0x0924, 0x0924, 0x9061, 0xF000, 0xF800, 0xF000, 0xF800, 0xF800, 
    0xB041, 0xA041, 0x0924, 0x0924, 0x0924, 0x0924, 0x0924, 0x0924, 0x0924, 0x0924, 0x0924, 0x0924, 
    0x0924, 0x0924, 0x0924, 0x0924, 0x0924, 0x0924, 0x0924, 0x0924, 0x0924, 0x0924, 0x0924, 0x0924, 
    0x0924, 0x0924, 0x0924, 0x0924, 0x0924, 0x0924, 0x0924, 0x0924, 0x0924, 0x0924, 0x0924, 0x0924, 
    0x0924, 0x0924, 0x0924, 0x0924, 0x0924, 0x0924, 0x0924, 0x0924, 0x0924, 0x0924, 0x0924, 0x0924, 
    0x0924, 0x0924, 0x0924, 0x0924, 0x0924, 0x0924, 0x0924, 0x0924, 0x0924, 0x0924, 0x0924, 0x0924, 
    0x0924, 0x0924, 0x0924, 0x0924, 0x0924, 0x0924, 0x0924, 0x0924, 0x0924, 0x0924, 0x0904, 0xF800, 
    0xE800, 0xF800, 0xF800, 0xF800, 0xF800, 0xF000, 0x9841, 0x0924, 0x0924, 0x0924, 0x0924, 0x0924, 
    0x0924, 0xA041, 0xF800, 0xF800, 0xF800, 0xF800, 0xF800, 0xE800, 0xD820, 0x0904, 0x0924, 0x0924, 
    0x0924, 0x0924, 0x0904, 0xF800, 0xE800, 0xF800, 0xF800, 0xF800, 0xF800, 0xB820, 0x0924, 0x0924, 
    0x0924, 0x0924, 0x0924, 0x0924, 0x0924, 0x0924, 0xF800, 0xF800, 0xF800, 0xF800, 0xF800, 0xE800, 
    0xF800, 0x0904, 0x0924, 0x0924, 0x0924, 0x0924, 0x0924, 0x0924, 0x0924, 0x0924, 0x0924, 0x0924, 
    0x0924, 0x0924, 0x0924, 0x0924, 0x0924, 0x0924, 0x0924, 0x0924, 0x0924, 0x0924, 0x0924, 0x0924, 
    0x0924, 0x0924, 0x0924, 0x0924, 0x0924, 0x0924, 0x0924, 0x0924, 0x0924, 0x0924, 0x0924, 0x0924, 
    0x0924, 0x0924, 0x0924, 0x0924, 0x0924, 0x0924, 0x0924, 0x0924, 0x0924, 0x0924, 0x0924, 0x0924, 
    0x0924, 0x0924, 0x0924, 0x0924, 0x0924, 0x0924, 0x0924, 0x0924, 0x0924, 0x0924, 0x0924, 0x0924, 
    0x0924, 0x0924, 0x0924, 0x0924, 0x0924, 0x0924, 0x0924, 0x0924, 0x0924, 0x0924, 0x0924, 0xC820, 
    0xE800, 0xF800, 0xF800, 0xF800, 0xF800, 0xF800, 0xF800, 0x8861, 0x0924, 0x0924, 0x0924, 0x0924, 
    0x0924, 0x7082, 0xF800, 0xF800, 0xF800, 0xF800, 0xF800, 0xE800, 0xF800, 0x0904, 0x0924, 0x0924, 
    0x0924, 0x0924, 0x0904, 0xF800, 0xE800, 0xF800, 0xF800, 0xF800, 0xF800, 0xE000, 0x0924, 0x0924, 
    0x0924, 0x0924, 0x0924, 0x0924, 0x0924, 0xB820, 0xF800, 0xF800, 0xF800, 0xF800, 0xF800, 0xE800, 
    0xC820, 0x0924, 0x0924, 0x0924, 0x0924, 0x0924, 0x0924, 0x0924, 0x0924, 0x0924, 0x0924, 0x0924, 
    0x0924, 0x0924, 0x0924, 0x0924, 0x0924, 0x0924, 0x0924, 0x0924, 0x0924, 0x0924, 0x0924, 0x0924, 
    0x0924, 0x0924, 0x0924, 0x0924, 0x0924, 0x0924, 0x0924, 0x0924, 0x0924, 0x0924, 0x0924, 0x0924, 
    0x0924, 0x0924, 0x0924, 0x0924, 0x0924, 0x0924, 0x0924, 0x0924, 0x0924, 0x0924, 0x0924, 0x0924, 
    0x0924, 0x0924, 0x0924, 0x0924, 0x0924, 0x0924, 0x0924, 0x0924, 0x0924, 0x0924, 0x0924, 0x0924, 
    0x0924, 0x0924, 0x0924, 0x0924, 0x0924, 0x0924, 0x0924, 0x0924, 0x0924, 0x0924, 0x0924, 0x0904, 
    0xF800, 0xE000, 0xF800, 0xF800, 0xF800, 0xF800, 0xF800, 0xA041, 0x0924, 0x0924, 0x0924, 0x0924, 
    0x0924, 0x0924, 0xC020, 0xF800, 0xF800, 0xF800, 0xF800, 0xE800, 0xF800, 0x0904, 0x0924, 0x0924, 
    0x0924, 0x0924, 0x10E3, 0xF800, 0xE800, 0xF800, 0xF800, 0xF800, 0xF800, 0x7082, 0x0924, 0x0924, 
    0x0924, 0x0924, 0x0924, 0x0924, 0x0924, 0xD020, 0xF800, 0xF800, 0xF800, 0xF800, 0xE800, 0xF800, 
    0x0904, 0x0924, 0x0924, 0x0924, 0x0924, 0x0924, 0x0924, 0x0924, 0x0924, 0x0924, 0x0924, 0x0924, 
    0x0924, 0x0924, 0x0924, 0x0924, 0x0924, 0x0924, 0x0924, 0x0924, 0x0924, 0x0924, 0x0924, 0x0924, 
    0x0924, 0x0924, 0x0924, 0x0924, 0x0924, 0x0924, 0x0924, 0x0924, 0x0924, 0x0924, 0x0924, 0x0924, 
    0x0924, 0x0924, 0x0924, 0x0924, 0x0924, 0x0924, 0x0924, 0x0924, 0x0924, 0x0924, 0x0924, 0x0924, 
    0x0924, 0x0924, 0x0924, 0x0924, 0x0924, 0x0924, 0x0924, 0x0924, 0x0924, 0x0924, 0x0924, 0x0924, 
    0x0924, 0x0924, 0x0924, 0x0924, 0x0924, 0x0924, 0x0924, 0x0924, 0x0924, 0x0924, 0x0924, 0x0904, 
    0xA041, 0xF800, 0xF000, 0xF800, 0xF800, 0xF800, 0xF000, 0xF800, 0x7082, 0x0924, 0x0924, 0x0924, 
    0x0924, 0x0924, 0xC020, 0xF800, 0xF800, 0xF800, 0xF800, 0xE800, 0xF800, 0x0904, 0x0924, 0x0924, 
    0x0924, 0x0924, 0xF800, 0xF000, 0xF800, 0xF800, 0xF800, 0xF800, 0xF000, 0x0924, 0x0924, 0x0924, 
    0x0924, 0x0924, 0x0924, 0x0904, 0xD020, 0xF800, 0xF800, 0xF800, 0xF800, 0xF800, 0xE800, 0x8861, 
    0x0904, 0x0924, 0x0924, 0x0924, 0x0924, 0x0924, 0x0924, 0x0924, 0x0924, 0x0924, 0x0924, 0x0924, 
    0x0924, 0x0924, 0x0924, 0x0924, 0x0924, 0x0924, 0x0924, 0x0924, 0x0924, 0x0924, 0x0924, 0x0924, 
    0x0924, 0x0924, 0x0924, 0x0924, 0x0924, 0x0924, 0x0924, 0x0924, 0x0924, 0x0924, 0x0924, 0x0924, 
    0x0924, 0x0924, 0x0924, 0x0924, 0x0924, 0x0924, 0x0924, 0x0924, 0x0924, 0x0924, 0x0924, 0x0924, 
    0x0924, 0x0924, 0x0924, 0x0924, 0x0924, 0x0924, 0x0924, 0x0924, 0x0924, 0x0924, 0x0924, 0x0924, 
    0x0924, 0x0924, 0x0924, 0x0924, 0x0924, 0x0924, 0x0924, 0x0924, 0x0924, 0x0924, 0x0924, 0x0924, 
    0x0924, 0x8061, 0xE800, 0xF800, 0xF800, 0xF800, 0xF800, 0xF000, 0x8861, 0x0904, 0x0924, 0x0924, 
    0x0924, 0x0924, 0xB041, 0xF800, 0xF800, 0xF800, 0xF800, 0xF000, 0xF800, 0x30C3, 0x0924, 0x0924, 
    0x0924, 0x0924, 0xF000, 0xF000, 0xF800, 0xF800, 0xF800, 0xF800, 0xF000, 0x0924, 0x0924, 0x0924, 
    0x0924, 0x0924, 0x0924, 0x7061, 0xF800, 0xF000, 0xF800, 0xF800, 0xF800, 0xE000, 0xF800, 0x1104, 
    0x0924, 0x0924, 0x0924, 0x0924, 0x0924, 0x0924, 0x0924, 0x0924, 0x0924, 0x0924, 0x0924, 0x0924, 
    0x0924, 0x0924, 0x0924, 0x0924, 0x0924, 0x0924, 0x0924, 0x0924, 0x0924, 0x0924, 0x0924, 0x0924, 
    0x0924, 0x0924, 0x0924, 0x0924, 0x0924, 0x0924, 0x0924, 0x0924, 0x0924, 0x0924, 0x0924, 0x0924, 
    0x0924, 0x0924, 0x0924, 0x0924, 0x0924, 0x0924, 0x0924, 0x0924, 0x0924, 0x0924, 0x0924, 0x0924, 
    0x0924, 0x0924, 0x0924, 0x0924, 0x0924, 0x0924, 0x0924, 0x0924, 0x0924, 0x0924, 0x0924, 0x0924, 
    0x0924, 0x0924, 0x0924, 0x0924, 0x0924, 0x0924, 0x0924, 0x0924, 0x0924, 0x0924, 0x0924, 0x0924, 
    0x0924, 0x20E3, 0xF800, 0xE800, 0xF800, 0xF800, 0xF800, 0xE800, 0xF800, 0x40A2, 0x0924, 0x0924, 
    0x0924, 0x0924, 0xF800, 0xF800, 0xF800, 0xF800, 0xF800, 0xF800, 0xE800, 0xF800, 0x0924, 0x0924, 
    0x0924, 0x0924, 0xF800, 0xF000, 0xF800, 0xF800, 0xF800, 0xF800, 0xF000, 0x0924, 0x0924, 0x0924, 
    0x0924, 0x0924, 0x0904, 0x9841, 0xF000, 0xF800, 0xF800, 0xF800, 0xF000, 0xF800, 0x8061, 0x0904, 
    0x0924, 0x0924, 0x0924, 0x0924, 0x0924, 0x0924, 0x0924, 0x0924, 0x0924, 0x0924, 0x0924, 0x0924, 
    0x0924, 0x0924, 0x0924, 0x0924, 0x0924, 0x0924, 0x0924, 0x0924, 0x0924, 0x0924, 0x0924, 0x0924, 
    0x0924, 0x0924, 0x0924, 0x0924, 0x0924, 0x0924, 0x0924, 0x0924, 0x0924, 0x0924, 0x0924, 0x0924, 
    0x0924, 0x0924, 0x0924, 0x0924, 0x0924, 0x0924, 0x0924, 0x0924, 0x0924, 0x0924, 0x0924, 0x0924, 
    0x0924, 0x0924, 0x0924, 0x0924, 0x0924, 0x0924, 0x0924, 0x0924, 0x0924, 0x0924, 0x0924, 0x0924, 
    0x0924, 0x0924, 0x0924, 0x0924, 0x0924, 0x0924, 0x0924, 0x0924, 0x0924, 0x0924, 0x0924, 0x0924, 
    0x0924, 0x0904, 0x6882, 0xF000, 0xF000, 0xF800, 0xF800, 0xF800, 0xE800, 0x9841, 0x0904, 0x0924, 
    0x0924, 0x0924, 0x1104, 0xF800, 0xF800, 0xF800, 0xF800, 0xF800, 0xF000, 0xF000, 0x0924, 0x0924, 
    0x0924, 0x0924, 0xF800, 0xF000, 0xF800, 0xF800, 0xF800, 0xF800, 0xE800, 0x0924, 0x0924, 0x0924, 
    0x0924, 0x0924, 0x40A2, 0xF800, 0xE800, 0xF800, 0xF800, 0xF000, 0xF000, 0x7082, 0x0924, 0x0924, 
    0x0924, 0x0924, 0x0924, 0x0924, 0x0924, 0x0924, 0x0924, 0x0924, 0x0924, 0x0924, 0x0924, 0x0924, 
    0x0924, 0x0924, 0x0924, 0x0924, 0x0924, 0x0924, 0x0924, 0x0924, 0x0924, 0x0924, 0x0924, 0x0924, 
    0x0924, 0x0924, 0x0924, 0x0924, 0x0924, 0x0924, 0x0924, 0x0924, 0x0924, 0x0924, 0x0924, 0x0924, 
    0x0924, 0x0924, 0x0924, 0x0924, 0x0924, 0x0924, 0x0924, 0x0924, 0x0924, 0x0924, 0x0924, 0x0924, 
    0x0924, 0x0924, 0x0924, 0x0924, 0x0924, 0x0924, 0x0924, 0x0924, 0x0924, 0x0924, 0x0924, 0x0924, 
    0x0924, 0x0924, 0x0924, 0x0924, 0x0924, 0x0924, 0x0924, 0x0924, 0x0924, 0x0924, 0x0924, 0x0924, 
    0x0924, 0x0924, 0x40A2, 0xF800, 0xE800, 0xF800, 0xF800, 0xF800, 0xF800, 0xF800, 0xB820, 0x0904, 
    0x0924, 0x0924, 0x0924, 0xF000, 0xF800, 0xF800, 0xF800, 0xF800, 0xF000, 0xF800, 0x0924, 0x0924, 
    0x0924, 0x0924, 0xF800, 0xF000, 0xF800, 0xF800, 0xF800, 0xF800, 0xF800, 0x0924, 0x0924, 0x0924, 
    0x0924, 0x1104, 0xA841, 0xE800, 0xF800, 0xF800, 0xF800, 0xE800, 0xF800, 0x40A2, 0x0924, 0x0924, 
    0x0924, 0x0924, 0x0924, 0x0924, 0x0924, 0x0924, 0x0924, 0x0924, 0x0924, 0x0924, 0x0924, 0x0924, 
    0x0924, 0x0924, 0x0924, 0x0924, 0x0924, 0x0924, 0x0924, 0x0924, 0x0924, 0x0924, 0x0924, 0x0924, 
    0x0924, 0x0924, 0x0924, 0x0924, 0x0924, 0x0924, 0x0924, 0x0924, 0x0924, 0x0924, 0x0924, 0x0924, 
    0x0924, 0x0924, 0x0924, 0x0924, 0x0924, 0x0924, 0x0924, 0x0924, 0x0924, 0x0924, 0x0924, 0x0924, 
    0x0924, 0x0924, 0x0924, 0x0924, 0x0924, 0x0924, 0x0924, 0x0924, 0x0924, 0x0924, 0x0924, 0x0924, 
    0x0924, 0x0924, 0x0924, 0x0924, 0x0924, 0x0924, 0x0924, 0x0924, 0x0924, 0x0924, 0x0924, 0x0924, 
    0x0924, 0x0924, 0x0924, 0x8061, 0xF800, 0xF000, 0xF800, 0xF800, 0xF800, 0xE000, 0xF800, 0x10E3, 
    0x0924, 0x0924, 0x0924, 0xF000, 0xF800, 0xF800, 0xF800, 0xF800, 0xF000, 0xF800, 0x0924, 0x0924, 
    0x0924, 0xA041, 0xF800, 0xF800, 0xF800, 0xF800, 0xF800, 0xF800, 0x0904, 0x0924, 0x0924, 0x0924, 
    0x0924, 0x28C3, 0xF800, 0xE800, 0xF800, 0xF800, 0xF800, 0xF800, 0x7861, 0x0924, 0x0924, 0x0924, 
    0x0924, 0x0924, 0x0924, 0x0924, 0x0924, 0x0924, 0x0924, 0x0924, 0x0924, 0x0924, 0x0924, 0x0924, 
    0x0924, 0x0924, 0x0924, 0x0924, 0x0924, 0x0924, 0x0924, 0x0924, 0x0924, 0x0924, 0x0924, 0x0924, 
    0x0924, 0x0924, 0x0924, 0x0924, 0x0924, 0x0924, 0x0924, 0x0924, 0x0924, 0x0924, 0x0924, 0x0924, 
    0x0924, 0x0924, 0x0924, 0x0924, 0x0924, 0x0924, 0x0924, 0x0924, 0x0924, 0x0924, 0x0924, 0x0924, 
    0x0924, 0x0924, 0x0924, 0x0924, 0x0924, 0x0924, 0x0924, 0x0924, 0x0924, 0x0924, 0x0924, 0x0924, 
    0x0924, 0x0924, 0x0924, 0x0924, 0x0924, 0x0924, 0x0924, 0x0924, 0x0924, 0x0924, 0x0924, 0x0924, 
    0x0924, 0x0924, 0x0924, 0x0924, 0xA841, 0xF800, 0xF800, 0xF800, 0xF800, 0xF800, 0xE800, 0xD820, 
    0x0904, 0x0924, 0x0924, 0xF800, 0xF800, 0xF800, 0xF800, 0xF800, 0xF000, 0xF800, 0x0924, 0x0924, 
    0x0924, 0xF800, 0xF800, 0xF800, 0xF800, 0xF800, 0xF800, 0xF800, 0x0924, 0x0924, 0x0924, 0x0924, 
    0x1104, 0xD820, 0xE800, 0xF800, 0xF800, 0xF800, 0xF000, 0xF800, 0x5882, 0x0924, 0x0924, 0x0924, 
    0x0924, 0x0924, 0x0924, 0x0924, 0x0924, 0x0924, 0x0924, 0x0924, 0x0924, 0x0924, 0x0924, 0x0924, 
    0x0924, 0x0924, 0x0924, 0x0924, 0x0924, 0x0924, 0x0924, 0x0924, 0x0924, 0x0924, 0x0924, 0x0924, 
    0x0924, 0x0924, 0x0924, 0x0924, 0x0924, 0x0924, 0x0924, 0x0924, 0x0924, 0x0924, 0x0924, 0x0924, 
    0x0924, 0x0924, 0x0924, 0x0924, 0x0924, 0x0924, 0x0924, 0x0924, 0x0924, 0x0924, 0x0924, 0x0924, 
    0x0924, 0x0924, 0x0924, 0x0924, 0x0924, 0x0924, 0x0924, 0x0924, 0x0924, 0x0924, 0x0924, 0x0924, 
    0x0924, 0x0924, 0x0924, 0x0924, 0x0924, 0x0924, 0x0924, 0x0924, 0x0924, 0x0924, 0x0924, 0x0924, 
    0x0924, 0x0924, 0x0924, 0x0924, 0x7082, 0xF000, 0xF800, 0xF800, 0xF800, 0xF800, 0xE800, 0xF800, 
    0x1104, 0x0924, 0x0924, 0xC020, 0xF800, 0xF800, 0xF800, 0xF800, 0xF800, 0xF800, 0xF000, 0x0924, 
    0x0924, 0xF800, 0xF800, 0xF800, 0xF800, 0xF800, 0xF800, 0xF800, 0x0924, 0x0924, 0x0924, 0x0904, 
    0xF800, 0xF000, 0xF800, 0xF800, 0xF800, 0xF800, 0xF800, 0xA841, 0x0924, 0x0924, 0x0924, 0x0924, 
    0x0924, 0x0924, 0x0924, 0x0924, 0x0924, 0x0924, 0x0924, 0x0924, 0x0924, 0x0924, 0x0924, 0x0924, 
    0x0924, 0x0924, 0x0924, 0x0924, 0x0924, 0x0924, 0x0924, 0x0924, 0x0924, 0x0924, 0x0924, 0x0924, 
    0x0924, 0x0924, 0x0924, 0x0924, 0x0924, 0x0924, 0x0924, 0x0924, 0x0924, 0x0924, 0x0924, 0x0924, 
    0x0924, 0x0924, 0x0924, 0x0924, 0x0924, 0x0924, 0x0924, 0x0924, 0x0924, 0x0924, 0x0924, 0x0924, 
    0x0924, 0x0924, 0x0924, 0x0924, 0x0924, 0x0924, 0x0924, 0x0924, 0x0924, 0x0924, 0x0924, 0x0924, 
    0x0924, 0x0924, 0x0924, 0x0924, 0x0924, 0x0924, 0x0924, 0x0924, 0x0924, 0x0904, 0xC820, 0x0924, 
    0x0924, 0x0924, 0x0924, 0x0924, 0x0924, 0xE800, 0xF800, 0xF800, 0xF800, 0xF800, 0xF800, 0xF000, 
    0xF800, 0x1104, 0x0924, 0x0924, 0xF800, 0xF800, 0xF800, 0xF800, 0xF800, 0xF800, 0xF800, 0x0924, 
    0x0924, 0xF800, 0xF800, 0xF800, 0xF800, 0xF800, 0xF800, 0xF000, 0x0924, 0x0924, 0x0924, 0x18E3, 
    0xF800, 0xE800, 0xF800, 0xF800, 0xF800, 0xF800, 0xF800, 0x50A2, 0x0924, 0x0924, 0x0924, 0x0924, 
    0x0924, 0x0924, 0x0924, 0x0924, 0x0924, 0x0924, 0x0924, 0x0924, 0x0924, 0x0924, 0x0924, 0x0924, 
    0x0924, 0x0924, 0x0924, 0x0924, 0x0924, 0x0924, 0x0924, 0x0924, 0x0924, 0x0924, 0x0924, 0x0924, 
    0x0924, 0x0924, 0x0924, 0x0924, 0x0924, 0x0924, 0x0924, 0x0924, 0x0924, 0x0924, 0x0924, 0x0924, 
    0x0924, 0x0924, 0x0924, 0x0924, 0x0924, 0x0924, 0x0924, 0x0924, 0x0924, 0x0924, 0x0924, 0x0924, 
    0x0924, 0x0924, 0x0924, 0x0924, 0x0924, 0x0924, 0x0924, 0x0924, 0x0924, 0x0924, 0x0924, 0x0924, 
    0x0924, 0x0924, 0x0924, 0x0924, 0x0924, 0x0924, 0x0924, 0x0924, 0x0904, 0xF800, 0xF800, 0xA041, 
    0x0924, 0x0924, 0x0924, 0x0924, 0x0924, 0x50A2, 0xE800, 0xF800, 0xF800, 0xF800, 0xF800, 0xF800, 
    0xF000, 0xF800, 0x0924, 0x0924, 0xF800, 0xF800, 0xF800, 0xF800, 0xF800, 0xF800, 0xF800, 0x0924, 
    0x0924, 0xF800, 0xF800, 0xF800, 0xF800, 0xF800, 0xF800, 0xF800, 0x0924, 0x0924, 0x0924, 0xF800, 
    0xE800, 0xF800, 0xF800, 0xF800, 0xF800, 0xE800, 0x48A2, 0x0924, 0x0924, 0x0924, 0x0924, 0x0924, 
    0xC820, 0x20E3, 0x0924, 0x0924, 0x0924, 0x0924, 0x0924, 0x0924, 0x0924, 0x0924, 0x0924, 0x0924, 
    0x0924, 0x0924, 0x0924, 0x0924, 0x0924, 0x0924, 0x0924, 0x0924, 0x0924, 0x0924, 0x0924, 0x0924, 
    0x0924, 0x0924, 0x0924, 0x0924, 0x0924, 0x0924, 0x0924, 0x0924, 0x0924, 0x0924, 0x0924, 0x0924, 
    0x0924, 0x0924, 0x0924, 0x0924, 0x0924, 0x0924, 0x0924, 0x0924, 0x0924, 0x0924, 0x0924, 0x0924, 
    0x0924, 0x0924, 0x0924, 0x0924, 0x0924, 0x0924, 0x0924, 0x0924, 0x0924, 0x0924, 0x0924, 0x0924, 
    0x0924, 0x0924, 0x0924, 0x0924, 0x0924, 0x0924, 0x0924, 0x0904, 0xF800, 0xF000, 0xF000, 0xF800, 
    0x8861, 0x10E3, 0x0924, 0x0924, 0x0924, 0x0924, 0xF800, 0xE800, 0xF800, 0xF800, 0xF800, 0xF800, 
    0xF800, 0xF000, 0x18E3, 0x0924, 0xF800, 0xF800, 0xF800, 0xF800, 0xF800, 0xF800, 0xF800, 0x0924, 
    0x18E3, 0xF800, 0xF800, 0xF800, 0xF800, 0xF800, 0xF800, 0x50A2, 0x0924, 0x0924, 0x20E3, 0xF000, 
    0xF000, 0xF800, 0xF800, 0xF800, 0xF800, 0xF800, 0x0924, 0x0924, 0x0924, 0x0924, 0x0924, 0x9061, 
    0xF800, 0xF800, 0x18E3, 0x0924, 0x0924, 0x0924, 0x0924, 0x0924, 0x0924, 0x0924, 0x0924, 0x0924, 
    0x0924, 0x0924, 0x0924, 0x0924, 0x0924, 0x0924, 0x0924, 0x0924, 0x0924, 0x0924, 0x0924, 0x0924, 
    0x0924, 0x0924, 0x0924, 0x0924, 0x0924, 0x0924, 0x0924, 0x0924, 0x0924, 0x0924, 0x0924, 0x0924, 
    0x0924, 0x0924, 0x0924, 0x0924, 0x0924, 0x0924, 0x0924, 0x0924, 0x0924, 0x0924, 0x0924, 0x0924, 
    0x0924, 0x0924, 0x0924, 0x0924, 0x0924, 0x0924, 0x0924, 0x0924, 0x0924, 0x0924, 0x0924, 0x0924, 
    0x0924, 0x0924, 0x0924, 0x0924, 0x0924, 0x0924, 0x1104, 0xF800, 0xE800, 0xF800, 0xF800, 0xF800, 
    0xF800, 0xF800, 0x6882, 0x0924, 0x0924, 0x0924, 0x28C3, 0xF800, 0xF800, 0xF800, 0xF800, 0xF800, 
    0xF800, 0xF800, 0xF800, 0x0924, 0xF800, 0xF800, 0xF800, 0xF800, 0xF800, 0xF800, 0xF800, 0x30C3, 
    0xF800, 0xF800, 0xF800, 0xF800, 0xF800, 0xE800, 0xF800, 0x0924, 0x0924, 0x0924, 0xF800, 0xF800, 
    0xF800, 0xF800, 0xF800, 0xF800, 0xE800, 0x28C3, 0x0924, 0x0924, 0x0924, 0x0924, 0x8061, 0xF800, 
    0xF000, 0xE800, 0xF800, 0x18E3, 0x0924, 0x0924, 0x0924, 0x0924, 0x0924, 0x0924, 0x0924, 0x0924, 
    0x0924, 0x0924, 0x0924, 0x0924, 0x0924, 0x0924, 0x0924, 0x0924, 0x0924, 0x0924, 0x0924, 0x0924, 
    0x0924, 0x0924, 0x0924, 0x0924, 0x0924, 0x0924, 0x0924, 0x0924, 0x0924, 0x0924, 0x0924, 0x0924, 
    0x0924, 0x0924, 0x0924, 0x0924, 0x0924, 0x0924, 0x0924, 0x0924, 0x0924, 0x0924, 0x0924, 0x0924, 
    0x0924, 0x0924, 0x0924, 0x0924, 0x0924, 0x0924, 0x0924, 0x0924, 0x0924, 0x0924, 0x0924, 0x0924, 
    0x0924, 0x0924, 0x0924, 0x0924, 0x0924, 0x18E3, 0xF000, 0xE800, 0xF800, 0xF800, 0xF800, 0xF800, 
    0xF800, 0xE000, 0xF800, 0x6882, 0x0924, 0x0924, 0x0924, 0x20E3, 0xF000, 0xF000, 0xF800, 0xF800, 
    0xF800, 0xF800, 0xE000, 0x48A2, 0xF800, 0xF800, 0xF800, 0xF800, 0xF800, 0xF800, 0xF800, 0xF800, 
    0xF000, 0xF800, 0xF800, 0xF800, 0xF800, 0xF000, 0xF800, 0x0924, 0x0924, 0x48A2, 0xE800, 0xF800, 
    0xF800, 0xF800, 0xF800, 0xF800, 0xF800, 0x0924, 0x0924, 0x0924, 0x38A2, 0x8061, 0xF800, 0xE800, 
    0xF800, 0xF800, 0xE800, 0xF800, 0x20E3, 0x0924, 0x0924, 0x0924, 0x0924, 0x0924, 0x0924, 0x0924, 
    0x0924, 0x0924, 0x0924, 0x0924, 0x0924, 0x0924, 0x0924, 0x0924, 0x0924, 0x0924, 0x0924, 0x0924, 
    0x0924, 0x0924, 0x0924, 0x0924, 0x0924, 0x0924, 0x0924, 0x0924, 0x0924, 0x0924, 0x0924, 0x0924, 
    0x0924, 0x0924, 0x0924, 0x0924, 0x0924, 0x0924, 0x0924, 0x0924, 0x0924, 0x0924, 0x0924, 0x0924, 
    0x0924, 0x0924, 0x0924, 0x0924, 0x0924, 0x0924, 0x0924, 0x0924, 0x0924, 0x0924, 0x0924, 0x0924, 
    0x0924, 0x0924, 0x0924, 0x0924, 0x0924, 0x0904, 0xA841, 0xF800, 0xF000, 0xF800, 0xF800, 0xF800, 
    0xF800, 0xF800, 0xE800, 0xF800, 0x8061, 0x0924, 0x0924, 0x0924, 0xF800, 0xE800, 0xF800, 0xF800, 
    0xF800, 0xF800, 0xF800, 0xF800, 0xF800, 0xF800, 0xF800, 0xF800, 0xF800, 0xF800, 0xF800, 0xE800, 
    0xF800, 0xF800, 0xF800, 0xF800, 0xF800, 0xF000, 0xF800, 0x0924, 0x0924, 0xF800, 0xF800, 0xF800, 
    0xF800, 0xF800, 0xF000, 0xF800, 0x18E3, 0x0924, 0x0924, 0x7861, 0xF800, 0xF800, 0xF000, 0xF800, 
    0xF800, 0xF800, 0xF800, 0xE800, 0xF800, 0x30C3, 0x0924, 0x0924, 0x0924, 0x0924, 0x0924, 0x0924, 
    0x0924, 0x0924, 0x0924, 0x0924, 0x0924, 0x0924, 0x0924, 0x0924, 0x0924, 0x0924, 0x0924, 0x0924, 
    0x0924, 0x0924, 0x0924, 0x0924, 0x0924, 0x0924, 0x0924, 0x0924, 0x0924, 0x0924, 0x0924, 0x0924, 
    0x0924, 0x0924, 0x0924, 0x0924, 0x0924, 0x0924, 0x0924, 0x0924, 0x0924, 0x0924, 0x0924, 0x0924, 
    0x0924, 0x0924, 0x0924, 0x0924, 0x0924, 0x0924, 0x0924, 0x0924, 0x0924, 0x0924, 0x0924, 0x0924, 
    0x0924, 0x0924, 0x0924, 0x0924, 0x0924, 0x0924, 0x0924, 0xB820, 0xF800, 0xF800, 0xF800, 0xF800, 
    0xF800, 0xF800, 0xF800, 0xF000, 0xF800, 0x9841, 0x0924, 0x0924, 0x10E3, 0xF800, 0xE800, 0xF800, 
    0xF800, 0xF800, 0xF800, 0xF000, 0xF800, 0xF800, 0xF800, 0xF800, 0xF800, 0xF800, 0xF800, 0xF800, 
    0xF800, 0xF800, 0xF800, 0xF800, 0xF800, 0xF000, 0xF800, 0x0924, 0x5882, 0xF000, 0xF800, 0xF800, 
    0xF800, 0xF800, 0xF000, 0xF800, 0x0924, 0x0924, 0x9841, 0xF800, 0xF000, 0xF000, 0xF800, 0xF800, 
    0xF800, 0xF800, 0xF800, 0xF800, 0xB041, 0x0924, 0x0924, 0x0924, 0x0924, 0x0924, 0x0924, 0x0924, 
    0x0924, 0x0924, 0x0924, 0x0924, 0x0924, 0x0924, 0x0924, 0x0924, 0x0924, 0x0924, 0x0924, 0x0924, 
    0x0924, 0x0924, 0x0924, 0x0924, 0x0924, 0x0924, 0x0924, 0x0924, 0x0924, 0x0924, 0x0924, 0x0924, 
    0x0924, 0x0924, 0x0924, 0x0924, 0x0924, 0x0924, 0x0924, 0x0924, 0x0924, 0x0924, 0x0924, 0x0924, 
    0x0924, 0x0924, 0x0924, 0x0924, 0x0924, 0x0924, 0x0924, 0x0924, 0x0924, 0x0924, 0x0924, 0x0924, 
    0x0924, 0x0924, 0x0924, 0x0924, 0x0924, 0x0924, 0x0924, 0x0924, 0x0924, 0xF000, 0xF800, 0xF800, 
    0xF800, 0xF800, 0xF800, 0xF800, 0xF000, 0xF800, 0xC020, 0x50A2, 0x0924, 0xF000, 0xF800, 0xF800, 
    0xF800, 0xF800, 0xF800, 0xF800, 0xF800, 0xF800, 0xF800, 0xF800, 0xF800, 0xF800, 0xF800, 0xF800, 
    0xF800, 0xF800, 0xF800, 0xF800, 0xF800, 0xF800, 0xE800, 0xC020, 0xF800, 0xF800, 0xF800, 0xF800, 
    0xF800, 0xE800, 0xF800, 0x1104, 0x0924, 0x9841, 0xF800, 0xF000, 0xF800, 0xF800, 0xF800, 0xF800, 
    0xF800, 0xF800, 0xF800, 0xC020, 0x0924, 0x0924, 0x0924, 0x0924, 0x0924, 0x0924, 0x0924, 0x0924, 
    0x0924, 0x0924, 0x0924, 0x0924, 0x0924, 0x0924, 0x0924, 0x0924, 0x0924, 0x0924, 0x0924, 0x0924, 
    0x0924, 0x0924, 0x0924, 0x0924, 0x0924, 0x0924, 0x0924, 0x0924, 0x0924, 0x0924, 0x0924, 0x0924, 
    0x0924, 0x0924, 0x0924, 0x0924, 0x0924, 0x0924, 0x0924, 0x0924, 0x0924, 0x0924, 0x0924, 0x0924, 
    0x0924, 0x0924, 0x0924, 0x0924, 0x0924, 0x0924, 0x0924, 0x0924, 0x0924, 0x0924, 0x0924, 0x0924, 
    0x0924, 0x0924, 0x0924, 0x0924, 0x0924, 0x0924, 0x0924, 0x0924, 0x0924, 0x0924, 0xD020, 0xF800, 
    0xF000, 0xF800, 0xF800, 0xF800, 0xF800, 0xF800, 0xF800, 0xF800, 0x48A2, 0x0904, 0xC020, 0xE800, 
    0xF800, 0xF800, 0xF800, 0xF800, 0xF800, 0xF800, 0xF800, 0xF800, 0xF800, 0xF800, 0xF800, 0xF800, 
    0xF800, 0xF800, 0xF800, 0xF800, 0xE800, 0xF800, 0x0904, 0x8061, 0xF800, 0xF800, 0xF800, 0xF800, 
    0xE800, 0xF800, 0x1104, 0x0924, 0x9841, 0xF800, 0xF000, 0xF800, 0xF800, 0xF800, 0xF800, 0xF000, 
    0xF800, 0xD020, 0xB820, 0x0924, 0x0924, 0x0924, 0x0924, 0x0924, 0x0924, 0x0924, 0x0924, 0x0924, 
    0x0924, 0x0924, 0x0924, 0x0924, 0x0924, 0x0924, 0x0924, 0x0924, 0x0924, 0x0924, 0x0924, 0x0924, 
    0x0924, 0x0924, 0x0924, 0x0924, 0x0924, 0x0924, 0x0924, 0x0924, 0x0924, 0x0924, 0x0924, 0x0924, 
    0x0924, 0x0924, 0x0924, 0x0924, 0x0924, 0x0924, 0x0924, 0x0924, 0x0924, 0x0924, 0x0924, 0x0924, 
    0x0924, 0x0924, 0x0924, 0x0924, 0x0924, 0x0924, 0x0924, 0x0924, 0x0924, 0x0924, 0x0924, 0x0924, 
    0x0924, 0x0924, 0x0924, 0x0924, 0x0924, 0x0924, 0x0924, 0x0924, 0x0924, 0x0924, 0x0924, 0xB820, 
    0xF800, 0xE800, 0xF800, 0xF800, 0xF800, 0xF800, 0xF800, 0xF000, 0xF800, 0x38C3, 0x20E3, 0xF800, 
    0xF000, 0xF800, 0xF800, 0xF800, 0xF800, 0xF800, 0xF800, 0xF800, 0xF800, 0xF800, 0xF800, 0xF800, 
    0xF800, 0xF800, 0xF800, 0xF800, 0xF800, 0xF800, 0xF800, 0xF800, 0xF800, 0xF800, 0xF800, 0xF800, 
    0xE800, 0xF800, 0x10E3, 0x6082, 0xF800, 0xF000, 0xF800, 0xF800, 0xF800, 0xF800, 0xF000, 0xF800, 
    0xB820, 0x0924, 0x0924, 0x0924, 0x0924, 0x0924, 0x0924, 0x0924, 0x0924, 0x0924, 0x0924, 0x0924, 
    0x0924, 0x0924, 0x0924, 0x0924, 0x0924, 0x0924, 0x0924, 0x0924, 0x0924, 0x0924, 0x0924, 0x0924, 
    0x0924, 0x0924, 0x0924, 0x0924, 0x0924, 0x0924, 0x0924, 0x0924, 0x0924, 0x0924, 0x0924, 0x0924, 
    0x0924, 0x0924, 0x0924, 0x0924, 0x0924, 0x0924, 0x0924, 0x0924, 0x0924, 0x0924, 0x0924, 0x0924, 
    0x0924, 0x0924, 0x0924, 0x0924, 0x0924, 0x0924, 0x0924, 0x0924, 0x0924, 0x0924, 0x0924, 0x0924, 
    0x0924, 0x0924, 0x0904, 0xA041, 0x0904, 0x0904, 0x0924, 0x0924, 0x0924, 0x0924, 0x0924, 0x0924, 
    0xA041, 0xF800, 0xF800, 0xF800, 0xF800, 0xF800, 0xF800, 0xF800, 0xF800, 0xF800, 0xF800, 0xF800, 
    0xF800, 0xF800, 0xF800, 0xF800, 0xF800, 0xF800, 0xF800, 0xF800, 0xF800, 0xF800, 0xF800, 0xF800, 
    0xF800, 0xF800, 0xF800, 0xF800, 0xF800, 0xF800, 0xF800, 0xF800, 0xF800, 0xF800, 0xF800, 0xF800, 
    0xF800, 0xF800, 0xF800, 0xF800, 0xF800, 0xF800, 0xF800, 0xF800, 0xF800, 0xF000, 0xF800, 0xA841, 
    0x0924, 0x0924, 0x0924, 0x0924, 0x0924, 0x0924, 0x0924, 0x0924, 0x0924, 0x0924, 0x0924, 0x0924, 
    0x0924, 0x0924, 0x0924, 0x0924, 0x0924, 0x0924, 0x0924, 0x0924, 0x0924, 0x0924, 0x0924, 0x0924, 
    0x0924, 0x0924, 0x0924, 0x0924, 0x0924, 0x0924, 0x0924, 0x0924, 0x0924, 0x0924, 0x0924, 0x0924, 
    0x0924, 0x0924, 0x0924, 0x0924, 0x0924, 0x0924, 0x0924, 0x0924, 0x0924, 0x0924, 0x0924, 0x0924, 
    0x0924, 0x0924, 0x0924, 0x0924, 0x0924, 0x0924, 0x0924, 0x0924, 0x0924, 0x0924, 0x0924, 0x0924, 
    0x0924, 0x0924, 0x28C3, 0xF800, 0xF800, 0xF800, 0x30C3, 0x10E3, 0x0924, 0x0924, 0x0924, 0x0924, 
    0x0904, 0x40A2, 0xB820, 0xF800, 0xF000, 0xF800, 0xF800, 0xF800, 0xF800, 0xF000, 0xF000, 0xF800, 
    0xF800, 0xF800, 0xF800, 0xF800, 0xF800, 0xF800, 0xF800, 0xF800, 0xF800, 0xF800, 0xF800, 0xF800, 
    0xF800, 0xF800, 0xF800, 0xF800, 0xF800, 0xF800, 0xF800, 0xF800, 0xF800, 0xF800, 0xF800, 0xF800, 
    0xF800, 0xF800, 0xF000, 0xF800, 0xF800, 0xF800, 0xF800, 0xF800, 0xF000, 0xF800, 0xA041, 0x0924, 
    0x0924, 0x0924, 0x0924, 0x0924, 0x0924, 0x0924, 0x18E3, 0x1104, 0xB820, 0x0904, 0x0924, 0x0924, 
    0x0924, 0x0924, 0x0924, 0x0924, 0x0924, 0x0924, 0x0924, 0x0924, 0x0924, 0x0924, 0x0924, 0x0924, 
    0x0924, 0x0924, 0x0924, 0x0924, 0x0924, 0x0924, 0x0924, 0x0924, 0x0924, 0x0924, 0x0924, 0x0924, 
    0x0924, 0x0924, 0x0924, 0x0924, 0x0924, 0x0924, 0x0924, 0x0924, 0x0924, 0x0924, 0x0924, 0x0924, 
    0x0924, 0x0924, 0x0924, 0x0924, 0x0924, 0x0924, 0x0924, 0x0924, 0x0924, 0x0924, 0x0924, 0x0924, 
    0x0924, 0x0924, 0xF800, 0xE800, 0xF000, 0xE800, 0xF800, 0xF800, 0x28C3, 0x20E3, 0x10E3, 0x0924, 
    0x0924, 0x0924, 0x0904, 0xE000, 0xF000, 0xF000, 0xF800, 0xF800, 0xF800, 0xF800, 0xF800, 0xF800, 
    0xF800, 0xF800, 0xF800, 0xF800, 0xF800, 0xF800, 0xF800, 0xF800, 0xF800, 0xF800, 0xF800, 0xF800, 
    0xF800, 0xF800, 0xF800, 0xF800, 0xF800, 0xF800, 0xF800, 0xF800, 0xF800, 0xF800, 0xF800, 0xF800, 
    0xF800, 0xF800, 0xF800, 0xF800, 0xF800, 0xF800, 0xF800, 0xE000, 0xF800, 0xA841, 0x0904, 0x0924, 
    0x0924, 0x0924, 0x0924, 0x0924, 0x20E3, 0x48A2, 0xF800, 0xF800, 0xF800, 0x40A2, 0x0924, 0x0924, 
    0x0924, 0x0924, 0x0924, 0x0924, 0x0924, 0x0924, 0x0924, 0x0924, 0x0924, 0x0924, 0x0924, 0x0924, 
    0x0924, 0x0924, 0x0924, 0x0924, 0x0924, 0x0924, 0x0924, 0x0924, 0x0924, 0x0924, 0x0924, 0x0924, 
    0x0924, 0x0924, 0x0924, 0x0924, 0x0924, 0x0924, 0x0924, 0x0924, 0x0924, 0x0924, 0x0924, 0x0924, 
    0x0924, 0x0924, 0x0924, 0x0924, 0x0924, 0x0924, 0x0924, 0x0924, 0x0924, 0x0924, 0x0924, 0x0924, 
    0x0924, 0x0924, 0xF000, 0xF000, 0xF800, 0xF800, 0xF000, 0xE800, 0xF800, 0xF800, 0xF800, 0x38C3, 
    0x40A2, 0x0904, 0x0924, 0x0924, 0xF000, 0xF800, 0xF800, 0xF800, 0xF800, 0xF800, 0xF800, 0xF800, 
    0xF800, 0xF800, 0xF800, 0xF800, 0xF800, 0xF800, 0xF800, 0xF800, 0xF800, 0xF800, 0xF800, 0xF800, 
    0xF800, 0xF800, 0xF800, 0xF800, 0xF800, 0xF800, 0xF800, 0xF800, 0xF800, 0xF800, 0xF800, 0xF800, 
    0xF800, 0xF800, 0xF800, 0xF800, 0xF800, 0xF800, 0xF000, 0xF800, 0xB820, 0x0904, 0x0924, 0x0924, 
    0x0924, 0x20E3, 0x40A2, 0x48A2, 0xF800, 0xF800, 0xE800, 0xF000, 0xE800, 0xF800, 0x0924, 0x0924, 
    0x0924, 0x0924, 0x0924, 0x0924, 0x0924, 0x0924, 0x0924, 0x0924, 0x0924, 0x0924, 0x0924, 0x0924, 
    0x0924, 0x0924, 0x0924, 0x0924, 0x0924, 0x0924, 0x0924, 0x0924, 0x0924, 0x0924, 0x0924, 0x0924, 
    0x0924, 0x0924, 0x0924, 0x0924, 0x0924, 0x0924, 0x0924, 0x0924, 0x0924, 0x0924, 0x0924, 0x0924, 
    0x0924, 0x0924, 0x0924, 0x0924, 0x0924, 0x0924, 0x0924, 0x0924, 0x0924, 0x0924, 0x0924, 0x0924, 
    0x0924, 0x0924, 0xF800, 0xF000, 0xF800, 0xF800, 0xF800, 0xF800, 0xE800, 0xE800, 0xF800, 0xF800, 
    0xF800, 0xB820, 0x6082, 0x50A2, 0x0904, 0xB820, 0xF800, 0xF800, 0xF800, 0xF800, 0xF800, 0xF800, 
    0xF800, 0xF800, 0xF800, 0xF800, 0xF800, 0xF800, 0xF800, 0xF800, 0xF800, 0xF800, 0xF800, 0xF800, 
    0xF800, 0xF800, 0xF800, 0xF800, 0xF800, 0xF800, 0xF800, 0xF800, 0xF800, 0xF800, 0xF800, 0xF800, 
    0xF800, 0xF800, 0xF800, 0xF800, 0xF800, 0xF800, 0xF800, 0x0904, 0x0924, 0x0924, 0x1104, 0x6082, 
    0x5882, 0xF800, 0xF800, 0xF800, 0xE800, 0xF000, 0xF800, 0xF800, 0xF000, 0xF000, 0x0924, 0x0924, 
    0x0924, 0x0924, 0x0924, 0x0924, 0x0924, 0x0924, 0x0924, 0x0924, 0x0924, 0x0924, 0x0924, 0x0924, 
    0x0924, 0x0924, 0x0924, 0x0924, 0x0924, 0x0924, 0x0924, 0x0924, 0x0924, 0x0924, 0x0924, 0x0924, 
    0x0924, 0x0924, 0x0924, 0x0924, 0x0924, 0x0924, 0x0924, 0x0924, 0x0924, 0x0924, 0x0924, 0x0924, 
    0x0924, 0x0924, 0x0924, 0x0924, 0x0924, 0x0924, 0x0924, 0x0924, 0x0924, 0x0924, 0x0924, 0x0924, 
    0x0924, 0xA041, 0xF800, 0xF800, 0xF800, 0xF800, 0xF800, 0xF800, 0xF800, 0xF800, 0xF800, 0xF000, 
    0xF000, 0xF800, 0xF800, 0xF800, 0x8061, 0xE800, 0xF800, 0xF800, 0xF800, 0xF800, 0xF800, 0xF800, 
    0xF800, 0xF800, 0xF800, 0xF800, 0xF800, 0xF800, 0xF800, 0xF800, 0xF800, 0xF800, 0xF800, 0xF800, 
    0xF800, 0xF800, 0xF800, 0xF800, 0xF800, 0xF800, 0xF800, 0xF800, 0xF800, 0xF800, 0xF800, 0xF800, 
    0xF800, 0xF800, 0xF800, 0xF800, 0xF800, 0xF800, 0x0924, 0x0924, 0x0924, 0x9041, 0xC820, 0xF800, 
    0xF800, 0xF800, 0xF000, 0xF000, 0xF800, 0xF800, 0xF800, 0xF800, 0xE800, 0xF800, 0x0924, 0x0924, 
    0x0924, 0x0924, 0x0924, 0x0924, 0x0924, 0x0924, 0x0924, 0x0924, 0x0924, 0x0924, 0x0924, 0x0924, 
    0x0924, 0x0924, 0x0924, 0x0924, 0x0924, 0x0924, 0x0924, 0x0924, 0x0924, 0x0924, 0x0924, 0x0924, 
    0x0924, 0x0924, 0x0924, 0x0924, 0x0924, 0x0924, 0x0924, 0x0924, 0x0924, 0x0924, 0x0924, 0x0924, 
    0x0924, 0x0924, 0x0924, 0x0924, 0x0924, 0x0924, 0x0924, 0x0924, 0x0924, 0x0924, 0x0924, 0x0924, 
    0x0924, 0xF800, 0xF000, 0xF800, 0xF800, 0xF800, 0xF800, 0xF800, 0xF800, 0xF800, 0xF800, 0xF800, 
    0xF800, 0xF800, 0xF000, 0xF000, 0xF800, 0xF800, 0xF800, 0xF800, 0xF800, 0xF800, 0xF800, 0xF800, 
    0xF800, 0xF800, 0xF800, 0xF800, 0xF800, 0xF800, 0xF800, 0xF800, 0xF800, 0xF800, 0xF800, 0xF800, 
    0xF800, 0xF800, 0xF800, 0xF800, 0xF800, 0xF800, 0xF800, 0xF800, 0xF800, 0xF800, 0xF800, 0xF800, 
    0xF800, 0xF800, 0xF800, 0xF800, 0xF800, 0x0924, 0x9841, 0xC820, 0xE000, 0xF800, 0xF800, 0xF000, 
    0xF000, 0xF800, 0xF800, 0xF800, 0xF800, 0xF800, 0xF800, 0xF800, 0xF800, 0xF800, 0xE000, 0x0924, 
    0x0924, 0x0924, 0x0924, 0x0924, 0x0924, 0x0924, 0x0924, 0x0924, 0x0924, 0x0924, 0x0924, 0x0924, 
    0x0924, 0x0924, 0x0924, 0x0924, 0x0924, 0x0924, 0x0924, 0x0924, 0x0924, 0x0924, 0x0924, 0x0924, 
    0x0924, 0x0924, 0x0924, 0x0924, 0x0924, 0x0924, 0x0924, 0x0924, 0x0924, 0x0924, 0x0924, 0x0924, 
    0x0924, 0x0924, 0x0924, 0x0924, 0x0924, 0x0924, 0x0924, 0x0924, 0x0924, 0x0924, 0x0924, 0x0924, 
    0x0924, 0x0924, 0x0924, 0x1104, 0xC020, 0xE800, 0xF800, 0xF800, 0xF800, 0xF000, 0xF000, 0xF800, 
    0xF800, 0xF800, 0xF800, 0xF800, 0xF800, 0xF800, 0xF800, 0xF800, 0xF800, 0xF800, 0xF800, 0xF800, 
    0xF800, 0xF800, 0xF800, 0xF800, 0xF800, 0xF800, 0xF800, 0xF800, 0xF800, 0xF800, 0xF800, 0xF800, 
    0xF800, 0xF800, 0xF800, 0xF800, 0xF800, 0xF800, 0xF800, 0xF800, 0xF800, 0xF800, 0xF800, 0xF800, 
    0xF800, 0xF800, 0xF800, 0xF800, 0xF800, 0xE000, 0xF800, 0xF800, 0xF800, 0xF800, 0xF800, 0xF800, 
    0xF800, 0xF800, 0xF800, 0xF800, 0xF000, 0xF000, 0xF800, 0xF800, 0xE000, 0xB820, 0xD020, 0x0924, 
    0x0924, 0x0924, 0x0924, 0x0924, 0x0924, 0x0924, 0x0924, 0x0924, 0x0924, 0x0924, 0x0924, 0x0924, 
    0x0924, 0x0924, 0x0924, 0x0924, 0x0924, 0x0924, 0x0924, 0x0924, 0x0924, 0x0924, 0x0924, 0x0924, 
    0x0924, 0x0924, 0x0924, 0x0924, 0x0924, 0x0924, 0x0924, 0x0924, 0x0924, 0x0924, 0x0924, 0x0924, 
    0x0924, 0x0924, 0x0924, 0x0924, 0x0924, 0x0924, 0x0924, 0x0924, 0x0924, 0x0924, 0x0924, 0x0924, 
    0x0924, 0x0924, 0x0924, 0x0924, 0x0924, 0x20E3, 0x9061, 0x8861, 0xF800, 0xF800, 0xF800, 0xF000, 
    0xF000, 0xF800, 0xF800, 0xF800, 0xF800, 0xF800, 0xF800, 0xF800, 0xF800, 0xF800, 0xF800, 0xF800, 
    0xF800, 0xF800, 0xF800, 0xF800, 0xF800, 0xF800, 0xF800, 0xF800, 0xF800, 0xF800, 0xF800, 0xF800, 
    0xF800, 0xF800, 0xF800, 0xF800, 0xF800, 0xF800, 0xF800, 0xF800, 0xF800, 0xF800, 0xF800, 0xF800, 
    0xF800, 0xF800, 0xF800, 0xF800, 0xF800, 0xF800, 0xF800, 0xF800, 0xF800, 0xF800, 0xF800, 0xF800, 
    0xF800, 0xF000, 0xF000, 0xF000, 0xF800, 0xF800, 0xD800, 0x9061, 0x0904, 0x0924, 0x0924, 0x0924, 
    0x0924, 0x0924, 0x0924, 0x0924, 0x0924, 0x0924, 0x0924, 0x0924, 0x0924, 0x0924, 0x0924, 0x0924, 
    0x0924, 0x0924, 0x0924, 0x0924, 0x0924, 0x0924, 0x0924, 0x0924, 0x0924, 0x0924, 0x0924, 0x0924, 
    0x0924, 0x0924, 0x0924, 0x0924, 0x0924, 0x0924, 0x0924, 0x0924, 0x0924, 0x0924, 0x0924, 0x0924, 
    0x0924, 0x0924, 0x0924, 0x0924, 0x0924, 0x0924, 0x0924, 0x0924, 0x0924, 0x0924, 0x0924, 0x0924, 
    0x0924, 0x0924, 0x0924, 0x0924, 0x0924, 0x0924, 0x0924, 0x0924, 0x48A2, 0x6082, 0x7861, 0xF800, 
    0xF800, 0xF800, 0xE800, 0xF800, 0xF800, 0xF800, 0xF800, 0xF800, 0xF800, 0xF800, 0xF800, 0xF800, 
    0xF800, 0xF800, 0xF800, 0xF800, 0xF800, 0xF800, 0xF800, 0xF800, 0xF800, 0xF800, 0xF800, 0xF800, 
    0xF800, 0xF800, 0xF800, 0xF800, 0xF800, 0xF800, 0xF800, 0xF800, 0xF800, 0xF800, 0xF800, 0xF800, 
    0xF800, 0xF800, 0xF800, 0xF800, 0xF800, 0xF800, 0xF800, 0xF800, 0xF800, 0xF800, 0xF800, 0xF000, 
    0xE800, 0xF800, 0xF800, 0xF800, 0x5882, 0x6082, 0x18E3, 0x0924, 0x0924, 0x0924, 0x0924, 0x0924, 
    0x0924, 0x0924, 0x0924, 0x0924, 0x0924, 0x0924, 0x0924, 0x0924, 0x0924, 0x0924, 0x0924, 0x0924, 
    0x0924, 0x0924, 0x0924, 0x0924, 0x0924, 0x0924, 0x0924, 0x0924, 0x0924, 0x0924, 0x0924, 0x0924, 
    0x0924, 0x0924, 0x0924, 0x0924, 0x0924, 0x0924, 0x0924, 0x0924, 0x0924, 0x0924, 0x0924, 0x0924, 
    0x0924, 0x0924, 0x0924, 0x0924, 0x0924, 0x0924, 0x0924, 0x0924, 0x0924, 0x0924, 0x0924, 0x0924, 
    0x0924, 0x0924, 0x0924, 0x0924, 0x0924, 0x0924, 0x0924, 0x0924, 0x0924, 0x0924, 0x0924, 0x40A2, 
    0x38C3, 0xA041, 0xF800, 0xF800, 0xE800, 0xE800, 0xF800, 0xF800, 0xF800, 0xF800, 0xF800, 0xF800, 
    0xF800, 0xF800, 0xF800, 0xF800, 0xF800, 0xF800, 0xF800, 0xF800, 0xF800, 0xF800, 0xF800, 0xF800, 
    0xF800, 0xF800, 0xF800, 0xF800, 0xF800, 0xF800, 0xF800, 0xF800, 0xF800, 0xF800, 0xF800, 0xF800, 
    0xF800, 0xF800, 0xF800, 0xF800, 0xF800, 0xF800, 0xF800, 0xF800, 0xF800, 0xE800, 0xE800, 0xF800, 
    0xF800, 0x5882, 0x40A2, 0x30C3, 0x0924, 0x0924, 0x0924, 0x0924, 0x0924, 0x0924, 0x0924, 0x0924, 
    0x0924, 0x0924, 0x0924, 0x0924, 0x0924, 0x0924, 0x0924, 0x0924, 0x0924, 0x0924, 0x0924, 0x0924, 
    0x0924, 0x0924, 0x0924, 0x0924, 0x0924, 0x0924, 0x0924, 0x0924, 0x0924, 0x0924, 0x0924, 0x0924, 
    0x0924, 0x0924, 0x0924, 0x0924, 0x0924, 0x0924, 0x0924, 0x0924, 0x0924, 0x0924, 0x0924, 0x0924, 
    0x0924, 0x0924, 0x0924, 0x0924, 0x0924, 0x0924, 0x0924, 0x0924, 0x0924, 0x0924, 0x0924, 0x0924, 
    0x0924, 0x0924, 0x0924, 0x0924, 0x0924, 0x0924, 0x0924, 0x0924, 0x0924, 0x0924, 0x0924, 0x0924, 
    0x0924, 0x0904, 0x20E3, 0xC820, 0xF800, 0xF800, 0xE800, 0xE800, 0xF000, 0xF800, 0xF800, 0xF800, 
    0xF800, 0xF800, 0xF800, 0xF800, 0xF800, 0xF800, 0xF800, 0xF800, 0xF800, 0xF800, 0xF800, 0xF800, 
    0xF800, 0xF800, 0xF800, 0xF800, 0xF800, 0xF800, 0xF800, 0xF800, 0xF800, 0xF800, 0xF800, 0xF800, 
    0xF800, 0xF800, 0xF800, 0xF800, 0xF800, 0xF800, 0xE800, 0xE800, 0xF800, 0xF800, 0xF800, 0x6082, 
    0x20E3, 0x0924, 0x0924, 0x0924, 0x0924, 0x0924, 0x0924, 0x0924, 0x0924, 0x0924, 0x0924, 0x0924, 
    0x0924, 0x0924, 0x0924, 0x0924, 0x0924, 0x0924, 0x0924, 0x0924, 0x0924, 0x0924, 0x0924, 0x0924, 
    0x0924, 0x0924, 0x0924, 0x0924, 0x0924, 0x0924, 0x0924, 0x0924, 0x0924, 0x0924, 0x0924, 0x0924, 
    0x0924, 0x0924, 0x0924, 0x0924, 0x0924, 0x0924, 0x0924, 0x0924, 0x0924, 0x0924, 0x0924, 0x0924, 
    0x0924, 0x0924, 0x0924, 0x0924, 0x0924, 0x0924, 0x0924, 0x0924, 0x0924, 0x0924, 0x0924, 0x0924, 
    0x0924, 0x0924, 0x0924, 0x0924, 0x0924, 0x0924, 0x0924, 0x0924, 0x0924, 0x0924, 0x0924, 0x0924, 
    0x0924, 0x0924, 0x0924, 0x0904, 0x10E3, 0x10E3, 0xF800, 0xF800, 0xF800, 0xF000, 0xF800, 0xF800, 
    0xF800, 0xF800, 0xF800, 0xF800, 0xF800, 0xF800, 0xF800, 0xF800, 0xF800, 0xF800, 0xF800, 0xF800, 
    0xF800, 0xF800, 0xF800, 0xF800, 0xF800, 0xF800, 0xF800, 0xF800, 0xF800, 0xF800, 0xF800, 0xF800, 
    0xF800, 0xF800, 0xF800, 0xF800, 0xF000, 0xF000, 0xF800, 0xF800, 0xB820, 0x1104, 0x18E3, 0x0924, 
    0x0924, 0x0924, 0x0924, 0x0924, 0x0924, 0x0924, 0x0924, 0x0924, 0x0924, 0x0924, 0x0924, 0x0924, 
    0x0924, 0x0924, 0x0924, 0x0924, 0x0924, 0x0924, 0x0924, 0x0924, 0x0924, 0x0924, 0x0924, 0x0924, 
    0x0924, 0x0924, 0x0924, 0x0924, 0x0924, 0x0924, 0x0924, 0x0924, 0x0924, 0x0924, 0x0924, 0x0924, 
    0x0924, 0x0924, 0x0924, 0x0924, 0x0924, 0x0924, 0x0924, 0x0924, 0x0924, 0x0924, 0x0924, 0x0924, 
    0x0924, 0x0924, 0x0924, 0x0924, 0x0924, 0x0924, 0x0924, 0x0924, 0x0924, 0x0924, 0x0924, 0x0924, 
    0x0924, 0x0924, 0x0924, 0x0924, 0x0924, 0x0924, 0x0924, 0x0924, 0x0924, 0x0924, 0x0924, 0x0924, 
    0x0924, 0x0924, 0x0924, 0x0924, 0x0924, 0x0924, 0x0904, 0x0904, 0x20E3, 0xF800, 0xF800, 0xF800, 
    0xF800, 0xF800, 0xF800, 0xF800, 0xF800, 0xF800, 0xF800, 0xF800, 0xF800, 0xF800, 0xF800, 0xF800, 
    0xF800, 0xF800, 0xF800, 0xF800, 0xF800, 0xF800, 0xF800, 0xF800, 0xF800, 0xF800, 0xF800, 0xF800, 
    0xF800, 0xF800, 0xF800, 0xF800, 0xF800, 0xF800, 0x0904, 0x0904, 0x0924, 0x0924, 0x0924, 0x0924, 
    0x0924, 0x0924, 0x0924, 0x0924, 0x0924, 0x0924, 0x0924, 0x0924, 0x0924, 0x0924, 0x0924, 0x0924, 
    0x0924, 0x0924, 0x0924, 0x0924, 0x0924, 0x0924, 0x0924, 0x0924, 0x0924, 0x0924, 0x0924, 0x0924, 
    0x0924, 0x0924, 0x0924, 0x0924, 0x0924, 0x0924, 0x0924, 0x0924, 0x0924, 0x0924, 0x0924, 0x0924, 
    0x0924, 0x0924, 0x0924, 0x0924, 0x0924, 0x0924, 0x0924, 0x0924, 0x0924, 0x0924, 0x0924, 0x0924, 
    0x0924, 0x0924, 0x0924, 0x0924, 0x0924, 0x0924, 0x0924, 0x0924, 0x0924, 0x0924, 0x0924, 0x0924, 
    0x0924, 0x0924, 0x0924, 0x0924, 0x0924, 0x0924, 0x0924, 0x0924, 0x0924, 0x0924, 0x0924, 0x0924, 
    0x0924, 0x0924, 0x0924, 0x0924, 0x0924, 0x0924, 0x0924, 0x0924, 0x0924, 0x0924, 0x38C3, 0xF800, 
    0xF800, 0xF800, 0xF800, 0xF800, 0xF800, 0xF800, 0xF800, 0xF800, 0xF800, 0xF800, 0xF800, 0xF800, 
    0xF800, 0xF800, 0xF800, 0xF800, 0xF800, 0xF800, 0xF800, 0xF800, 0xF800, 0xF800, 0xF800, 0xF800, 
    0xF800, 0xF800, 0xF800, 0xF800, 0x1104, 0x0924, 0x0924, 0x0924, 0x0924, 0x0924, 0x0924, 0x0924, 
    0x0924, 0x0924, 0x0924, 0x0924, 0x0924, 0x0924, 0x0924, 0x0924, 0x0924, 0x0924, 0x0924, 0x0924, 
    0x0924, 0x0924, 0x0924, 0x0924, 0x0924, 0x0924, 0x0924, 0x0924, 0x0924, 0x0924, 0x0924, 0x0924, 
    0x0924, 0x0924, 0x0924, 0x0924, 0x0924, 0x0924, 0x0924, 0x0924, 0x0924, 0x0924, 0x0924, 0x0924, 
    0x0924, 0x0924, 0x0924, 0x0924, 0x0924, 0x0924, 0x0924, 0x0924, 0x0924, 0x0924, 0x0924, 0x0924, 
    0x0924, 0x0924, 0x0924, 0x0924, 0x0924, 0x0924, 0x0924, 0x0924, 0x0924, 0x0924, 0x0924, 0x0924, 
    0x0924, 0x0924, 0x0924, 0x0924, 0x0924, 0x0924, 0x0924, 0x0924, 0x0924, 0x0924, 0x0924, 0x0924, 
    0x0924, 0x0924, 0x0924, 0x0924, 0x0924, 0x0924, 0x0924, 0x0924, 0x0924, 0x0924, 0x0924, 0x0924, 
    0x0924, 0x9041, 0xF000, 0xF000, 0xF800, 0xF800, 0xF800, 0xF800, 0xF800, 0xF800, 0xF800, 0xF800, 
    0xF800, 0xF800, 0xF800, 0xF800, 0xF800, 0xF800, 0xF800, 0xF800, 0xF800, 0xF800, 0xF800, 0xF800, 
    0xF000, 0x28C3, 0x0924, 0x0924, 0x0924, 0x0924, 0x0924, 0x0924, 0x0924, 0x0924, 0x0924, 0x0924, 
    0x0924, 0x0924, 0x0924, 0x0924, 0x0924, 0x0924, 0x0924, 0x0924, 0x0924, 0x0924, 0x0924, 0x0924, 
    0x0924, 0x0924, 0x0924, 0x0924, 0x0924, 0x0924, 0x0924, 0x0924, 0x0924, 0x0924, 0x0924, 0x0924, 
    0x0924, 0x0924, 0x0924, 0x0924, 0x0924, 0x0924, 0x0924, 0x0924, 0x0924, 0x0924, 0x0924, 0x0924, 
    0x0924, 0x0924, 0x0924, 0x0924, 0x0924, 0x0924, 0x0924, 0x0924, 0x0924, 0x0924, 0x0924, 0x0924, 
    0x0924, 0x0924, 0x0924, 0x0924, 0x0924, 0x0924, 0x0924, 0x0924, 0x0924, 0x0924, 0x0924, 0x0924, 
    0x0924, 0x0924, 0x0924, 0x0924, 0x0924, 0x0924, 0x0924, 0x0924, 0x0924, 0x0924, 0x0924, 0x0924, 
    0x0924, 0x0924, 0x0924, 0x0924, 0x0924, 0x0924, 0x0924, 0x0924, 0x0924, 0x0924, 0x0924, 0x0924, 
    0x0924, 0x0924, 0x0924, 0x0924, 0xC020, 0xB820, 0xE000, 0xF800, 0xF800, 0xF000, 0xF000, 0xF800, 
    0xF000, 0xF800, 0xF800, 0xF800, 0xF800, 0xF000, 0xF800, 0xF800, 0xF800, 0xB820, 0xC020, 0x50A2, 
    0x0924, 0x0924, 0x0924, 0x0924, 0x0924, 0x0924, 0x0924, 0x0924, 0x0924, 0x0924, 0x0924, 0x0924, 
    0x0924, 0x0924, 0x0924, 0x0924, 0x0924, 0x0924, 0x0924, 0x0924, 0x0924, 0x0924, 0x0924, 0x0924, 
    0x0924, 0x0924, 0x0924, 0x0924, 0x0924, 0x0924, 0x0924, 0x0924, 0x0924, 0x0924, 0x0924, 0x0924, 
    0x0924, 0x0924, 0x0924, 0x0924, 0x0924, 0x0924, 0x0924, 0x0924, 0x0924, 0x0924, 0x0924, 0x0924, 
    0x0924, 0x0924, 0x0924, 0x0924, 0x0924, 0x0924, 0x0924, 0x0924, 0x0924, 0x0924, 0x0924, 0x0924, 
    0x0924, 0x0924, 0x0924, 0x0924, 0x0924, 0x0924, 0x0924, 0x0924, 0x0924, 0x0924, 0x0924, 0x0924, 
    0x0924, 0x0924, 0x0924, 0x0924, 0x0924, 0x0924, 0x0924, 0x0924, 0x0924, 0x0924, 0x0924, 0x0924, 
    0x0924, 0x0924, 0x0924, 0x0924, 0x0924, 0x0924, 0x0924, 0x0924, 0x0924, 0x0924, 0x0924, 0x0924, 
    0x0924, 0x0924, 0x0924, 0x0924, 0x0924, 0x0924, 0x0904, 0x9061, 0xD800, 0xF800, 0xF800, 0xF800, 
    0xF800, 0xF800, 0xF000, 0xF000, 0xF800, 0xF800, 0xB041, 0x9061, 0x8861, 0x0924, 0x0924, 0x0924, 
    0x0924, 0x0924, 0x0924, 0x0924, 0x0924, 0x0924, 0x0924, 0x0924, 0x0924, 0x0924, 0x0924, 0x0924, 
    0x0924, 0x0924, 0x0924, 0x0924, 0x0924, 0x0924, 0x0924, 0x0924, 0x0924, 0x0924, 0x0924, 0x0924, 
    0x0924, 0x0924, 0x0924, 0x0924, 0x0924, 0x0924, 0x0924, 0x0924, 0x0924, 0x0924, 0x0924, 0x0924, 
    0x0924, 0x0924, 0x0924, 0x0924, 0x0924, 0x0924, 0x0924, 0x0924, 0x0924, 0x0924, 0x0924, 0x0924, 
    0x0924, 0x0924, 0x0924, 0x0924, 0x0924, 0x0924, 0x0924, 0x0924, 0x0924, 0x0924, 0x0924, 0x0924, 
    0x0924, 0x0924, 0x0924, 0x0924, 0x0924, 0x0924, 0x0924, 0x0924, 0x0924, 0x0924, 0x0924, 0x0924, 
    0x0924, 0x0924, 0x0924, 0x0924, 0x0924, 0x0924, 0x0924, 0x0924, 0x0924, 0x0924, 0x0924, 0x0924, 
    0x0924, 0x0924, 0x0924, 0x0924, 0x0924, 0x0924, 0x0924, 0x0924, 0x0924, 0x0924, 0x0924, 0x0924, 
    0x0924, 0x0924, 0x0924, 0x0924, 0x0924, 0x0924, 0x0924, 0x0924, 0x18E3, 0x6082, 0x5882, 0xF800, 
    0x7082, 0xF800, 0xF800, 0xF800, 0xB041, 0x6082, 0x0924, 0x0924, 0x0924, 0x0924, 0x0924, 0x0924, 
    0x0924, 0x0924, 0x0924, 0x0924, 0x0924, 0x0924, 0x0924, 0x0924, 0x0924, 0x0924, 0x0924, 0x0924, 
    0x0924, 0x0924, 0x0924, 0x0924, 0x0924, 0x0924, 0x0924, 0x0924, 0x0924, 0x0924, 0x0924, 0x0924, 
    0x0924, 0x0924, 0x0924, 0x0924, 0x0924, 0x0924, 0x0924, 0x0924, 0x0924, 0x0924, 0x0924, 0x0924, 
    0x0924, 0x0924, 0x0924, 0x0924, 0x0924, 0x0924, 0x0924, 0x0924, 0x0924, 0x0924, 0x0924, 0x0924, 
    0x0924, 0x0924, 0x0924, 0x0924, 0x0924, 0x0924, 0x0924, 0x0924, 0x0924, 0x0924, 0x0924, 0x0924, 
    0x0924, 0x0924, 0x0924, 0x0924, 0x0924, 0x0924, 0x0924, 0x0924, 0x0924, 0x0924, 0x0924, 0x0924, 
    0x0924, 0x0924, 0x0924, 0x0924, 0x0924, 0x0924, 0x0924, 0x0924, 0x0924, 0x0924, 0x0924, 0x0924, 
    0x0924, 0x0924, 0x0924, 0x0924, 0x0924, 0x0924, 0x0924, 0x0924, 0x0924, 0x0924, 0x0924, 0x0924, 
    0x0924, 0x0924, 0x0924, 0x0924, 0x0924, 0x0924, 0x0924, 0x0924, 0x0924, 0x0924, 0x0924, 0x28C3, 
    0x0924, 0xF800, 0x38C3, 0x40A2, 0x0904, 0x0924, 0x0924, 0x0924, 0x0924, 0x0924, 0x0924, 0x0924, 
    0x0924, 0x0924, 0x0924, 0x0924, 0x0924, 0x0924, 0x0924, 0x0924, 0x0924, 0x0924, 0x0924, 0x0924, 
    0x0924, 0x0924, 0x0924, 0x0924, 0x0924, 0x0924, 0x0924, 0x0924, 0x0924, 0x0924, 0x0924, 0x0924, 
    0x0924, 0x0924, 0x0924, 0x0924, 0x0924, 0x0924, 0x0924, 0x0924, 0x0924, 0x0924, 0x0924, 0x0924, 
    0x0924, 0x0924, 0x0924, 0x0924, 0x0924, 0x0924, 0x0924, 0x0924, 0x0924, 0x0924, 0x0924, 0x0924, 
    0x0924, 0x0924, 0x0924, 0x0924, 0x0924, 0x0924, 0x0924, 0x0924, 0x0924, 0x0924, 0x0924, 0x0924, 
    0x0924, 0x0924, 0x0924, 0x0924, 0x0924, 0x0924, 0x0924, 0x0924, 0x0924, 0x0924, 0x0924, 0x0924, 
    0x0924, 0x0924, 0x0924, 0x0924, 0x0924, 0x0924, 0x0924, 0x0924, 0x0924, 0x0924, 0x0924, 0x0924, 
    0x0924, 0x0924, 0x0924, 0x0924, 0x0924, 0x0924, 0x0924, 0x0924, 0x0924, 0x0924, 0x0924, 0x0924, 
    0x0924, 0x0924, 0x0924, 0x0924, 0x0924, 0x0924, 0x0924, 0x0924, 0x0924, 0x0924, 0x0924, 0x0924, 
    0x0924, 0x18E3, 0x0924, 0x0924, 0x0924, 0x0924, 0x0924, 0x0924, 0x0924, 0x0924, 0x0924, 0x0924, 
    0x0924, 0x0924, 0x0924, 0x0924, 0x0924, 0x0924, 0x0924, 0x0924, 0x0924, 0x0924, 0x0924, 0x0924, 
    0x0924, 0x0924, 0x0924, 0x0924, 0x0924, 0x0924, 0x0924, 0x0924, 0x0924, 0x0924, 0x0924, 0x0924, 
    0x0924, 0x0924, 0x0924, 0x0924, 0x0924, 0x0924, 0x0924, 0x0924, 0x0924, 0x0924, 0x0924, 0x0924, 
    0x0924, 0x0924, 0x0924, 0x0924, 0x0924, 0x0924, 0x0924, 0x0924, 0x0924, 0x0924, 0x0924, 0x0924, 
    0x0924, 0x0924, 0x0924, 0x0924, 0x0924, 0x0924, 0x0924, 0x0924, 0x0924, 0x0924, 0x0924, 0x0924, 
    0x0924, 0x0924, 0x0924, 0x0924, 0x0924, 0x0924, 0x0924, 0x0924, 0x0924, 0x0924, 0x0924, 0x0924, 
    0x0924, 0x0924, 0x0924, 0x0924, 0x0924, 0x0924, 0x0924, 0x0924, 0x0924, 0x0924, 0x0924, 0x0924, 
    0x0924, 0x0924, 0x0924, 0x0924, 0x0924, 0x0924, 0x0924, 0x0924, 0x0924, 0x0924, 0x0924, 0x0924, 
    0x0924, 0x0924, 0x0924, 0x0924, 0x0924, 0x0924, 0x0924, 0x0924, 0x0924, 0x0924, 0x0924, 0x0924, 
    0x0924, 0x0924, 0x0924, 0x0924, 0x0924, 0x0924, 0x0924, 0x0924, 0x0924, 0x0924, 0x0924, 0x0924, 
    0x0924, 0x0924, 0x0924, 0x0924, 0x0924, 0x0924, 0x0924, 0x0924, 0x0924, 0x0924, 0x0924, 0x0924, 
    0x0924, 0x0924, 0x0924, 0x0924, 0x0924, 0x0924, 0x0924, 0x0924, 0x0924, 0x0924, 0x0924, 0x0924, 
    0x0924, 0x0924, 0x0924, 0x0924, 0x0924, 0x0924, 0x0924, 0x0924, 0x0924, 0x0924, 0x0924, 0x0924, 
    0x0924, 0x0924, 0x0924, 0x0924, 0x0924, 0x0924, 0x0924, 0x0924, 0x0924, 0x0924, 0x0924, 0x0924, 
    0x0924, 0x0924, 0x0924, 0x0924, 0x0924, 0x0924, 0x0924, 0x0924, 0x0924, 0x0924, 0x0924, 0x0924, 
    0x0924, 0x0924, 0x0924, 0x0924, 0x0924, 0x0924, 0x0924, 0x0924, 0x0924, 0x0924, 0x0924, 0x0924, 
    0x0924, 0x0924, 0x0924, 0x0924, 0x0924, 0x0924, 0x0924, 0x0924, 0x0924, 0x0924, 0x0924, 0x0924, 
    0x0924, 0x0924, 0x0924, 0x0924, 0x0924, 0x0924, 0x0924, 0x0924, 0x0924, 0x0924, 0x0924, 0x0924, 
    0x0924, 0x0924, 0x0924, 0x0924, 0x0924, 0x0924, 0x0924, 0x0924, 0x0924, 0x0924, 0x0924, 0x0924, 
    0x0924, 0x0924, 0x0924, 0x0924, 0x0924, 0x0924, 0x0924, 0x0924, 0x0924, 0x0924, 0x0924, 0x0924, 
    0x0924, 0x0924, 0x0924, 0x0924, 0x0924, 0x0924, 0x0924, 0x0924, 0x0924, 0x0924, 0x0924, 0x0924, 
    0x0924, 0x0924, 0x0924, 0x0924, 0x0924, 0x0924, 0x0924, 0x0924, 0x0924, 0x0924, 0x0924, 0x0924, 
    0x0924, 0x0924, 0x0924, 0x0924, 0x0924, 0x0924, 0x0924, 0x0924, 0x0924, 0x0924, 0x0924, 0x0924, 
    0x0924, 0x0924, 0x0924, 0x0924, 0x0924, 0x0924, 0x0924, 0x0924, 0x0924, 0x0924, 0x0924, 0x0924, 
    0x0924, 0x0924, 0x0924, 0x0924, 0x0924, 0x0924, 0x0924, 0x0924, 0x0924, 0x0924, 0x0924, 0x0924, 
    0x0924, 0x0924, 0x0924, 0x0924, 0x0924, 0x0924, 0x0924, 0x0924, 0x0924, 0x0924, 0x0924, 0x0924, 
    0x0924, 0x0924, 0x0924, 0x0924, 0x0924, 0x0924, 0x0924, 0x0924, 0x0924, 0x0924, 0x0924, 0x0924, 
    0x0924, 0x0924, 0x0924, 0x0924, 0x0924, 0x0924, 0x0924, 0x0924, 0x0924, 0x0924, 0x0924, 0x0924, 
    0x0924, 0x0924, 0x0924, 0x0924, 0x0924, 0x0924, 0x0924, 0x0924, 0x0924, 0x0924, 0x0924, 0x0924, 
    0x0924, 0x0924, 0x0924, 0x0924, 0x0924, 0x0924, 0x0924, 0x0924, 0x0924, 0x0924, 0x0924, 0x0924, 
    0x0924, 0x0924, 0x0924, 0x0924, 0x0924, 0x0924, 0x0924, 0x0924, 0x0924, 0x0924, 0x0924, 0x0924, 
    0x0924, 0x0924, 0x0924, 0x0924, 0x0924, 0x0924, 0x0924, 0x0924, 0x0924, 0x0924, 0x0924, 0x0924, 
    0x0924, 0x0924, 0x0924, 0x0924, 0x0924, 0x0924, 0x0924, 0x0924, 0x0924, 0x0924, 0x0924, 0x0924, 
    0x0924, 0x0924, 0x0924, 0x0924, 0x0924, 0x0924, 0x0924, 0x0924, 0x0924, 0x0924, 0x0924, 0x0924, 
    0x0924, 0x0924, 0x0924, 0x0924, 0x0924, 0x0924, 0x0924, 0x0924, 0x0924, 0x0924, 0x0924, 0x0924, 
    0x0924, 0x0924, 0x0924, 0x0924, 0x0924, 0x0924, 0x0924, 0x0924, 0x0924, 0x0924, 0x0924, 0x0924, 
    0x0924, 0x0924, 0x0924, 0x0924, 0x0924, 0x0924, 0x0924, 0x0924, 0x0924, 0x0924, 0x0924, 0x0924, 
    0x0924, 0x0924, 0x0924, 0x0924, 0x0924, 0x0924, 0x0924, 0x0924, 0x0924, 0x0924, 0x0924, 0x0924, 
    0x0924, 0x0924, 0x0924, 0x0924, 0x0924, 0x0924, 0x0924, 0x0924, 0x0924, 0x0924, 0x0924, 0x0924, 
    0x0924, 0x0924, 0x0924, 0x0924, 0x0924, 0x0924, 0x0924, 0x0924, 0x0924, 0x0924, 0x0924, 0x0924, 
    0x0924, 0x0924, 0x0924, 0x0924, 0x0924, 0x0924, 0x0924, 0x0924, 0x0924, 0x0924, 0x0924, 0x0924, 
    0x0924, 0x0924, 0x0924, 0x0924, 0x0924, 0x0924, 0x0924, 0x0924, 0x0924, 0x0924, 0x0924, 0x0924, 
    0x0924, 0x0924, 0x0924, 0x0924, 0x0924, 0x0924, 0x0924, 0x0924, 0x0924, 0x0924, 0x0924, 0x0924, 
    0x0924, 0x0924, 0x0924, 0x0924, 0x0924, 0x0924, 0x0924, 0x0924, 0x0924, 0x0924, 0x0924, 0x0924, 
    0x0924, 0x0924, 0x0924, 0x0924, 0x0924, 0x0924, 0x0924, 0x0924, 0x0924, 0x0924, 0x0924, 0x0924, 
    0x0924, 0x0924, 0x0924, 0x0924, 0x0924, 0x0924, 0x0924, 0x0924, 0x0924, 0x0924, 0x0924, 0x0924, 
    0x0924, 0x0924, 0x0924, 0x0924, 0x0924, 0x0924, 0x0924, 0x0924, 0x0924, 0x0924, 0x0924, 0x0924, 
    0x0924, 0x0924, 0x0924, 0x0924, 0x0924, 0x0924, 0x0924, 0x0924, 0x0924, 0x0924, 0x0924, 0x0924, 
    0x0924, 0x0924, 0x0924, 0x0924, 0x0924, 0x0924, 0x0924, 0x0924, 0x0924, 0x0924, 0x0924, 0x0924, 
    0x0924, 0x0924, 0x0924, 0x0924, 0x0924, 0x0924, 0x0924, 0x0924, 0x0924, 0x0924, 0x0924, 0x0924, 
    0x0924, 0x0924, 0x0924, 0x0924, 0x0924, 0x0924, 0x0924, 0x0924, 0x0924, 0x0924, 0x0924, 0x0924, 
    0x0924, 0x0924, 0x0924, 0x0924, 0x0924, 0x0924, 0x0924, 0x0924, 0x0924, 0x0924, 0x0924, 0x0924, 
    0x0924, 0x0924, 0x0924, 0x0924, 0x0924, 0x0924, 0x0924, 0x0924, 0x0924, 0x0924, 0x0924, 0x0924, 
    0x0924, 0x0924, 0x0924, 0x0924, 0x0924, 0x0924, 0x0924, 0x0924, 0x0924, 0x0924, 0x0924, 0x0924, 
    0x0924, 0x0924, 0x0924, 0x0924, 0x0924, 0x0924, 0x0924, 0x0924, 0x0924, 0x0924, 0x0924, 0x0924, 
    0x0924, 0x0924, 0x0924, 0x0924, 0x0924, 0x0924, 0x0924, 0x0924, 0x0924, 0x0924, 0x0924, 0x0924, 
    0x0924, 0x0924, 0x0924, 0x0924, 0x0924, 0x0924, 0x0924, 0x0924, 0x0924, 0x0924, 0x0924, 0x0924, 
    0x0924, 0x0924, 0x0924, 0x0924, 0x0924, 0x0924, 0x0924, 0x0924, 0x0924, 0x0924, 0x0924, 0x0924, 
    0x0924, 0x0924, 0x0924, 0x0924, 0x0924, 0x0924, 0x0924, 0x0924, 0x0924, 0x0924, 0x0924, 0x0924, 
    0x0924, 0x0924, 0x0924, 0x0924, 0x0924, 0x0924, 0x0924, 0x0924, 0x0924, 0x0924, 0x0924, 0x0924, 
    0x0924, 0x0924, 0x0924, 0x0924, 0x0924, 0x0924, 0x0924, 0x0924, 0x0924, 0x0924, 0x0924, 0x0924, 
    0x0924, 0x0924, 0x0924, 0x0924, 0x0924, 0x0924, 0x0924, 0x0924, 0x0924, 0x0924, 0x0924, 0x0924, 
    0x0924, 0x0924, 0x0924, 0x0924, 0x0924, 0x0924, 0x0924, 0x0924, 0x0924, 0x0924, 0x0924, 0x0924, 
    0x0924, 0x0924, 0x0924, 0x0924, 0x0924, 0x0924, 0x0924, 0x0924, 0x0924, 0x0924, 0x0924, 0x0924, 
    0x0924, 0x0924, 0x0924, 0x0924, 0x0924, 0x0924, 0x0924, 0x0924, 0x0924, 0x0924, 0x0924, 0x0924, 
    0x0924, 0x0924, 0x0924, 0x0924, 0x0924, 0x0924, 0x0924, 0x0924, 0x0924, 0x0924, 0x0924, 0x0924, 
    0x0924, 0x0924, 0x0924, 0x0924, 0x0924, 0x0924, 0x0924, 0x0924, 0x0924, 0x0924, 0x0924, 0x0924, 
    0x0924, 0x0924, 0x0924, 0x0924, 0x0924, 0x0924, 0x0924, 0x0924, 0x0924, 0x0924, 0x0924, 0x0924, 
    0x0924, 0x0924, 0x0924, 0x0924, 0x0924, 0x0924, 0x0924, 0x0924, 0x0924, 0x0924, 0x0924, 0x0924, 
    0x0924, 0x0924, 0x0924, 0x0924, 0x0924, 0x0924, 0x0924, 0x0924, 0x0924, 0x0924, 0x0924, 0x0924, 
    0x0924, 0x0924, 0x0924, 0x0924, 0x0924, 0x0924, 0x0924, 0x0924, 0x0924, 0x0924, 0x0924, 0x0924, 
    0x0924, 0x0924, 0x0924, 0x0924, 0x0924, 0x0924, 0x0924, 0x0924, 0x0924, 0x0924, 0x0924, 0x0924, 
    0x0924, 0x0924, 0x0924, 0x0924, 0x0924, 0x0924, 0x0924, 0x0924, 0x0924, 0x0924, 0x0924, 0x0924, 
    0x0924, 0x0924, 0x0924, 0x0924, 0x0924, 0x0924, 0x0924, 0x0924, 0x0924, 0x0924, 0x0924, 0x0924, 
    0x0924, 0x0924, 0x0924, 0x0924, 0x0924, 0x0924, 0x0924, 0x0924, 0x0924, 0x0924, 0x0924, 0x0924, 
    0x0924, 0x0924, 0x0924, 0x0924, 0x0924, 0x0924, 0x0924, 0x0924, 0x0924, 0x0924, 0x0924, 0x0924, 
    0x0924, 0x0924, 0x0924, 0x0924, 0x0924, 0x0924, 0x0924, 0x0924, 0x0924, 0x0924, 0x0924, 0x0924, 
    0x0924, 0x0924, 0x0924, 0x0924, 0x0924, 0x0924, 0x0924, 0x0924, 0x0924, 0x0924, 0x0924, 0x0924, 
    0x0924, 0x0924, 0x0924, 0x0924, 0x0924, 0x0924, 0x0924, 0x0924, 0x0924, 0x0924, 0x0924, 0x0924, 
    0x0924, 0x0924, 0x0924, 0x0924, 0x0924, 0x0924, 0x0924, 0x0924, 0x0924, 0x0924, 0x0924, 0x0924, 
    0x0924, 0x0924, 0x0924, 0x0924, 0x0924, 0x0924, 0x0924, 0x0924, 0x0924, 0x0924, 0x0924, 0x0924, 
    0x0924, 0x0924, 0x0924, 0x0924, 0x0924, 0x0924, 0x0924, 0x0924, 0x0924, 0x0924, 0x0924, 0x0924, 
    0x0924, 0x0924, 0x0924, 0x0924, 0x0924, 0x0924, 0x0924, 0x0924, 0x0924, 0x0924, 0x0924, 0x0924, 
    0x0924, 0x0924, 0x0924, 0x0924, 0x0924, 0x0924, 0x0924, 0x0924, 0x0924, 0x0924, 0x0924, 0x0924, 
    0x0924, 0x0924, 0x0924, 0x0924, 0x0924, 0x0924, 0x0924, 0x0924, 0x0924, 0x0924, 0x0924, 0x0924, 
    0x0924, 0x0924, 0x0924, 0x0924, 0x0924, 0x0924, 0x0924, 0x0924, 0x0924, 0x0924, 0x0924, 0x0924, 
    0x0924, 0x0924, 0x0924, 0x0924, 0x0924, 0x0924, 0x0924, 0x0924, 0x0924, 0x0924, 0x0924, 0x0924, 
    0x0924, 0x0924, 0x0924, 0x0924, 0x0924, 0x0924, 0x0924, 0x0924, 0x0924, 0x0924, 0x0924, 0x0924, 
    0x0924, 0x0924, 0x0924, 0x0924, 0x0924, 0x0924, 0x0924, 0x0924, 0x0924, 0x0924, 0x0924, 0x0924, 
    0x0924, 0x0924, 0x0924, 0x0924, 0x0924, 0x0924, 0x0924, 0x0924, 0x0924, 0x0924, 0x0924, 0x0924, 
    0x0924, 0x0924, 0x0924, 0x0924, 0x0924, 0x0924, 0x0924, 0x0924, 0x0924, 0x0924, 0x0924, 0x0924, 
    0x0924, 0x0924, 0x0924, 0x0924, 0x0924, 0x0924, 0x0924, 0x0924, 0x0924, 0x0924, 0x0924, 0x0924, 
    0x0924, 0x0924, 0x0924, 0x0924, 0x0924, 0x0924, 0x0924, 0x0924, 0x0924, 0x0924, 0x0924, 0x0924, 
    0x0924, 0x0924, 0x0924, 0x0924, 0x0924, 0x0924, 0x0924, 0x0924, 0x0924, 0x0924, 0x0924, 0x0924, 
    0x0924, 0x0924, 0x0924, 0x0924, 0x0924, 0x0924, 0x0924, 0x0924, 0x0924, 0x0924, 0x0924, 0x0924, 
    0x0924, 0x0924, 0x0924, 0x0924, 0x0924, 0x0924, 0x0924, 0x0924, 0x0924, 0x0924, 0x0924, 0x0924, 
    0x0924, 0x0924, 0x0924, 0x0924, 0x0924, 0x0924, 0x0924, 0x0924, 0x0924, 0x0924, 0x0924, 0x0924, 
    0x0924, 0x0924, 0x0924, 0x0924, 0x0924, 0x0924, 0x0924, 0x0924, 0x0924, 0x0924, 0x0924, 0x0924, 
    0x0924, 0x0924, 0x0924, 0x0924, 0x0924, 0x0924, 0x0924, 0x0924, 0x0924, 0x0924, 0x0924, 0x0924, 
    0x0924, 0x0924, 0x0924, 0x0924, 0x0924, 0x0924, 0x0924, 0x0924, 0x0924, 0x0924, 0x0924, 0x0924, 
    0x0924, 0x0924, 0x0924, 0x0924, 0x0924, 0x0924, 0x0924, 0x0924, 0x0924, 0x0924, 0x0924, 0x0924, 
    0x0924, 0x0924, 0x0924, 0x0924, 0x0924, 0x0924, 0x0924, 0x0924, 0x0924, 0x0924, 0x0924, 0x0924, 
    0x0924, 0x0924, 0x0924, 0x0924, 0x0924, 0x0924, 0x0924, 0x0924, 0x0924, 0x0924, 0x0924, 0x0924, 
    0x0924, 0x0924, 0x0924, 0x0924, 0x0924, 0x0924, 0x0924, 0x0924, 0x0924, 0x0924, 0x0924, 0x0924, 
    0x0924, 0x0924, 0x0924, 0x0924, 0x0924, 0x0924, 0x0924, 0x0924, 0x0924, 0x0924, 0x0924, 0x0924, 
    0x0924, 0x0924, 0x0924, 0x0924, 0x0924, 0x0924, 0x0924, 0x0924, 0x0924, 0x0924, 0x0924, 0x0924, 
    0x0924, 0x0924, 0x0924, 0x0924, 0x0924, 0x0924, 0x0924, 0x0924, 0x0924, 0x0924, 0x0924, 0x0924, 
    0x0924, 0x0924, 0x0924, 0x0924, 0x0924, 0x0924, 0x0924, 0x0924, 0x0924, 0x0924, 0x0924, 0x0924, 
    0x0924, 0x0924, 0x0924, 0x0924, 0x0924, 0x0924, 0x0924, 0x0924, 0x0924, 0x0924, 0x0924, 0x0924, 
    0x0924, 0x0924, 0x0924, 0x0924, 0x0924, 0x0924, 0x0924, 0x0924, 0x0924, 0x0924, 0x0924, 0x0924, 
    0x0924, 0x0924, 0x0924, 0x0924, 0x0924, 0x0924, 0x0924, 0x0924, 0x0924, 0x0924, 0x0924, 0x0924, 
    0x0924, 0x0924, 0x0924, 0x0924, 0x0924, 0x0924, 0x0924, 0x0924, 0x0924, 0x0924, 0x0924, 0x0924, 
    0x0924, 0x0924, 0x0924, 0x0924, 0x0924, 0x0924, 0x0924, 0x0924, 0x0924, 0x0924, 0x0924, 0x0924, 
    0x0924, 0x0924, 0x0924, 0x0924, 0x0924, 0x0924, 0x0924, 0x0924, 0x0924, 0x0924, 0x0924, 0x0924, 
    0x0924, 0x0924, 0x0924, 0x0924, 0x0924, 0x0924, 0x0924, 0x0924, 0x0924, 0x0924, 0x0924, 0x0924, 
    0x0924, 0x0924, 0x0924, 0x0924, 0x0924, 0x0924, 0x0924, 0x0924, 0x0924, 0x0924, 0x0924, 0x0924, 
    0x0924, 0x0924, 0x0924, 0x0924, 0x0924, 0x0924, 0x0924, 0x0924, 0x0924, 0x0924, 0x0924, 0x0924, 
    0x0924, 0x0924, 0x0924, 0x0924, 0x0924, 0x0924, 0x0924, 0x0924, 0x0924, 0x0924, 0x0924, 0x0924, 
    0x0924, 0x0924, 0x0924, 0x0924, 0x0924, 0x0924, 0x0924, 0x0924, 0x0924, 0x0924, 0x0924, 0x0924, 
    0x0924, 0x0924, 0x0924, 0x0924, 0x0924, 0x0924, 0x0924, 0x0924, 0x0924, 0x0924, 0x0924, 0x0924, 
    0x0924, 0x0924, 0x0924, 0x0924, 0x0924, 0x0924, 0x0924, 0x0924, 0x0924, 0x0924, 0x0924, 0x0924, 
    0x0924, 0x0924, 0x0924, 0x0924, 0x0924, 0x0924, 0x0924, 0x0924, 0x0924, 0x0924, 0x0924, 0x0924, 
    0x0924, 0x0924, 0x0924, 0x0924, 0x0924, 0x0924, 0x0924, 0x0924, 0x0924, 0x0924, 0x0924, 0x0924, 
    0x0924, 0x0924, 0x0924, 0x0924, 0x0924, 0x0924, 0x0924, 0x0924, 0x0924, 0x0924, 0x0924, 0x0924, 
    0x0924, 0x0924, 0x0924, 0x0924, 0x0924, 0x0924, 0x0924, 0x0924, 0x0924, 0x0924, 0x0924, 0x0924, 
    0x0924, 0x0924, 0x0924, 0x0924, 0x0924, 0x0924, 0x0924, 0x0924, 0x0924, 0x0924, 0x0924, 0x0924, 
    0x0924, 0x0924, 0x0924, 0x0924, 0x0924, 0x0924, 0x0924, 0x0924, 0x0924, 0x0924, 0x0924, 0x0924, 
    0x0924, 0x0924, 0x0924, 0x0924, 0x0924, 0x0924, 0x0924, 0x0924, 0x0924, 0x0924, 0x0924, 0x0924, 
    0x0924, 0x0924, 0x0924, 0x0924, 0x0924, 0x0924, 0x0924, 0x0924, 0x0924, 0x0924, 0x0924, 0x0924, 
    0x0924, 0x0924, 0x0924, 0x0924, 0x0924, 0x0924, 0x0924, 0x0924, 0x0924, 0x0924, 0x0924, 0x0924, 
    0x0924, 0x0924, 0x0924, 0x0924, 0x0924, 0x0924, 0x0924, 0x0924, 0x0924, 0x0924, 0x0924, 0x0924, 
    0x0924, 0x0924, 0x0924, 0x0924, 0x0924, 0x0924, 0x0924, 0x0924, 0x0924, 0x0924, 0x0924, 0x0924, 
    0x0924, 0x0924, 0x0924, 0x0924, 0x0924, 0x0924, 0x0924, 0x0924, 0x0924, 0x0924, 0x0924, 0x0924, 
    0x0924, 0x0924, 0x0924, 0x0924, 0x0924, 0x0924, 0x0924, 0x0924, 0x0924, 0x0924, 0x0924, 0x0924, 
    0x0924, 0x0924, 0x0924, 0x0924, 0x0924, 0x0924, 0x0924, 0x0924, 0x0924, 0x0924, 0x0924, 0x0924, 
    0x0924, 0x0924, 0x0924, 0x0924, 0x0924, 0x0924, 0x0924, 0x0924, 0x0924, 0x0924, 0x0924, 0x0924, 
    0x0924, 0x0924, 0x0924, 0x0924, 0x0924, 0x0924, 0x0924, 0x0924, 0x0924, 0x0924, 0x0924, 0x0924, 
    0x0924, 0x0924, 0x0924, 0x0924, 0x0924, 0x0924, 0x0924, 0x0924, 0x0924, 0x0924, 0x0924, 0x0924, 
    0x0924, 0x0924, 0x0924, 0x0924, 0x0924, 0x0924, 0x0924, 0x0924, 0x0924, 0x0924, 0x0924, 0x0924, 
    0x0924, 0x0924, 0x0924, 0x0924, 0x0924, 0x0924, 0x0924, 0x0924, 0x0924, 0x0924, 0x0924, 0x0924, 
    0x0924, 0x0924, 0x0924, 0x0924, 0x0924, 0x0924, 0x0924, 0x0924, 0x0924, 0x0924, 0x0924, 0x0924, 
    0x0924, 0x0924, 0x0924, 0x0924, 0x0924, 0x0924, 0x0924, 0x0924, 0x0924, 0x0924, 0x0924, 0x0924, 
    0x0924, 0x0924, 0x0924, 0x0924, 0x0924, 0x0924, 0x0924, 0x0924, 0x0924, 0x0924, 0x0924, 0x0924, 
    0x0924, 0x0924, 0x0924, 0x0924, 0x0924, 0x0924, 0x0924, 0x0924, 0x0924, 0x0924, 0x0924, 0x0924, 
    0x0924, 0x0924, 0x0924, 0x0924, 0x0924, 0x0924, 0x0924, 0x0924, 0x0924, 0x0924, 0x0924, 0x0924, 
    0x0924, 0x0924, 0x0924, 0x0924, 0x0924, 0x0924, 0x0924, 0x0924, 0x0924, 0x0924, 0x0924, 0x0924, 
    0x0924, 0x0924, 0x0924, 0x0924, 0x0924, 0x0924, 0x0924, 0x0924, 0x0924, 0x0924, 0x0924, 0x0924, 
    0x0924, 0x0924, 0x0924, 0x0924, 0x0924, 0x0924, 0x0924, 0x0924, 0x0924, 0x0924, 0x0924, 0x0924, 
    0x0924, 0x0924, 0x0924, 0x0924, 0x0924, 0x0924, 0x0924, 0x0924, 0x0924, 0x0924, 0x0924, 0x0924, 
    0x0924, 0x0924, 0x0924, 0x0924, 0x0924, 0x0924, 0x0924, 0x0924, 0x0924, 0x0924, 0x0924, 0x0924, 
    0x0924, 0x0924, 0x0924, 0x0924, 0x0924, 0x0924, 0x0924, 0x0924, 0x0924, 0x0924, 0x0924, 0x0924, 
    0x0924, 0x0924, 0x0924, 0x0924, 0x0924, 0x0924, 0x0924, 0x0924, 0x0924, 0x0924, 0x0924, 0x0924, 
    0x0924, 0x0924, 0x0924, 0x0924, 0x0924, 0x0924, 0x0924, 0x0924, 0x0924, 0x0924, 0x0924, 0x0924, 
    0x0924, 0x0924, 0x0924, 0x0924, 0x0924, 0x0924, 0x0924, 0x0924, 0x0924, 0x0924, 0x0924, 0x0924, 
    0x0924, 0x0924, 0x0924, 0x0924, 0x0924, 0x0924, 0x0924, 0x0924, 0x0924, 0x0924, 0x0924, 0x0924, 
    0x0924, 0x0924, 0x0924, 0x0924, 0x0924, 0x0924, 0x0924, 0x0924, 0x0924, 0x0924, 0x0924, 0x0924, 
    0x0924, 0x0924, 0x0924, 0x0924, 0x0924, 0x0924, 0x0924, 0x0924, 0x0924, 0x0924, 0x0924, 0x0924, 
    0x0924, 0x0924, 0x0924, 0x0924, 0x0924, 0x0924, 0x0924, 0x0924, 0x0924, 0x0924, 0x0924, 0x0924, 
    0x0924, 0x0924, 0x0924, 0x0924, 0x0924, 0x0924, 0x0924, 0x0924, 0x0924, 0x0924, 0x0924, 0x0924, 
    0x0924, 0x0924, 0x0924, 0x0924, 0x0924, 0x0924, 0x0924, 0x0924, 0x0924, 0x0924, 0x0924, 0x0924, 
    0x0924, 0x0924, 0x0924, 0x0924, 0x0924, 0x0924, 0x0924, 0x0924, 0x0924, 0x0924, 0x0924, 0x0924, 
    0x0924, 0x0924, 0x0924, 0x0924, 0x0924, 0x0924, 0x0924, 0x0924, 0x0924, 0x0924, 0x0924, 0x0924, 
    0x0924, 0x0924, 0x0924, 0x0924, 0x0924, 0x0924, 0x0924, 0x0924, 0x0924, 0x0924, 0x0924, 0x0924, 
    0x0924, 0x0924, 0x0924, 0x0924, 0x0924, 0x0924, 0x0924, 0x0924, 0x0924, 0x0924, 0x0924, 0x0924, 
    0x0924, 0x0924, 0x0924, 0x0924, 0x0924, 0x0924, 0x0924, 0x0924, 0x0924, 0x0924, 0x0924, 0x0924, 
    0x0924, 0x0924, 0x0924, 0x0924, 0x0924, 0x0924, 0x0924, 0x0924, 0x0924, 0x0924, 0x0924, 0x0924, 
    0x0924, 0x0924, 0x0924, 0x0924, 0x0924, 0x0924, 0x0924, 0x0924, 0x0924, 0x0924, 0x0924, 0x0924, 
    0x0924, 0x0924, 0x0924, 0x0924, 0x0924, 0x0924, 0x0924, 0x0924, 0x0924, 0x0924, 0x0924, 0x0924, 
    0x0924, 0x0924, 0x0924, 0x0924, 0x0924, 0x0924, 0x0924, 0x0924, 0x0924, 0x0924, 0x0924, 0x0924, 
    0x0924, 0x0924, 0x0924, 0x0924, 0x0924, 0x0924, 0x0924, 0x0924, 0x0924, 0x0924, 0x0924, 0x0924, 
    0x0924, 0x0924, 0x0924, 0x0924, 0x0924, 0x0924, 0x0924, 0x0924, 0x0924, 0x0924, 0x0924, 0x0924, 
    0x0924, 0x0924, 0x0924, 0x0924, 0x0924, 0x0924, 0x0924, 0x0924, 0x0924, 0x0924, 0x0924, 0x0924, 
    0x0924, 0x0924, 0x0924, 0x0924, 0x0924, 0x0924, 0x0924, 0x0924, 0x0924, 0x0924, 0x0924, 0x0924, 
    0x0924, 0x0924, 0x0924, 0x0924, 0x0924, 0x0924, 0x0924, 0x0924, 0x0924, 0x0924, 0x0924, 0x0924, 
    0x0924, 0x0924, 0x0924, 0x0924, 0x0924, 0x0924, 0x0924, 0x0924, 0x0924, 0x0924, 0x0924, 0x0924, 
    0x0924, 0x0924, 0x0924, 0x0924, 0x0924, 0x0924, 0x0924, 0x0924, 0x0924, 0x0924, 0x0924, 0x0924, 
    0x0924, 0x0924, 0x0924, 0x0924, 0x0924, 0x0924, 0x0924, 0x0924, 0x0924, 0x0924, 0x0924, 0x0924, 
    0x0924, 0x0924, 0x0924, 0x0924, 0x0924, 0x0924, 0x0924, 0x0924, 0x0924, 0x0924, 0x0924, 0x0924, 
    0x0924, 0x0924, 0x0924, 0x0924, 0x0924, 0x0924, 0x0924, 0x0924, 0x0924, 0x0924, 0x0924, 0x0924, 
    0x0924, 0x0924, 0x0924, 0x0924, 0x0924, 0x0924, 0x0924, 0x0924, 0x0924, 0x0924, 0x0924, 0x0924, 
    0x0924, 0x0924, 0x0924, 0x0924, 0x0924, 0x0924, 0x0924, 0x0924, 0x0924, 0x0924, 0x0924, 0x0924, 
    0x0924, 0x0924, 0x0924, 0x0924, 0x0924, 0x0924, 0x0924, 0x0924, 0x0924, 0x0924, 0x0924, 0x0924, 
    0x0924, 0x0924, 0x0924, 0x0924, 0x0924, 0x0924, 0x0924, 0x0924, 0x0924, 0x0924, 0x0924, 0x0924, 
    0x0924, 0x0924, 0x0924, 0x0924, 0x0924, 0x0924, 0x0924, 0x0924, 0x0924, 0x0924, 0x0924, 0x0924, 
    0x0924, 0x0924, 0x0924, 0x0924, 0x0924, 0x0924, 0x0924, 0x0924, 0x0924, 0x0924, 0x0924, 0x0924, 
    0x0924, 0x0924, 0x0924, 0x0924, 0x0924, 0x0924, 0x0924, 0x0924, 0x0924, 0x0924, 0x0924, 0x0924, 
    0x0924, 0x0924, 0x0924, 0x0924, 0x0924, 0x0924, 0x0924, 0x0924, 0x0924, 0x0924, 0x0924, 0x0924, 
    0x0924, 0x0924, 0x0924, 0x0924, 0x0924, 0x0924, 0x0924, 0x0924, 0x0924, 0x0924, 0x0924, 0x0924, 
    0x0924, 0x0924, 0x0924, 0x0924, 0x0924, 0x0924, 0x0924, 0x0924, 0x0924, 0x0924, 0x0924, 0x0924, 
    0x0924, 0x0924, 0x0924, 0x0924, 0x0924, 0x0924, 0x0924, 0x0924, 0x0924, 0x0924, 0x0924, 0x0924, 
    0x0924, 0x0924, 0x0924, 0x0924, 0x0924, 0x0924, 0x0924, 0x0924, 0x0924, 0x0924, 0x0924, 0x0924, 
    0x0924, 0x0924, 0x0924, 0x0924, 0x0924, 0x0924, 0x0924, 0x0924, 0x0924, 0x0924, 0x0924, 0x0924, 
    0x0924, 0x0924, 0x0924, 0x0924, 0x0924, 0x0924, 0x0924, 0x0924, 0x0924, 0x0924, 0x0924, 0x0924, 
    0x0924, 0x0924, 0x0924, 0x0924, 0x0924, 0x0924, 0x0924, 0x0924, 0x0924, 0x0924, 0x0924, 0x0924, 
    0x0924, 0x0924, 0x0924, 0x0924, 0x0924, 0x0924, 0x0924, 0x0924, 0x0924, 0x0924, 0x0924, 0x0924, 
    0x0924, 0x0924, 0x0924, 0x0924, 0x0924, 0x0924, 0x0924, 0x0924, 0x0924, 0x0924, 0x0924, 0x0924, 
    0x0924, 0x0924, 0x0924, 0x0924, 0x0924, 0x0924, 0x0924, 0x0924, 0x0924, 0x0924, 0x0924, 0x0924, 
    0x0924, 0x0924, 0x0924, 0x0924, 0x0924, 0x0924, 0x0924, 0x0924, 0x0924, 0x0924, 0x0924, 0x0924, 
    0x0924, 0x0924, 0x0924, 0x0924, 0x0924, 0x0924, 0x0924, 0x0924, 0x0924, 0x0924, 0x0924, 0x0924, 
    0x0924, 0x0924, 0x0924, 0x0924, 0x0924, 0x0924, 0x0924, 0x0924, 0x0924, 0x0924, 0x0924, 0x0924, 
    0x0924, 0x0924, 0x0924, 0x0924, 0x0924, 0x0924, 0x0924, 0x0924, 0x0924, 0x0924, 0x0924, 0x0924, 
    0x0924, 0x0924, 0x0924, 0x0924, 0x0924, 0x0924, 0x0924, 0x0924, 0x0924, 0x0924, 0x0924, 0x0924, 
    0x0924, 0x0924, 0x0924, 0x0924, 0x0924, 0x0924, 0x0924, 0x0924, 0x0924, 0x0924, 0x0924, 0x0924, 
    0x0924, 0x0924, 0x0924, 0x0924, 0x0924, 0x0924, 0x0924, 0x0924, 0x0924, 0x0924, 0x0924, 0x0924, 
    0x0924, 0x0924, 0x0924, 0x0924, 0x0924, 0x0924, 0x0924, 0x0924, 0x0924, 0x0924, 0x0924, 0x0924, 
    0x0924, 0x0924, 0x0924, 0x0924, 0x0924, 0x0924, 0x0924, 0x0924, 0x0924, 0x0924, 0x0924, 0x0924, 
    0x0924, 0x0924, 0x0924, 0x0924, 0x0924, 0x0924, 0x0924, 0x0924, 0x0924, 0x0924, 0x0924, 0x0924, 
    0x0924, 0x0924, 0x0924, 0x0924, 0x0924, 0x0924, 0x0924, 0x0924, 0x0924, 0x0924, 0x0924, 0x0924, 
    0x0924, 0x0924, 0x0924, 0x0924, 0x0924, 0x0924, 0x0924, 0x0924, 0x0924, 0x0924, 0x0924, 0x0924, 
    0x0924, 0x0924, 0x0924, 0x0924, 0x0924, 0x0924, 0x0924, 0x0924, 0x0924, 0x0924, 0x0924, 0x0924, 
    0x0924, 0x0924, 0x0924, 0x0924, 0x0924, 0x0924, 0x0924, 0x0924, 0x0924, 0x0924, 0x0924, 0x0924, 
    0x0924, 0x0924, 0x0924, 0x0924, 0x0924, 0x0924, 0x0924, 0x0924, 0x0924, 0x0924, 0x0924, 0x0924, 
    0x0924, 0x0924, 0x0924, 0x0924, 0x0924, 0x0924, 0x0924, 0x0924, 0x0924, 0x0924, 0x0924, 0x0924, 
    0x0924, 0x0924, 0x0924, 0x0924, 0x0924, 0x0924, 0x0924, 0x0924, 0x0924, 0x0924, 0x0924, 0x0924, 
    0x0924, 0x0924, 0x0924, 0x0924, 0x0924, 0x0924, 0x0924, 0x0924, 0x0924, 0x0924, 0x0924, 0x0924, 
    0x0924, 0x0924, 0x0924, 0x0924, 0x0924, 0x0924, 0x0924, 0x0924, 0x0924, 0x0924, 0x0924, 0x0924, 
    0x0924, 0x0924, 0x0924, 0x0924, 0x0924, 0x0924, 0x0924, 0x0924, 0x0924, 0x0924, 0x0924, 0x0924, 
    0x0924, 0x0924, 0x0924, 0x0924, 0x0924, 0x0924, 0x0924, 0x0924, 0x0924, 0x0924, 0x0924, 0x0924, 
    0x0924, 0x0924, 0x0924, 0x0924, 0x0924, 0x0924, 0x0924, 0x0924, 0x0924, 0x0924, 0x0924, 0x0924, 
    0x0924, 0x0924, 0x0924, 0x0924, 0x0924, 0x0924, 0x0924, 0x0924, 0x0924, 0x0924, 0x0924, 0x0924, 
    0x0924, 0x0924, 0x0924, 0x0924, 0x0924, 0x0924, 0x0924, 0x0924, 0x0924, 0x0924, 0x0924, 0x0924, 
    0x0924, 0x0924, 0x0924, 0x0924, 0x0924, 0x0924, 0x0924, 0x0924, 0x0924, 0x0924, 0x0924, 0x0924, 
    0x0924, 0x0924, 0x0924, 0x0924, 0x0924, 0x0924, 0x0924, 0x0924, 0x0924, 0x0924, 0x0924, 0x0924, 
    0x0924, 0x0924, 0x0924, 0x0924, 0x0924, 0x0924, 0x0924, 0x0924, 0x0924, 0x0924, 0x0924, 0x0924, 
    0x0924, 0x0924, 0x0924, 0x0924, 0x0924, 0x0924, 0x0924, 0x0924, 0x0924, 0x0924, 0x0924, 0x0924, 
    0x0924, 0x0924, 0x0924, 0x0924, 0x0924, 0x0924, 0x0924, 0x0924, 0x0924, 0x0924, 0x0924, 0x0924, 
    0x0924, 0x0924, 0x0924, 0x0924, 0x0924, 0x0924, 0x0924, 0x0924, 0x0924, 0x0924, 0x0924, 0x0924, 
    0x0924, 0x0924, 0x0924, 0x0924, 0x0924, 0x0924, 0x0924, 0x0924, 0x0924, 0x0924, 0x0924, 0x0924, 
    0x0924, 0x0924, 0x0924, 0x0924, 0x0924, 0x0924, 0x0924, 0x0924, 0x0924, 0x0924, 0x0924, 0x0924, 
    0x0924, 0x0924, 0x0924, 0x0924, 0x0924, 0x0924, 0x0924, 0x0924, 0x0924, 0x0924, 0x0924, 0x0924, 
    0x0924, 0x0924, 0x0924, 0x0924, 0x0924, 0x0924, 0x0924, 0x0924, 0x0924, 0x0924, 0x0924, 0x0924, 
    0x0924, 0x0924, 0x0924, 0x0924, 0x0924, 0x0924, 0x0924, 0x0924, 0x0924, 0x0924, 0x0924, 0x0924, 
    0x0924, 0x0924, 0x0924, 0x0924, 0x0924, 0x0924, 0x0924, 0x0924, 0x0924, 0x0924, 0x0924, 0x0924, 
    0x0924, 0x0924, 0x0924, 0x0924, 0x0924, 0x0924, 0x0924, 0x0924, 0x0924, 0x0924, 0x0924, 0x0924, 
    0x0924, 0x0924, 0x0924, 0x0924, 0x0924, 0x0924, 0x0924, 0x0924, 0x0924, 0x0924, 0x0924, 0x0924, 
    0x0924, 0x0924, 0x0924, 0x0924, 0x0924, 0x0924, 0x0924, 0x0924, 0x0924, 0x0924, 0x0924, 0x0924, 
    0x0924, 0x0924, 0x0924, 0x0924, 0x0924, 0x0924, 0x0924, 0x0924, 0x0924, 0x0924, 0x0924, 0x0924, 
    0x0924, 0x0924, 0x0924, 0x0924, 0x0924, 0x0924, 0x0924, 0x0924, 0x0924, 0x0924, 0x0924, 0x0924, 
    0x0924, 0x0924, 0x0924, 0x0924, 0x0924, 0x0924, 0x0924, 0x0924, 0x0924, 0x0924, 0x0924, 0x0924, 
    0x0924, 0x0924, 0x0924, 0x0924, 0x0924, 0x0924, 0x0924, 0x0924, 0x0924, 0x0924, 0x0924, 0x0924, 
    0x0924, 0x0924, 0x0924, 0x0924, 0x0924, 0x0924, 0x0924, 0x0924, 0x0924, 0x0924, 0x0924, 0x0924, 
    0x0924, 0x0924, 0x0924, 0x0924, 0x0924, 0x0924, 0x0924, 0x0924, 0x0924, 0x0924, 0x0924, 0x0924, 
    0x0924, 0x0924, 0x0924, 0x0924, 0x0924, 0x0924, 0x0924, 0x0924, 0x0924, 0x0924, 0x0924, 0x0924, 
    0x0924, 0x0924, 0x0924, 0x0924, 0x0924, 0x0924, 0x0924, 0x0924, 0x0924, 0x0924, 0x0924, 0x0924, 
    0x0924, 0x0924, 0x0924, 0x0924, 0x0924, 0x0924, 0x0924, 0x0924, 0x0924, 0x0924, 0x0924, 0x0924, 
    0x0924, 0x0924, 0x0924, 0x0924, 0x0924, 0x0924, 0x0924, 0x0924, 0x0924, 0x0924, 0x0924, 0x0924, 
    0x0924, 0x0924, 0x0924, 0x0924, 0x0924, 0x0924, 0x0924, 0x0924, 0x0924, 0x0924, 0x0924, 0x0924, 
    0x0924, 0x0924, 0x0924, 0x0924, 0x0924, 0x0924, 0x0924, 0x0924, 0x0924, 0x0924, 0x0924, 0x0924, 
    0x0924, 0x0924, 0x0924, 0x0924, 0x0924, 0x0924, 0x0924, 0x0924, 0x0924, 0x0924, 0x0924, 0x0924, 
    0x0924, 0x0924, 0x0924, 0x0924, 0x0924, 0x0924, 0x0924, 0x0924, 0x0924, 0x0924, 0x0924, 0x0924, 
    0x0924, 0x0924, 0x0924, 0x0924, 0x0924, 0x0924, 0x0924, 0x0924, 0x0924, 0x0924, 0x0924, 0x0924, 
    0x0924, 0x0924, 0x0924, 0x0924, 0x0924, 0x0924, 0x0924, 0x0924, 0x0924, 0x0924, 0x0924, 0x0924, 
    0x0924, 0x0924, 0x0924, 0x0924, 0x0924, 0x0924, 0x0924, 0x0924, 0x0924, 0x0924, 0x0924, 0x0924, 
    0x0924, 0x0924, 0x0924, 0x0924, 0x0924, 0x0924, 0x0924, 0x0924, 0x0924, 0x0924, 0x0924, 0x0924, 
    0x0924, 0x0924, 0x0924, 0x0924, 0x0924, 0x0924, 0x0924, 0x0924, 0x0924, 0x0924, 0x0924, 0x0924, 
    0x0924, 0x0924, 0x0924, 0x0924, 0x0924, 0x0924, 0x0924, 0x0924, 0x0924, 0x0924, 0x0924, 0x0924, 
    0x0924, 0x0924, 0x0924, 0x0924, 0x0924, 0x0924, 0x0924, 0x0924, 0x0924, 0x0924, 0x0924, 0x0924, 
    0x0924, 0x0924, 0x0924, 0x0924, 0x0924, 0x0924, 0x0924, 0x0924, 0x0924, 0x0924, 0x0924, 0x0924, 
    0x0924, 0x0924, 0x0924, 0x0924, 0x0924, 0x0924, 0x0924, 0x0924, 0x0924, 0x0924, 0x0924, 0x0924, 
    0x0924, 0x0924, 0x0924, 0x0924, 0x0924, 0x0924, 0x0924, 0x0924, 0x0924, 0x0924, 0x0924, 0x0924, 
    0x0924, 0x0924, 0x0924, 0x0924, 0x0924, 0x0924, 0x0924, 0x0924, 0x0924, 0x0924, 0x0924, 0x0924, 
    0x0924, 0x0924, 0x0924, 0x0924, 0x0924, 0x0924, 0x0924, 0x0924, 0x0924, 0x0924, 0x0924, 0x0924, 
    0x0924, 0x0924, 0x0924, 0x0924, 0x0924, 0x0924, 0x0924, 0x0924, 0x0924, 0x0924, 0x0924, 0x0924, 
    0x0924, 0x0924, 0x0924, 0x0924, 0x0924, 0x0924, 0x0924, 0x0924, 0x0924, 0x0924, 0x0924, 0x0924, 
    0x0924, 0x0924, 0x0924, 0x0924, 0x0924, 0x0924, 0x0924, 0x0924, 0x0924, 0x0924, 0x0924, 0x0924, 
    0x0924, 0x0924, 0x0924, 0x0924, 0x0924, 0x0924, 0x0924, 0x0924, 0x0924, 0x0924, 0x0924, 0x0924, 
    0x0924, 0x0924, 0x0924, 0x0924, 0x0924, 0x0924, 0x0924, 0x0924, 0x0924, 0x0924, 0x0924, 0x0924, 
    0x0924, 0x0924, 0x0924, 0x0924, 0x0924, 0x0924, 0x0924, 0x0924, 0x0924, 0x0924, 0x0924, 0x0924, 
    0x0924, 0x0924, 0x0924, 0x0924, 0x0924, 0x0924, 0x0924, 0x0924, 0x0924, 0x0924, 0x0924, 0x0924, 
    0x0924, 0x0924, 0x0924, 0x0924, 0x0924, 0x0924, 0x0924, 0x0924, 0x0924, 0x0924, 0x0924, 0x0924, 
    0x0924, 0x0924, 0x0924, 0x0924, 0x0924, 0x0924, 0x0924, 0x0924, 0x0924, 0x0924, 0x0924, 0x0924, 
    0x0924, 0x0924, 0x0924, 0x0924, 0x0924, 0x0924, 0x0924, 0x0924, 0x0924, 0x0924, 0x0924, 0x0924, 
    0x0924, 0x0924, 0x0924, 0x0924, 0x0924, 0x0924, 0x0924, 0x0924, 0x0924, 0x0924, 0x0924, 0x0924, 
    0x0924, 0x0924, 0x0924, 0x0924, 0x0924, 0x0924, 0x0924, 0x0924, 0x0924, 0x0924, 0x0924, 0x0924, 
    0x0924, 0x0924, 0x0924, 0x0924, 0x0924, 0x0924, 0x0924, 0x0924, 0x0924, 0x0924, 0x0924, 0x0924, 
    0x0924, 0x0924, 0x0924, 0x0924, 0x0924, 0x0924, 0x0924, 0x0924, 0x0924, 0x0924, 0x0924, 0x0924, 
    0x0924, 0x0924, 0x0924, 0x0924, 0x0924, 0x0924, 0x0924, 0x0924, 0x0924, 0x0924, 0x0924, 0x0924, 
    0x0924, 0x0924, 0x0924, 0x0924, 0x0924, 0x0924, 0x0924, 0x0924, 0x0924, 0x0924, 0x0924, 0x0924, 
    0x0924, 0x0924, 0x0924, 0x0924, 0x0924, 0x0924, 0x0924, 0x0924, 0x0924, 0x0924, 0x0924, 0x0924, 
    0x0924, 0x0924, 0x0924, 0x0924, 0x0924, 0x0924, 0x0924, 0x0924, 0x0924, 0x0924, 0x0924, 0x0924, 
    0x0924, 0x0924, 0x0924, 0x0924, 0x0924, 0x0924, 0x0924, 0x0924, 0x0924, 0x0924, 0x0924, 0x0924, 
    0x0924, 0x0924, 0x0924, 0x0924, 0x0924, 0x0924, 0x0924, 0x0924, 0x0924, 0x0924, 0x0924, 0x0924, 
    0x0924, 0x0924, 0x0924, 0x0924, 0x0924, 0x0924, 0x0924, 0x0924, 0x0924, 0x0924, 0x0924, 0x0924, 
    0x0924, 0x0924, 0x0924, 0x0924, 0x0924, 0x0924, 0x0924, 0x0924, 0x0924, 0x0924, 0x0924, 0x0924, 
    
  }
};
